-- phpMyAdmin SQL Dump
-- version 5.2.0
-- https://www.phpmyadmin.net/
--
-- Host: 127.0.0.1
-- Waktu pembuatan: 30 Nov 2022 pada 08.20
-- Versi server: 10.4.25-MariaDB
-- Versi PHP: 8.0.23

SET SQL_MODE = "NO_AUTO_VALUE_ON_ZERO";
START TRANSACTION;
SET time_zone = "+00:00";


/*!40101 SET @OLD_CHARACTER_SET_CLIENT=@@CHARACTER_SET_CLIENT */;
/*!40101 SET @OLD_CHARACTER_SET_RESULTS=@@CHARACTER_SET_RESULTS */;
/*!40101 SET @OLD_COLLATION_CONNECTION=@@COLLATION_CONNECTION */;
/*!40101 SET NAMES utf8mb4 */;

--
-- Database: `penjualan`
--

-- --------------------------------------------------------

--
-- Struktur dari tabel `ci_sessions`
--

CREATE TABLE `ci_sessions` (
  `id` varchar(128) NOT NULL,
  `ip_address` varchar(45) NOT NULL,
  `timestamp` int(10) UNSIGNED NOT NULL DEFAULT 0,
  `data` blob NOT NULL
) ENGINE=InnoDB DEFAULT CHARSET=utf8mb4;

--
-- Dumping data untuk tabel `ci_sessions`
--

INSERT INTO `ci_sessions` (`id`, `ip_address`, `timestamp`, `data`) VALUES
('t8qb3g397md593sjedh5h50113fg2qpi', '127.0.0.1', 1661419969, 0x5f5f63695f6c6173745f726567656e65726174657c693a313636313431393936393b7265646972656374696f6e7c4e3b7374617475737c733a303a22223b5f5f63695f766172737c613a313a7b733a363a22737461747573223b733a333a226f6c64223b7d70726f66696c657c733a303a22223b),
('j5422sr4p2de0ao5k2m3lmfbc693b09n', '127.0.0.1', 1661419668, 0x5f5f63695f6c6173745f726567656e65726174657c693a313636313431393636383b),
('9pn9dhgqslkhfol8tj5ou01ci6326eif', '127.0.0.1', 1661419675, 0x5f5f63695f6c6173745f726567656e65726174657c693a313636313431393637353b),
('2o9grekerbiu7v1no27tq64iuj87rgad', '127.0.0.1', 1661420353, 0x5f5f63695f6c6173745f726567656e65726174657c693a313636313432303335333b7265646972656374696f6e7c4e3b70726f66696c657c733a303a22223b),
('vpve85g52vlc2jihvi5oaccv7jfn03v8', '127.0.0.1', 1661421492, 0x5f5f63695f6c6173745f726567656e65726174657c693a313636313432313439323b7265646972656374696f6e7c4e3b70726f66696c657c733a303a22223b),
('9blp0pgjc9vqdoptkm5oohi7796u7jjj', '127.0.0.1', 1661421929, 0x5f5f63695f6c6173745f726567656e65726174657c693a313636313432313932393b7265646972656374696f6e7c4e3b70726f66696c657c733a303a22223b737563636573737c733a32333a2253696c61686b616e2063656b20656d61696c20616e6461223b5f5f63695f766172737c613a313a7b733a373a2273756363657373223b733a333a226f6c64223b7d),
('0k9hjm04i5o7g31t1teetl78g7cqonvi', '127.0.0.1', 1661422262, 0x5f5f63695f6c6173745f726567656e65726174657c693a313636313432323236323b7265646972656374696f6e7c4e3b70726f66696c657c733a303a22223b6572726f727c733a32313a22456d61696c20746964616b20746572646166746172223b5f5f63695f766172737c613a313a7b733a353a226572726f72223b733a333a226f6c64223b7d),
('2t0krdbr0il58ibrtqv8ute1p21ef013', '127.0.0.1', 1661422681, 0x5f5f63695f6c6173745f726567656e65726174657c693a313636313432323638313b7265646972656374696f6e7c4e3b70726f66696c657c733a303a22223b6c6f67696e5f666c6173687c733a303a22223b5f5f63695f766172737c613a313a7b733a31313a226c6f67696e5f666c617368223b733a333a226f6c64223b7d),
('itnr1po1df2ve6s60tr7ai83u9emjvf2', '127.0.0.1', 1661423363, 0x5f5f63695f6c6173745f726567656e65726174657c693a313636313432333336333b7265646972656374696f6e7c4e3b5f5f4143544956455f53455353494f4e5f444154417c733a3235363a226162346630323335623764363433306432663262623436323638356661336531646662623735616534386135336235306435643162643131326233343763363435373065353362353561343231666633363366356161373937626335633334343561306163313337613062393263393233646537333836323538613965343733754b2b4f37686c415a47464a4b38726a6379534c324867502b484d654b594631543031762f736464346142584d576f394e7441316d542f70677a704e5643737433534d37375653787750784c3741322b75596d693963377439376f484c767a304a2f5a4e6e486e74565469335333494d716f4233765138567962656d47434773223b),
('1ughfv5eqgh9c47gjit9ed24b6lbror0', '127.0.0.1', 1661423666, 0x5f5f63695f6c6173745f726567656e65726174657c693a313636313432333636363b7265646972656374696f6e7c4e3b5f5f4143544956455f53455353494f4e5f444154417c733a3235363a223939353566616262643138646634613133373762353731346635336362313230663739346536633937666632663137376662626234383031346562646330313764363866633839336334656533663639303837626234633337353230336166303930643637323034383865373838323231353735613431393139353036333831644e6963494d6a576979563474464a715278537563484c6f514b42546d3350684a557a4d4e64354b643559684751725a6b4954614e45563670504142314e69633631357a614341674d4d5973365035375373417468346e644636384e476f73634e5338515a62306a4f35397a6845475967567370736b396c666e4a776d464b58223b),
('1tln5f9ec6vdac9g1s6d6e2080r0ciam', '127.0.0.1', 1661423968, 0x5f5f63695f6c6173745f726567656e65726174657c693a313636313432333936383b7265646972656374696f6e7c4e3b5f5f4143544956455f53455353494f4e5f444154417c733a3235363a223939353566616262643138646634613133373762353731346635336362313230663739346536633937666632663137376662626234383031346562646330313764363866633839336334656533663639303837626234633337353230336166303930643637323034383865373838323231353735613431393139353036333831644e6963494d6a576979563474464a715278537563484c6f514b42546d3350684a557a4d4e64354b643559684751725a6b4954614e45563670504142314e69633631357a614341674d4d5973365035375373417468346e644636384e476f73634e5338515a62306a4f35397a6845475967567370736b396c666e4a776d464b58223b),
('08mefovtqj9u14rhv8ob7e9ombn4fbuh', '127.0.0.1', 1661424826, 0x5f5f63695f6c6173745f726567656e65726174657c693a313636313432343832363b7265646972656374696f6e7c4e3b5f5f4143544956455f53455353494f4e5f444154417c733a3235363a223939353566616262643138646634613133373762353731346635336362313230663739346536633937666632663137376662626234383031346562646330313764363866633839336334656533663639303837626234633337353230336166303930643637323034383865373838323231353735613431393139353036333831644e6963494d6a576979563474464a715278537563484c6f514b42546d3350684a557a4d4e64354b643559684751725a6b4954614e45563670504142314e69633631357a614341674d4d5973365035375373417468346e644636384e476f73634e5338515a62306a4f35397a6845475967567370736b396c666e4a776d464b58223b),
('v6pcs29dm54u2fji0gjhpf4s4pubmrhr', '127.0.0.1', 1661425402, 0x5f5f63695f6c6173745f726567656e65726174657c693a313636313432353430323b7265646972656374696f6e7c4e3b5f5f4143544956455f53455353494f4e5f444154417c733a3235363a223939353566616262643138646634613133373762353731346635336362313230663739346536633937666632663137376662626234383031346562646330313764363866633839336334656533663639303837626234633337353230336166303930643637323034383865373838323231353735613431393139353036333831644e6963494d6a576979563474464a715278537563484c6f514b42546d3350684a557a4d4e64354b643559684751725a6b4954614e45563670504142314e69633631357a614341674d4d5973365035375373417468346e644636384e476f73634e5338515a62306a4f35397a6845475967567370736b396c666e4a776d464b58223b),
('fprrg8l00agev90qn742no2tv9j7sk0u', '127.0.0.1', 1661426177, 0x5f5f63695f6c6173745f726567656e65726174657c693a313636313432363137373b7265646972656374696f6e7c4e3b5f5f4143544956455f53455353494f4e5f444154417c733a3235363a223939353566616262643138646634613133373762353731346635336362313230663739346536633937666632663137376662626234383031346562646330313764363866633839336334656533663639303837626234633337353230336166303930643637323034383865373838323231353735613431393139353036333831644e6963494d6a576979563474464a715278537563484c6f514b42546d3350684a557a4d4e64354b643559684751725a6b4954614e45563670504142314e69633631357a614341674d4d5973365035375373417468346e644636384e476f73634e5338515a62306a4f35397a6845475967567370736b396c666e4a776d464b58223b),
('qh80pthomia4v0llvf2fn7t7q9k2q5gu', '127.0.0.1', 1661426623, 0x5f5f63695f6c6173745f726567656e65726174657c693a313636313432363632333b7265646972656374696f6e7c4e3b5f5f4143544956455f53455353494f4e5f444154417c733a3235363a223939353566616262643138646634613133373762353731346635336362313230663739346536633937666632663137376662626234383031346562646330313764363866633839336334656533663639303837626234633337353230336166303930643637323034383865373838323231353735613431393139353036333831644e6963494d6a576979563474464a715278537563484c6f514b42546d3350684a557a4d4e64354b643559684751725a6b4954614e45563670504142314e69633631357a614341674d4d5973365035375373417468346e644636384e476f73634e5338515a62306a4f35397a6845475967567370736b396c666e4a776d464b58223b),
('6t3t0316rq5ob9ck4smu9te3p08p06jd', '127.0.0.1', 1661427388, 0x5f5f63695f6c6173745f726567656e65726174657c693a313636313432373338383b7265646972656374696f6e7c4e3b5f5f4143544956455f53455353494f4e5f444154417c733a3235363a223939353566616262643138646634613133373762353731346635336362313230663739346536633937666632663137376662626234383031346562646330313764363866633839336334656533663639303837626234633337353230336166303930643637323034383865373838323231353735613431393139353036333831644e6963494d6a576979563474464a715278537563484c6f514b42546d3350684a557a4d4e64354b643559684751725a6b4954614e45563670504142314e69633631357a614341674d4d5973365035375373417468346e644636384e476f73634e5338515a62306a4f35397a6845475967567370736b396c666e4a776d464b58223b),
('3v2sa4ru2q6bdr2hr4l2geq43uagg22h', '127.0.0.1', 1661428211, 0x5f5f63695f6c6173745f726567656e65726174657c693a313636313432383231313b7265646972656374696f6e7c4e3b5f5f4143544956455f53455353494f4e5f444154417c733a3235363a223939353566616262643138646634613133373762353731346635336362313230663739346536633937666632663137376662626234383031346562646330313764363866633839336334656533663639303837626234633337353230336166303930643637323034383865373838323231353735613431393139353036333831644e6963494d6a576979563474464a715278537563484c6f514b42546d3350684a557a4d4e64354b643559684751725a6b4954614e45563670504142314e69633631357a614341674d4d5973365035375373417468346e644636384e476f73634e5338515a62306a4f35397a6845475967567370736b396c666e4a776d464b58223b),
('4vl2iuk7lbv8n46vd2avclqljbb8ohrl', '127.0.0.1', 1661428692, 0x5f5f63695f6c6173745f726567656e65726174657c693a313636313432383639323b7265646972656374696f6e7c4e3b5f5f4143544956455f53455353494f4e5f444154417c733a3235363a223939353566616262643138646634613133373762353731346635336362313230663739346536633937666632663137376662626234383031346562646330313764363866633839336334656533663639303837626234633337353230336166303930643637323034383865373838323231353735613431393139353036333831644e6963494d6a576979563474464a715278537563484c6f514b42546d3350684a557a4d4e64354b643559684751725a6b4954614e45563670504142314e69633631357a614341674d4d5973365035375373417468346e644636384e476f73634e5338515a62306a4f35397a6845475967567370736b396c666e4a776d464b58223b636172745f636f6e74656e74737c613a353a7b733a31303a22636172745f746f74616c223b643a38313030303b733a31313a22746f74616c5f6974656d73223b643a333b733a33323a226236643736376432663865643564323161343462306535383836363830636239223b613a363a7b733a323a226964223b733a323a223232223b733a333a22717479223b643a313b733a353a227072696365223b643a32383030303b733a343a226e616d65223b733a31373a22434150434159205341555320544952414d223b733a353a22726f776964223b733a33323a226236643736376432663865643564323161343462306535383836363830636239223b733a383a22737562746f74616c223b643a32383030303b7d733a33323a223938663133373038323130313934633437353638376265363130366133623834223b613a363a7b733a323a226964223b733a323a223230223b733a333a22717479223b643a313b733a353a227072696365223b643a31383030303b733a343a226e616d65223b733a31343a2254554d4953204b414e474b554e47223b733a353a22726f776964223b733a33323a223938663133373038323130313934633437353638376265363130366133623834223b733a383a22737562746f74616c223b643a31383030303b7d733a33323a223363353964633034386538383530323433626538303739613563373464303739223b613a363a7b733a323a226964223b733a323a223231223b733a333a22717479223b643a313b733a353a227072696365223b643a33353030303b733a343a226e616d65223b733a32343a22424157414c2042414b41522042554d4255204b554e494e47223b733a353a22726f776964223b733a33323a223363353964633034386538383530323433626538303739613563373464303739223b733a383a22737562746f74616c223b643a33353030303b7d7d),
('kqiu5mudd2u0bcj7svaakfc74ukhopm5', '127.0.0.1', 1661429083, 0x5f5f63695f6c6173745f726567656e65726174657c693a313636313432393038333b7265646972656374696f6e7c4e3b5f5f4143544956455f53455353494f4e5f444154417c733a3235363a223939353566616262643138646634613133373762353731346635336362313230663739346536633937666632663137376662626234383031346562646330313764363866633839336334656533663639303837626234633337353230336166303930643637323034383865373838323231353735613431393139353036333831644e6963494d6a576979563474464a715278537563484c6f514b42546d3350684a557a4d4e64354b643559684751725a6b4954614e45563670504142314e69633631357a614341674d4d5973365035375373417468346e644636384e476f73634e5338515a62306a4f35397a6845475967567370736b396c666e4a776d464b58223b636172745f636f6e74656e74737c613a353a7b733a31303a22636172745f746f74616c223b643a38313030303b733a31313a22746f74616c5f6974656d73223b643a333b733a33323a226236643736376432663865643564323161343462306535383836363830636239223b613a363a7b733a323a226964223b733a323a223232223b733a333a22717479223b643a313b733a353a227072696365223b643a32383030303b733a343a226e616d65223b733a31373a22434150434159205341555320544952414d223b733a353a22726f776964223b733a33323a226236643736376432663865643564323161343462306535383836363830636239223b733a383a22737562746f74616c223b643a32383030303b7d733a33323a223938663133373038323130313934633437353638376265363130366133623834223b613a363a7b733a323a226964223b733a323a223230223b733a333a22717479223b643a313b733a353a227072696365223b643a31383030303b733a343a226e616d65223b733a31343a2254554d4953204b414e474b554e47223b733a353a22726f776964223b733a33323a223938663133373038323130313934633437353638376265363130366133623834223b733a383a22737562746f74616c223b643a31383030303b7d733a33323a223363353964633034386538383530323433626538303739613563373464303739223b613a363a7b733a323a226964223b733a323a223231223b733a333a22717479223b643a313b733a353a227072696365223b643a33353030303b733a343a226e616d65223b733a32343a22424157414c2042414b41522042554d4255204b554e494e47223b733a353a22726f776964223b733a33323a223363353964633034386538383530323433626538303739613563373464303739223b733a383a22737562746f74616c223b643a33353030303b7d7d),
('5jnhrmkst5pg3o96gpikol1g4bqlbs4l', '127.0.0.1', 1661430540, 0x5f5f63695f6c6173745f726567656e65726174657c693a313636313433303534303b7265646972656374696f6e7c4e3b5f5f4143544956455f53455353494f4e5f444154417c733a3235363a223939353566616262643138646634613133373762353731346635336362313230663739346536633937666632663137376662626234383031346562646330313764363866633839336334656533663639303837626234633337353230336166303930643637323034383865373838323231353735613431393139353036333831644e6963494d6a576979563474464a715278537563484c6f514b42546d3350684a557a4d4e64354b643559684751725a6b4954614e45563670504142314e69633631357a614341674d4d5973365035375373417468346e644636384e476f73634e5338515a62306a4f35397a6845475967567370736b396c666e4a776d464b58223b636172745f636f6e74656e74737c613a353a7b733a31303a22636172745f746f74616c223b643a38313030303b733a31313a22746f74616c5f6974656d73223b643a333b733a33323a226236643736376432663865643564323161343462306535383836363830636239223b613a363a7b733a323a226964223b733a323a223232223b733a333a22717479223b643a313b733a353a227072696365223b643a32383030303b733a343a226e616d65223b733a31373a22434150434159205341555320544952414d223b733a353a22726f776964223b733a33323a226236643736376432663865643564323161343462306535383836363830636239223b733a383a22737562746f74616c223b643a32383030303b7d733a33323a223938663133373038323130313934633437353638376265363130366133623834223b613a363a7b733a323a226964223b733a323a223230223b733a333a22717479223b643a313b733a353a227072696365223b643a31383030303b733a343a226e616d65223b733a31343a2254554d4953204b414e474b554e47223b733a353a22726f776964223b733a33323a223938663133373038323130313934633437353638376265363130366133623834223b733a383a22737562746f74616c223b643a31383030303b7d733a33323a223363353964633034386538383530323433626538303739613563373464303739223b613a363a7b733a323a226964223b733a323a223231223b733a333a22717479223b643a313b733a353a227072696365223b643a33353030303b733a343a226e616d65223b733a32343a22424157414c2042414b41522042554d4255204b554e494e47223b733a353a22726f776964223b733a33323a223363353964633034386538383530323433626538303739613563373464303739223b733a383a22737562746f74616c223b643a33353030303b7d7d6f726465725f7175616e746974797c613a333a7b693a32323b613a333a7b733a333a22717479223b643a313b733a353a227072696365223b643a32383030303b733a343a226e616d65223b733a31373a22434150434159205341555320544952414d223b7d693a32303b613a333a7b733a333a22717479223b643a313b733a353a227072696365223b643a31383030303b733a343a226e616d65223b733a31343a2254554d4953204b414e474b554e47223b7d693a32313b613a333a7b733a333a22717479223b643a313b733a353a227072696365223b643a33353030303b733a343a226e616d65223b733a32343a22424157414c2042414b41522042554d4255204b554e494e47223b7d7d746f74616c5f70726963657c643a39353030303b),
('e1ovbvevuv6k37ip8nt71v84nhj6i0m5', '127.0.0.1', 1661431423, 0x5f5f63695f6c6173745f726567656e65726174657c693a313636313433313432333b7265646972656374696f6e7c4e3b5f5f4143544956455f53455353494f4e5f444154417c733a3235363a223939353566616262643138646634613133373762353731346635336362313230663739346536633937666632663137376662626234383031346562646330313764363866633839336334656533663639303837626234633337353230336166303930643637323034383865373838323231353735613431393139353036333831644e6963494d6a576979563474464a715278537563484c6f514b42546d3350684a557a4d4e64354b643559684751725a6b4954614e45563670504142314e69633631357a614341674d4d5973365035375373417468346e644636384e476f73634e5338515a62306a4f35397a6845475967567370736b396c666e4a776d464b58223b636172745f636f6e74656e74737c613a333a7b733a31303a22636172745f746f74616c223b643a32383030303b733a31313a22746f74616c5f6974656d73223b643a313b733a33323a226236643736376432663865643564323161343462306535383836363830636239223b613a363a7b733a323a226964223b733a323a223232223b733a333a22717479223b643a313b733a353a227072696365223b643a32383030303b733a343a226e616d65223b733a31373a22434150434159205341555320544952414d223b733a353a22726f776964223b733a33323a226236643736376432663865643564323161343462306535383836363830636239223b733a383a22737562746f74616c223b643a32383030303b7d7d6f726465725f7175616e746974797c613a313a7b693a32323b613a333a7b733a333a22717479223b643a313b733a353a227072696365223b643a32383030303b733a343a226e616d65223b733a31373a22434150434159205341555320544952414d223b7d7d746f74616c5f70726963657c643a34323030303b),
('vc0amvdlpk2go5d7ojrnmrrfmsqgkt95', '127.0.0.1', 1661431729, 0x5f5f63695f6c6173745f726567656e65726174657c693a313636313433313732393b7265646972656374696f6e7c4e3b5f5f4143544956455f53455353494f4e5f444154417c733a3235363a223939353566616262643138646634613133373762353731346635336362313230663739346536633937666632663137376662626234383031346562646330313764363866633839336334656533663639303837626234633337353230336166303930643637323034383865373838323231353735613431393139353036333831644e6963494d6a576979563474464a715278537563484c6f514b42546d3350684a557a4d4e64354b643559684751725a6b4954614e45563670504142314e69633631357a614341674d4d5973365035375373417468346e644636384e476f73634e5338515a62306a4f35397a6845475967567370736b396c666e4a776d464b58223b636172745f636f6e74656e74737c613a333a7b733a31303a22636172745f746f74616c223b643a32383030303b733a31313a22746f74616c5f6974656d73223b643a313b733a33323a226236643736376432663865643564323161343462306535383836363830636239223b613a363a7b733a323a226964223b733a323a223232223b733a333a22717479223b643a313b733a353a227072696365223b643a32383030303b733a343a226e616d65223b733a31373a22434150434159205341555320544952414d223b733a353a22726f776964223b733a33323a226236643736376432663865643564323161343462306535383836363830636239223b733a383a22737562746f74616c223b643a32383030303b7d7d6f726465725f7175616e746974797c613a313a7b693a32323b613a333a7b733a333a22717479223b643a313b733a353a227072696365223b643a32383030303b733a343a226e616d65223b733a31373a22434150434159205341555320544952414d223b7d7d746f74616c5f70726963657c643a34323030303b),
('5mkedqf4u5i3log9fdert01hrr2in6t0', '127.0.0.1', 1661432169, 0x5f5f63695f6c6173745f726567656e65726174657c693a313636313433323136393b7265646972656374696f6e7c4e3b5f5f4143544956455f53455353494f4e5f444154417c733a3235363a223939353566616262643138646634613133373762353731346635336362313230663739346536633937666632663137376662626234383031346562646330313764363866633839336334656533663639303837626234633337353230336166303930643637323034383865373838323231353735613431393139353036333831644e6963494d6a576979563474464a715278537563484c6f514b42546d3350684a557a4d4e64354b643559684751725a6b4954614e45563670504142314e69633631357a614341674d4d5973365035375373417468346e644636384e476f73634e5338515a62306a4f35397a6845475967567370736b396c666e4a776d464b58223b636172745f636f6e74656e74737c613a333a7b733a31303a22636172745f746f74616c223b643a32383030303b733a31313a22746f74616c5f6974656d73223b643a313b733a33323a226236643736376432663865643564323161343462306535383836363830636239223b613a363a7b733a323a226964223b733a323a223232223b733a333a22717479223b643a313b733a353a227072696365223b643a32383030303b733a343a226e616d65223b733a31373a22434150434159205341555320544952414d223b733a353a22726f776964223b733a33323a226236643736376432663865643564323161343462306535383836363830636239223b733a383a22737562746f74616c223b643a32383030303b7d7d6f726465725f7175616e746974797c613a313a7b693a32323b613a333a7b733a333a22717479223b643a313b733a353a227072696365223b643a32383030303b733a343a226e616d65223b733a31373a22434150434159205341555320544952414d223b7d7d746f74616c5f70726963657c643a34323030303b),
('5bisvlf58ehptfdteuj0be3v0hipsjjb', '127.0.0.1', 1661432508, 0x5f5f63695f6c6173745f726567656e65726174657c693a313636313433323530383b7265646972656374696f6e7c4e3b5f5f4143544956455f53455353494f4e5f444154417c733a3235363a223939353566616262643138646634613133373762353731346635336362313230663739346536633937666632663137376662626234383031346562646330313764363866633839336334656533663639303837626234633337353230336166303930643637323034383865373838323231353735613431393139353036333831644e6963494d6a576979563474464a715278537563484c6f514b42546d3350684a557a4d4e64354b643559684751725a6b4954614e45563670504142314e69633631357a614341674d4d5973365035375373417468346e644636384e476f73634e5338515a62306a4f35397a6845475967567370736b396c666e4a776d464b58223b636172745f636f6e74656e74737c613a333a7b733a31303a22636172745f746f74616c223b643a32383030303b733a31313a22746f74616c5f6974656d73223b643a313b733a33323a226236643736376432663865643564323161343462306535383836363830636239223b613a363a7b733a323a226964223b733a323a223232223b733a333a22717479223b643a313b733a353a227072696365223b643a32383030303b733a343a226e616d65223b733a31373a22434150434159205341555320544952414d223b733a353a22726f776964223b733a33323a226236643736376432663865643564323161343462306535383836363830636239223b733a383a22737562746f74616c223b643a32383030303b7d7d6f726465725f7175616e746974797c613a313a7b693a32323b613a333a7b733a333a22717479223b643a313b733a353a227072696365223b643a32383030303b733a343a226e616d65223b733a31373a22434150434159205341555320544952414d223b7d7d746f74616c5f70726963657c643a34323030303b),
('q2md8mgn6nmfb0m44gvanju1ggafs45i', '127.0.0.1', 1661432969, 0x5f5f63695f6c6173745f726567656e65726174657c693a313636313433323936393b7265646972656374696f6e7c4e3b5f5f4143544956455f53455353494f4e5f444154417c733a3235363a223939353566616262643138646634613133373762353731346635336362313230663739346536633937666632663137376662626234383031346562646330313764363866633839336334656533663639303837626234633337353230336166303930643637323034383865373838323231353735613431393139353036333831644e6963494d6a576979563474464a715278537563484c6f514b42546d3350684a557a4d4e64354b643559684751725a6b4954614e45563670504142314e69633631357a614341674d4d5973365035375373417468346e644636384e476f73634e5338515a62306a4f35397a6845475967567370736b396c666e4a776d464b58223b636172745f636f6e74656e74737c613a333a7b733a31303a22636172745f746f74616c223b643a32383030303b733a31313a22746f74616c5f6974656d73223b643a313b733a33323a226236643736376432663865643564323161343462306535383836363830636239223b613a363a7b733a323a226964223b733a323a223232223b733a333a22717479223b643a313b733a353a227072696365223b643a32383030303b733a343a226e616d65223b733a31373a22434150434159205341555320544952414d223b733a353a22726f776964223b733a33323a226236643736376432663865643564323161343462306535383836363830636239223b733a383a22737562746f74616c223b643a32383030303b7d7d6f726465725f7175616e746974797c613a313a7b693a32323b613a333a7b733a333a22717479223b643a313b733a353a227072696365223b643a32383030303b733a343a226e616d65223b733a31373a22434150434159205341555320544952414d223b7d7d746f74616c5f70726963657c643a34323030303b),
('fpvg1mg0rjnipvgn4e51lsi7fbn57sib', '127.0.0.1', 1661433290, 0x5f5f63695f6c6173745f726567656e65726174657c693a313636313433333239303b7265646972656374696f6e7c4e3b5f5f4143544956455f53455353494f4e5f444154417c733a3235363a223939353566616262643138646634613133373762353731346635336362313230663739346536633937666632663137376662626234383031346562646330313764363866633839336334656533663639303837626234633337353230336166303930643637323034383865373838323231353735613431393139353036333831644e6963494d6a576979563474464a715278537563484c6f514b42546d3350684a557a4d4e64354b643559684751725a6b4954614e45563670504142314e69633631357a614341674d4d5973365035375373417468346e644636384e476f73634e5338515a62306a4f35397a6845475967567370736b396c666e4a776d464b58223b636172745f636f6e74656e74737c613a333a7b733a31303a22636172745f746f74616c223b643a32383030303b733a31313a22746f74616c5f6974656d73223b643a313b733a33323a226236643736376432663865643564323161343462306535383836363830636239223b613a363a7b733a323a226964223b733a323a223232223b733a333a22717479223b643a313b733a353a227072696365223b643a32383030303b733a343a226e616d65223b733a31373a22434150434159205341555320544952414d223b733a353a22726f776964223b733a33323a226236643736376432663865643564323161343462306535383836363830636239223b733a383a22737562746f74616c223b643a32383030303b7d7d6f726465725f7175616e746974797c613a313a7b693a32323b613a333a7b733a333a22717479223b643a313b733a353a227072696365223b643a32383030303b733a343a226e616d65223b733a31373a22434150434159205341555320544952414d223b7d7d746f74616c5f70726963657c643a34323030303b),
('kq8to6cgbv8toefeok5da1mtnpls5ur2', '127.0.0.1', 1661434444, 0x5f5f63695f6c6173745f726567656e65726174657c693a313636313433343434343b7265646972656374696f6e7c4e3b636172745f636f6e74656e74737c613a333a7b733a31303a22636172745f746f74616c223b643a32383030303b733a31313a22746f74616c5f6974656d73223b643a313b733a33323a226236643736376432663865643564323161343462306535383836363830636239223b613a363a7b733a323a226964223b733a323a223232223b733a333a22717479223b643a313b733a353a227072696365223b643a32383030303b733a343a226e616d65223b733a31373a22434150434159205341555320544952414d223b733a353a22726f776964223b733a33323a226236643736376432663865643564323161343462306535383836363830636239223b733a383a22737562746f74616c223b643a32383030303b7d7d6f726465725f7175616e746974797c613a313a7b693a32323b613a333a7b733a333a22717479223b643a313b733a353a227072696365223b643a32383030303b733a343a226e616d65223b733a31373a22434150434159205341555320544952414d223b7d7d746f74616c5f70726963657c643a34323030303b6c6f67696e5f666c6173687c733a303a22223b5f5f63695f766172737c613a313a7b733a31313a226c6f67696e5f666c617368223b733a333a226f6c64223b7d),
('fq8eo2ig66voulf5o4cji9ffhjgl45n2', '127.0.0.1', 1661437271, 0x5f5f63695f6c6173745f726567656e65726174657c693a313636313433373237313b7265646972656374696f6e7c4e3b636172745f636f6e74656e74737c613a333a7b733a31303a22636172745f746f74616c223b643a32383030303b733a31313a22746f74616c5f6974656d73223b643a313b733a33323a226236643736376432663865643564323161343462306535383836363830636239223b613a363a7b733a323a226964223b733a323a223232223b733a333a22717479223b643a313b733a353a227072696365223b643a32383030303b733a343a226e616d65223b733a31373a22434150434159205341555320544952414d223b733a353a22726f776964223b733a33323a226236643736376432663865643564323161343462306535383836363830636239223b733a383a22737562746f74616c223b643a32383030303b7d7d6f726465725f7175616e746974797c613a313a7b693a32323b613a333a7b733a333a22717479223b643a313b733a353a227072696365223b643a32383030303b733a343a226e616d65223b733a31373a22434150434159205341555320544952414d223b7d7d746f74616c5f70726963657c643a34323030303b5f5f4143544956455f53455353494f4e5f444154417c733a3235363a223832656239336231613566376264623566383032336264623036393535633034396531333866373662396237363264316264323961623261376335373039653763383036343561373036363232373633376431313138386530636638646433353064623136323464326132336239386139613336363339633465636564323562434b466c6150512b65417a6b4f37434c44544f506f777654384d734b34526b3452443948544e584e564e4c4369636b4e37774767396e686667656d6c4d456b383837656e664a68556568666e2b63384850653066726a75544870394d74576c5543573661497944414e7462304b70427773474d33564d47345956777467764c6a223b),
('f4vf8dbdcs8bpm7gjfm0d1rh73mqtdbo', '127.0.0.1', 1661438008, 0x5f5f63695f6c6173745f726567656e65726174657c693a313636313433383030383b7265646972656374696f6e7c4e3b636172745f636f6e74656e74737c613a333a7b733a31303a22636172745f746f74616c223b643a32383030303b733a31313a22746f74616c5f6974656d73223b643a313b733a33323a226236643736376432663865643564323161343462306535383836363830636239223b613a363a7b733a323a226964223b733a323a223232223b733a333a22717479223b643a313b733a353a227072696365223b643a32383030303b733a343a226e616d65223b733a31373a22434150434159205341555320544952414d223b733a353a22726f776964223b733a33323a226236643736376432663865643564323161343462306535383836363830636239223b733a383a22737562746f74616c223b643a32383030303b7d7d6f726465725f7175616e746974797c613a313a7b693a32323b613a333a7b733a333a22717479223b643a313b733a353a227072696365223b643a32383030303b733a343a226e616d65223b733a31373a22434150434159205341555320544952414d223b7d7d746f74616c5f70726963657c643a34323030303b5f5f4143544956455f53455353494f4e5f444154417c733a3235363a223832656239336231613566376264623566383032336264623036393535633034396531333866373662396237363264316264323961623261376335373039653763383036343561373036363232373633376431313138386530636638646433353064623136323464326132336239386139613336363339633465636564323562434b466c6150512b65417a6b4f37434c44544f506f777654384d734b34526b3452443948544e584e564e4c4369636b4e37774767396e686667656d6c4d456b383837656e664a68556568666e2b63384850653066726a75544870394d74576c5543573661497944414e7462304b70427773474d33564d47345956777467764c6a223b),
('aa062gpbvqslej78qnjoe8p2jjfjj2hg', '127.0.0.1', 1661438437, 0x5f5f63695f6c6173745f726567656e65726174657c693a313636313433383433373b7265646972656374696f6e7c4e3b636172745f636f6e74656e74737c613a333a7b733a31303a22636172745f746f74616c223b643a32383030303b733a31313a22746f74616c5f6974656d73223b643a313b733a33323a226236643736376432663865643564323161343462306535383836363830636239223b613a363a7b733a323a226964223b733a323a223232223b733a333a22717479223b643a313b733a353a227072696365223b643a32383030303b733a343a226e616d65223b733a31373a22434150434159205341555320544952414d223b733a353a22726f776964223b733a33323a226236643736376432663865643564323161343462306535383836363830636239223b733a383a22737562746f74616c223b643a32383030303b7d7d6f726465725f7175616e746974797c613a313a7b693a32323b613a333a7b733a333a22717479223b643a313b733a353a227072696365223b643a32383030303b733a343a226e616d65223b733a31373a22434150434159205341555320544952414d223b7d7d746f74616c5f70726963657c643a34323030303b5f5f4143544956455f53455353494f4e5f444154417c733a3235363a223832656239336231613566376264623566383032336264623036393535633034396531333866373662396237363264316264323961623261376335373039653763383036343561373036363232373633376431313138386530636638646433353064623136323464326132336239386139613336363339633465636564323562434b466c6150512b65417a6b4f37434c44544f506f777654384d734b34526b3452443948544e584e564e4c4369636b4e37774767396e686667656d6c4d456b383837656e664a68556568666e2b63384850653066726a75544870394d74576c5543573661497944414e7462304b70427773474d33564d47345956777467764c6a223b),
('7hogi24h8fbglpih2285oihb2lgnpkjk', '127.0.0.1', 1661438885, 0x5f5f63695f6c6173745f726567656e65726174657c693a313636313433383838353b7265646972656374696f6e7c4e3b636172745f636f6e74656e74737c613a333a7b733a31303a22636172745f746f74616c223b643a32383030303b733a31313a22746f74616c5f6974656d73223b643a313b733a33323a226236643736376432663865643564323161343462306535383836363830636239223b613a363a7b733a323a226964223b733a323a223232223b733a333a22717479223b643a313b733a353a227072696365223b643a32383030303b733a343a226e616d65223b733a31373a22434150434159205341555320544952414d223b733a353a22726f776964223b733a33323a226236643736376432663865643564323161343462306535383836363830636239223b733a383a22737562746f74616c223b643a32383030303b7d7d6f726465725f7175616e746974797c613a313a7b693a32323b613a333a7b733a333a22717479223b643a313b733a353a227072696365223b643a32383030303b733a343a226e616d65223b733a31373a22434150434159205341555320544952414d223b7d7d746f74616c5f70726963657c643a34323030303b5f5f4143544956455f53455353494f4e5f444154417c733a3235363a223832656239336231613566376264623566383032336264623036393535633034396531333866373662396237363264316264323961623261376335373039653763383036343561373036363232373633376431313138386530636638646433353064623136323464326132336239386139613336363339633465636564323562434b466c6150512b65417a6b4f37434c44544f506f777654384d734b34526b3452443948544e584e564e4c4369636b4e37774767396e686667656d6c4d456b383837656e664a68556568666e2b63384850653066726a75544870394d74576c5543573661497944414e7462304b70427773474d33564d47345956777467764c6a223b),
('qianj7b9mpo2fm61r4erodgbkmcf2coh', '127.0.0.1', 1661439188, 0x5f5f63695f6c6173745f726567656e65726174657c693a313636313433393138383b7265646972656374696f6e7c4e3b636172745f636f6e74656e74737c613a333a7b733a31303a22636172745f746f74616c223b643a32383030303b733a31313a22746f74616c5f6974656d73223b643a313b733a33323a226236643736376432663865643564323161343462306535383836363830636239223b613a363a7b733a323a226964223b733a323a223232223b733a333a22717479223b643a313b733a353a227072696365223b643a32383030303b733a343a226e616d65223b733a31373a22434150434159205341555320544952414d223b733a353a22726f776964223b733a33323a226236643736376432663865643564323161343462306535383836363830636239223b733a383a22737562746f74616c223b643a32383030303b7d7d6f726465725f7175616e746974797c613a313a7b693a32323b613a333a7b733a333a22717479223b643a313b733a353a227072696365223b643a32383030303b733a343a226e616d65223b733a31373a22434150434159205341555320544952414d223b7d7d746f74616c5f70726963657c643a34323030303b5f5f4143544956455f53455353494f4e5f444154417c733a3235363a223832656239336231613566376264623566383032336264623036393535633034396531333866373662396237363264316264323961623261376335373039653763383036343561373036363232373633376431313138386530636638646433353064623136323464326132336239386139613336363339633465636564323562434b466c6150512b65417a6b4f37434c44544f506f777654384d734b34526b3452443948544e584e564e4c4369636b4e37774767396e686667656d6c4d456b383837656e664a68556568666e2b63384850653066726a75544870394d74576c5543573661497944414e7462304b70427773474d33564d47345956777467764c6a223b6164645f6e65775f70726f647563745f666c6173687c733a33333a2250726f64756b206261727520626572686173696c20646974616d6261686b616e21223b5f5f63695f766172737c613a313a7b733a32313a226164645f6e65775f70726f647563745f666c617368223b733a333a226f6c64223b7d),
('1leg34lo93266etfrkjjaosgcqbai5fh', '127.0.0.1', 1661440575, 0x5f5f63695f6c6173745f726567656e65726174657c693a313636313434303537353b7265646972656374696f6e7c4e3b636172745f636f6e74656e74737c613a333a7b733a31303a22636172745f746f74616c223b643a32383030303b733a31313a22746f74616c5f6974656d73223b643a313b733a33323a226236643736376432663865643564323161343462306535383836363830636239223b613a363a7b733a323a226964223b733a323a223232223b733a333a22717479223b643a313b733a353a227072696365223b643a32383030303b733a343a226e616d65223b733a31373a22434150434159205341555320544952414d223b733a353a22726f776964223b733a33323a226236643736376432663865643564323161343462306535383836363830636239223b733a383a22737562746f74616c223b643a32383030303b7d7d6f726465725f7175616e746974797c613a313a7b693a32323b613a333a7b733a333a22717479223b643a313b733a353a227072696365223b643a32383030303b733a343a226e616d65223b733a31373a22434150434159205341555320544952414d223b7d7d746f74616c5f70726963657c643a34323030303b5f5f4143544956455f53455353494f4e5f444154417c733a3235363a223832656239336231613566376264623566383032336264623036393535633034396531333866373662396237363264316264323961623261376335373039653763383036343561373036363232373633376431313138386530636638646433353064623136323464326132336239386139613336363339633465636564323562434b466c6150512b65417a6b4f37434c44544f506f777654384d734b34526b3452443948544e584e564e4c4369636b4e37774767396e686667656d6c4d456b383837656e664a68556568666e2b63384850653066726a75544870394d74576c5543573661497944414e7462304b70427773474d33564d47345956777467764c6a223b),
('od0qdspl1ihnkco21gq9tnamvencv5r1', '127.0.0.1', 1661442417, 0x5f5f63695f6c6173745f726567656e65726174657c693a313636313434323431373b7265646972656374696f6e7c4e3b636172745f636f6e74656e74737c613a333a7b733a31303a22636172745f746f74616c223b643a32383030303b733a31313a22746f74616c5f6974656d73223b643a313b733a33323a226236643736376432663865643564323161343462306535383836363830636239223b613a363a7b733a323a226964223b733a323a223232223b733a333a22717479223b643a313b733a353a227072696365223b643a32383030303b733a343a226e616d65223b733a31373a22434150434159205341555320544952414d223b733a353a22726f776964223b733a33323a226236643736376432663865643564323161343462306535383836363830636239223b733a383a22737562746f74616c223b643a32383030303b7d7d6f726465725f7175616e746974797c613a313a7b693a32323b613a333a7b733a333a22717479223b643a313b733a353a227072696365223b643a32383030303b733a343a226e616d65223b733a31373a22434150434159205341555320544952414d223b7d7d746f74616c5f70726963657c643a34323030303b5f5f4143544956455f53455353494f4e5f444154417c733a3235363a223832656239336231613566376264623566383032336264623036393535633034396531333866373662396237363264316264323961623261376335373039653763383036343561373036363232373633376431313138386530636638646433353064623136323464326132336239386139613336363339633465636564323562434b466c6150512b65417a6b4f37434c44544f506f777654384d734b34526b3452443948544e584e564e4c4369636b4e37774767396e686667656d6c4d456b383837656e664a68556568666e2b63384850653066726a75544870394d74576c5543573661497944414e7462304b70427773474d33564d47345956777467764c6a223b),
('tre1e8mc3pgl88hb8dl88s2mgjb956ul', '127.0.0.1', 1661443344, 0x5f5f63695f6c6173745f726567656e65726174657c693a313636313434333334343b7265646972656374696f6e7c4e3b636172745f636f6e74656e74737c613a333a7b733a31303a22636172745f746f74616c223b643a32383030303b733a31313a22746f74616c5f6974656d73223b643a313b733a33323a226236643736376432663865643564323161343462306535383836363830636239223b613a363a7b733a323a226964223b733a323a223232223b733a333a22717479223b643a313b733a353a227072696365223b643a32383030303b733a343a226e616d65223b733a31373a22434150434159205341555320544952414d223b733a353a22726f776964223b733a33323a226236643736376432663865643564323161343462306535383836363830636239223b733a383a22737562746f74616c223b643a32383030303b7d7d6f726465725f7175616e746974797c613a313a7b693a32323b613a333a7b733a333a22717479223b643a313b733a353a227072696365223b643a32383030303b733a343a226e616d65223b733a31373a22434150434159205341555320544952414d223b7d7d746f74616c5f70726963657c643a34323030303b5f5f4143544956455f53455353494f4e5f444154417c733a3235363a223832656239336231613566376264623566383032336264623036393535633034396531333866373662396237363264316264323961623261376335373039653763383036343561373036363232373633376431313138386530636638646433353064623136323464326132336239386139613336363339633465636564323562434b466c6150512b65417a6b4f37434c44544f506f777654384d734b34526b3452443948544e584e564e4c4369636b4e37774767396e686667656d6c4d456b383837656e664a68556568666e2b63384850653066726a75544870394d74576c5543573661497944414e7462304b70427773474d33564d47345956777467764c6a223b),
('3vig8b5hpreo5svr4gvoo2426thqmidk', '127.0.0.1', 1661444290, 0x5f5f63695f6c6173745f726567656e65726174657c693a313636313434343239303b7265646972656374696f6e7c4e3b636172745f636f6e74656e74737c613a333a7b733a31303a22636172745f746f74616c223b643a32383030303b733a31313a22746f74616c5f6974656d73223b643a313b733a33323a226236643736376432663865643564323161343462306535383836363830636239223b613a363a7b733a323a226964223b733a323a223232223b733a333a22717479223b643a313b733a353a227072696365223b643a32383030303b733a343a226e616d65223b733a31373a22434150434159205341555320544952414d223b733a353a22726f776964223b733a33323a226236643736376432663865643564323161343462306535383836363830636239223b733a383a22737562746f74616c223b643a32383030303b7d7d6f726465725f7175616e746974797c613a313a7b693a32323b613a333a7b733a333a22717479223b643a313b733a353a227072696365223b643a32383030303b733a343a226e616d65223b733a31373a22434150434159205341555320544952414d223b7d7d746f74616c5f70726963657c643a34323030303b5f5f4143544956455f53455353494f4e5f444154417c733a3235363a223832656239336231613566376264623566383032336264623036393535633034396531333866373662396237363264316264323961623261376335373039653763383036343561373036363232373633376431313138386530636638646433353064623136323464326132336239386139613336363339633465636564323562434b466c6150512b65417a6b4f37434c44544f506f777654384d734b34526b3452443948544e584e564e4c4369636b4e37774767396e686667656d6c4d456b383837656e664a68556568666e2b63384850653066726a75544870394d74576c5543573661497944414e7462304b70427773474d33564d47345956777467764c6a223b),
('du9jnvqoqekpkepbs8dhsemaf3imjbv7', '127.0.0.1', 1661444824, 0x5f5f63695f6c6173745f726567656e65726174657c693a313636313434343832343b7265646972656374696f6e7c4e3b636172745f636f6e74656e74737c613a333a7b733a31303a22636172745f746f74616c223b643a32383030303b733a31313a22746f74616c5f6974656d73223b643a313b733a33323a226236643736376432663865643564323161343462306535383836363830636239223b613a363a7b733a323a226964223b733a323a223232223b733a333a22717479223b643a313b733a353a227072696365223b643a32383030303b733a343a226e616d65223b733a31373a22434150434159205341555320544952414d223b733a353a22726f776964223b733a33323a226236643736376432663865643564323161343462306535383836363830636239223b733a383a22737562746f74616c223b643a32383030303b7d7d6f726465725f7175616e746974797c613a313a7b693a32323b613a333a7b733a333a22717479223b643a313b733a353a227072696365223b643a32383030303b733a343a226e616d65223b733a31373a22434150434159205341555320544952414d223b7d7d746f74616c5f70726963657c643a34323030303b5f5f4143544956455f53455353494f4e5f444154417c733a3235363a223832656239336231613566376264623566383032336264623036393535633034396531333866373662396237363264316264323961623261376335373039653763383036343561373036363232373633376431313138386530636638646433353064623136323464326132336239386139613336363339633465636564323562434b466c6150512b65417a6b4f37434c44544f506f777654384d734b34526b3452443948544e584e564e4c4369636b4e37774767396e686667656d6c4d456b383837656e664a68556568666e2b63384850653066726a75544870394d74576c5543573661497944414e7462304b70427773474d33564d47345956777467764c6a223b),
('gsvu760n4csh6jmb90a5n8erboesucq8', '127.0.0.1', 1661445218, 0x5f5f63695f6c6173745f726567656e65726174657c693a313636313434353231383b7265646972656374696f6e7c4e3b636172745f636f6e74656e74737c613a333a7b733a31303a22636172745f746f74616c223b643a32383030303b733a31313a22746f74616c5f6974656d73223b643a313b733a33323a226236643736376432663865643564323161343462306535383836363830636239223b613a363a7b733a323a226964223b733a323a223232223b733a333a22717479223b643a313b733a353a227072696365223b643a32383030303b733a343a226e616d65223b733a31373a22434150434159205341555320544952414d223b733a353a22726f776964223b733a33323a226236643736376432663865643564323161343462306535383836363830636239223b733a383a22737562746f74616c223b643a32383030303b7d7d6f726465725f7175616e746974797c613a313a7b693a32323b613a333a7b733a333a22717479223b643a313b733a353a227072696365223b643a32383030303b733a343a226e616d65223b733a31373a22434150434159205341555320544952414d223b7d7d746f74616c5f70726963657c643a34323030303b5f5f4143544956455f53455353494f4e5f444154417c733a3235363a223832656239336231613566376264623566383032336264623036393535633034396531333866373662396237363264316264323961623261376335373039653763383036343561373036363232373633376431313138386530636638646433353064623136323464326132336239386139613336363339633465636564323562434b466c6150512b65417a6b4f37434c44544f506f777654384d734b34526b3452443948544e584e564e4c4369636b4e37774767396e686667656d6c4d456b383837656e664a68556568666e2b63384850653066726a75544870394d74576c5543573661497944414e7462304b70427773474d33564d47345956777467764c6a223b),
('441mof99ph2ojdlgnee8bi8514nri58m', '127.0.0.1', 1661445617, 0x5f5f63695f6c6173745f726567656e65726174657c693a313636313434353631373b7265646972656374696f6e7c4e3b636172745f636f6e74656e74737c613a333a7b733a31303a22636172745f746f74616c223b643a32383030303b733a31313a22746f74616c5f6974656d73223b643a313b733a33323a226236643736376432663865643564323161343462306535383836363830636239223b613a363a7b733a323a226964223b733a323a223232223b733a333a22717479223b643a313b733a353a227072696365223b643a32383030303b733a343a226e616d65223b733a31373a22434150434159205341555320544952414d223b733a353a22726f776964223b733a33323a226236643736376432663865643564323161343462306535383836363830636239223b733a383a22737562746f74616c223b643a32383030303b7d7d6f726465725f7175616e746974797c613a313a7b693a32323b613a333a7b733a333a22717479223b643a313b733a353a227072696365223b643a32383030303b733a343a226e616d65223b733a31373a22434150434159205341555320544952414d223b7d7d746f74616c5f70726963657c643a34323030303b5f5f4143544956455f53455353494f4e5f444154417c733a3235363a223832656239336231613566376264623566383032336264623036393535633034396531333866373662396237363264316264323961623261376335373039653763383036343561373036363232373633376431313138386530636638646433353064623136323464326132336239386139613336363339633465636564323562434b466c6150512b65417a6b4f37434c44544f506f777654384d734b34526b3452443948544e584e564e4c4369636b4e37774767396e686667656d6c4d456b383837656e664a68556568666e2b63384850653066726a75544870394d74576c5543573661497944414e7462304b70427773474d33564d47345956777467764c6a223b6f726465725f666c6173687c733a32363a2253746174757320626572686173696c2064697065726261727569223b5f5f63695f766172737c613a313a7b733a31313a226f726465725f666c617368223b733a333a226f6c64223b7d),
('pfqk4vg3v9m673kpqmim16t3km7h0e86', '127.0.0.1', 1661447351, 0x5f5f63695f6c6173745f726567656e65726174657c693a313636313434373335313b7265646972656374696f6e7c4e3b636172745f636f6e74656e74737c613a333a7b733a31303a22636172745f746f74616c223b643a32383030303b733a31313a22746f74616c5f6974656d73223b643a313b733a33323a226236643736376432663865643564323161343462306535383836363830636239223b613a363a7b733a323a226964223b733a323a223232223b733a333a22717479223b643a313b733a353a227072696365223b643a32383030303b733a343a226e616d65223b733a31373a22434150434159205341555320544952414d223b733a353a22726f776964223b733a33323a226236643736376432663865643564323161343462306535383836363830636239223b733a383a22737562746f74616c223b643a32383030303b7d7d6f726465725f7175616e746974797c613a313a7b693a32323b613a333a7b733a333a22717479223b643a313b733a353a227072696365223b643a32383030303b733a343a226e616d65223b733a31373a22434150434159205341555320544952414d223b7d7d746f74616c5f70726963657c643a34323030303b5f5f4143544956455f53455353494f4e5f444154417c733a3235363a223832656239336231613566376264623566383032336264623036393535633034396531333866373662396237363264316264323961623261376335373039653763383036343561373036363232373633376431313138386530636638646433353064623136323464326132336239386139613336363339633465636564323562434b466c6150512b65417a6b4f37434c44544f506f777654384d734b34526b3452443948544e584e564e4c4369636b4e37774767396e686667656d6c4d456b383837656e664a68556568666e2b63384850653066726a75544870394d74576c5543573661497944414e7462304b70427773474d33564d47345956777467764c6a223b),
('cqd3qvrdu227ldnu07e8e619eqct2bjj', '::1', 1661447762, 0x5f5f63695f6c6173745f726567656e65726174657c693a313636313434373736323b7265646972656374696f6e7c4e3b5f5f4143544956455f53455353494f4e5f444154417c733a3235363a223936633434346466383436616361393930373661383266653536633665383661306638643835363339653232636438313561656534663466343465393833393937376239343637343761313139653833656266333363616461373239663532613063366466336537303233393662353235396230353230633738353933353965713133677242504d716b6c64794a6e687436536b4271744e41554e6a4d4c374d2f536a4438544374642f34726b48744f50584d686c34476859506c50424d6e6e4e4c6c4562326e717976664c726b5142534f4b496d64727a77314673767a7a5262444d506232615249514d7a48316b676d773765754e5a57716e476c76453776223b),
('mg0emvrh6rd5nr9jii9gkoccepmfjoma', '127.0.0.1', 1661447664, 0x5f5f63695f6c6173745f726567656e65726174657c693a313636313434373636343b7265646972656374696f6e7c4e3b636172745f636f6e74656e74737c613a333a7b733a31303a22636172745f746f74616c223b643a32383030303b733a31313a22746f74616c5f6974656d73223b643a313b733a33323a226236643736376432663865643564323161343462306535383836363830636239223b613a363a7b733a323a226964223b733a323a223232223b733a333a22717479223b643a313b733a353a227072696365223b643a32383030303b733a343a226e616d65223b733a31373a22434150434159205341555320544952414d223b733a353a22726f776964223b733a33323a226236643736376432663865643564323161343462306535383836363830636239223b733a383a22737562746f74616c223b643a32383030303b7d7d6f726465725f7175616e746974797c613a313a7b693a32323b613a333a7b733a333a22717479223b643a313b733a353a227072696365223b643a32383030303b733a343a226e616d65223b733a31373a22434150434159205341555320544952414d223b7d7d746f74616c5f70726963657c643a34323030303b5f5f4143544956455f53455353494f4e5f444154417c733a3235363a223832656239336231613566376264623566383032336264623036393535633034396531333866373662396237363264316264323961623261376335373039653763383036343561373036363232373633376431313138386530636638646433353064623136323464326132336239386139613336363339633465636564323562434b466c6150512b65417a6b4f37434c44544f506f777654384d734b34526b3452443948544e584e564e4c4369636b4e37774767396e686667656d6c4d456b383837656e664a68556568666e2b63384850653066726a75544870394d74576c5543573661497944414e7462304b70427773474d33564d47345956777467764c6a223b);
INSERT INTO `ci_sessions` (`id`, `ip_address`, `timestamp`, `data`) VALUES
('v43lem1jhb9fg8dpjpfglgker6a0df3r', '127.0.0.1', 1661448470, 0x5f5f63695f6c6173745f726567656e65726174657c693a313636313434383437303b7265646972656374696f6e7c4e3b636172745f636f6e74656e74737c613a333a7b733a31303a22636172745f746f74616c223b643a32383030303b733a31313a22746f74616c5f6974656d73223b643a313b733a33323a226236643736376432663865643564323161343462306535383836363830636239223b613a363a7b733a323a226964223b733a323a223232223b733a333a22717479223b643a313b733a353a227072696365223b643a32383030303b733a343a226e616d65223b733a31373a22434150434159205341555320544952414d223b733a353a22726f776964223b733a33323a226236643736376432663865643564323161343462306535383836363830636239223b733a383a22737562746f74616c223b643a32383030303b7d7d6f726465725f7175616e746974797c613a313a7b693a32323b613a333a7b733a333a22717479223b643a313b733a353a227072696365223b643a32383030303b733a343a226e616d65223b733a31373a22434150434159205341555320544952414d223b7d7d746f74616c5f70726963657c643a34323030303b5f5f4143544956455f53455353494f4e5f444154417c733a3235363a223832656239336231613566376264623566383032336264623036393535633034396531333866373662396237363264316264323961623261376335373039653763383036343561373036363232373633376431313138386530636638646433353064623136323464326132336239386139613336363339633465636564323562434b466c6150512b65417a6b4f37434c44544f506f777654384d734b34526b3452443948544e584e564e4c4369636b4e37774767396e686667656d6c4d456b383837656e664a68556568666e2b63384850653066726a75544870394d74576c5543573661497944414e7462304b70427773474d33564d47345956777467764c6a223b),
('nqm08armu7it40nh1u9v8jsmr164n3cn', '::1', 1661448477, 0x5f5f63695f6c6173745f726567656e65726174657c693a313636313434383437373b7265646972656374696f6e7c4e3b70726f66696c657c733a303a22223b5f5f4143544956455f53455353494f4e5f444154417c733a3235363a2266666164383033653435303632303539376466383362306263336639653530633132316434363338376262623232346261333434663263313063623162323564313762353139373862353831613166663766663135373364613833626165383433323833366365326336646230376266323033613434303330663566333435347575456c375234326e55753853316978424a77514a6c614546326535536a5941626f6f755362444a686f3066754151753876684e6d7252756d4e6b327a5641553852415051467257626659394f477a746a56663368784749357356566e653750655a6e777942596738595562694f3179336e58506b553638524a446a474a5864223b),
('ofugi254ndm2t6o7v5dlg2r0uidadbvl', '127.0.0.1', 1661449454, 0x5f5f63695f6c6173745f726567656e65726174657c693a313636313434393435343b7265646972656374696f6e7c4e3b636172745f636f6e74656e74737c613a333a7b733a31303a22636172745f746f74616c223b643a32383030303b733a31313a22746f74616c5f6974656d73223b643a313b733a33323a226236643736376432663865643564323161343462306535383836363830636239223b613a363a7b733a323a226964223b733a323a223232223b733a333a22717479223b643a313b733a353a227072696365223b643a32383030303b733a343a226e616d65223b733a31373a22434150434159205341555320544952414d223b733a353a22726f776964223b733a33323a226236643736376432663865643564323161343462306535383836363830636239223b733a383a22737562746f74616c223b643a32383030303b7d7d6f726465725f7175616e746974797c613a313a7b693a32323b613a333a7b733a333a22717479223b643a313b733a353a227072696365223b643a32383030303b733a343a226e616d65223b733a31373a22434150434159205341555320544952414d223b7d7d746f74616c5f70726963657c643a34323030303b5f5f4143544956455f53455353494f4e5f444154417c733a3235363a223832656239336231613566376264623566383032336264623036393535633034396531333866373662396237363264316264323961623261376335373039653763383036343561373036363232373633376431313138386530636638646433353064623136323464326132336239386139613336363339633465636564323562434b466c6150512b65417a6b4f37434c44544f506f777654384d734b34526b3452443948544e584e564e4c4369636b4e37774767396e686667656d6c4d456b383837656e664a68556568666e2b63384850653066726a75544870394d74576c5543573661497944414e7462304b70427773474d33564d47345956777467764c6a223b),
('9fr51g51mt8svthh6o0301ilk7qm9d6q', '::1', 1661448486, 0x5f5f63695f6c6173745f726567656e65726174657c693a313636313434383437373b7265646972656374696f6e7c733a34343a226148523063446f764c327876593246736147397a6443396964576c755a5730765933567a644739745a58493d223b70726f66696c657c733a303a22223b5f5f4143544956455f53455353494f4e5f444154417c733a3235363a2266666164383033653435303632303539376466383362306263336639653530633132316434363338376262623232346261333434663263313063623162323564313762353139373862353831613166663766663135373364613833626165383433323833366365326336646230376266323033613434303330663566333435347575456c375234326e55753853316978424a77514a6c614546326535536a5941626f6f755362444a686f3066754151753876684e6d7252756d4e6b327a5641553852415051467257626659394f477a746a56663368784749357356566e653750655a6e777942596738595562694f3179336e58506b553638524a446a474a5864223b),
('q9kgua2qjh6cjfinnv62ed2r85t728q8', '::1', 1661450146, 0x5f5f63695f6c6173745f726567656e65726174657c693a313636313435303134363b7374617475737c733a303a22223b5f5f63695f766172737c613a313a7b733a363a22737461747573223b733a333a226f6c64223b7d7265646972656374696f6e7c4e3b70726f66696c657c733a303a22223b),
('o4lglho8qs5jhpsc76374m06f296amf8', '127.0.0.1', 1661449447, 0x5f5f63695f6c6173745f726567656e65726174657c693a313636313434393434373b),
('993n5hssse5f5qii4uultq7pft502r9q', '127.0.0.1', 1661449447, 0x5f5f63695f6c6173745f726567656e65726174657c693a313636313434393434373b7265646972656374696f6e7c733a34383a226148523063446f764c327876593246736147397a6443396964576c755a5730765957527461573476644746696247567a223b),
('loroc4e3is6v76um3b4dfoeuos6sips4', '127.0.0.1', 1661449767, 0x5f5f63695f6c6173745f726567656e65726174657c693a313636313434393736373b7265646972656374696f6e7c4e3b636172745f636f6e74656e74737c613a333a7b733a31303a22636172745f746f74616c223b643a32383030303b733a31313a22746f74616c5f6974656d73223b643a313b733a33323a226236643736376432663865643564323161343462306535383836363830636239223b613a363a7b733a323a226964223b733a323a223232223b733a333a22717479223b643a313b733a353a227072696365223b643a32383030303b733a343a226e616d65223b733a31373a22434150434159205341555320544952414d223b733a353a22726f776964223b733a33323a226236643736376432663865643564323161343462306535383836363830636239223b733a383a22737562746f74616c223b643a32383030303b7d7d6f726465725f7175616e746974797c613a313a7b693a32323b613a333a7b733a333a22717479223b643a313b733a353a227072696365223b643a32383030303b733a343a226e616d65223b733a31373a22434150434159205341555320544952414d223b7d7d746f74616c5f70726963657c643a34323030303b5f5f4143544956455f53455353494f4e5f444154417c733a3235363a223832656239336231613566376264623566383032336264623036393535633034396531333866373662396237363264316264323961623261376335373039653763383036343561373036363232373633376431313138386530636638646433353064623136323464326132336239386139613336363339633465636564323562434b466c6150512b65417a6b4f37434c44544f506f777654384d734b34526b3452443948544e584e564e4c4369636b4e37774767396e686667656d6c4d456b383837656e664a68556568666e2b63384850653066726a75544870394d74576c5543573661497944414e7462304b70427773474d33564d47345956777467764c6a223b),
('4ghsoh2lo9tato0p86n7h9sa8qv55fj8', '127.0.0.1', 1661450934, 0x5f5f63695f6c6173745f726567656e65726174657c693a313636313435303933343b7265646972656374696f6e7c4e3b636172745f636f6e74656e74737c613a333a7b733a31303a22636172745f746f74616c223b643a32383030303b733a31313a22746f74616c5f6974656d73223b643a313b733a33323a226236643736376432663865643564323161343462306535383836363830636239223b613a363a7b733a323a226964223b733a323a223232223b733a333a22717479223b643a313b733a353a227072696365223b643a32383030303b733a343a226e616d65223b733a31373a22434150434159205341555320544952414d223b733a353a22726f776964223b733a33323a226236643736376432663865643564323161343462306535383836363830636239223b733a383a22737562746f74616c223b643a32383030303b7d7d6f726465725f7175616e746974797c613a313a7b693a32323b613a333a7b733a333a22717479223b643a313b733a353a227072696365223b643a32383030303b733a343a226e616d65223b733a31373a22434150434159205341555320544952414d223b7d7d746f74616c5f70726963657c643a34323030303b5f5f4143544956455f53455353494f4e5f444154417c733a3235363a223832656239336231613566376264623566383032336264623036393535633034396531333866373662396237363264316264323961623261376335373039653763383036343561373036363232373633376431313138386530636638646433353064623136323464326132336239386139613336363339633465636564323562434b466c6150512b65417a6b4f37434c44544f506f777654384d734b34526b3452443948544e584e564e4c4369636b4e37774767396e686667656d6c4d456b383837656e664a68556568666e2b63384850653066726a75544870394d74576c5543573661497944414e7462304b70427773474d33564d47345956777467764c6a223b),
('2epie573f44scko6hsmtoua758t9dsv0', '::1', 1661450631, 0x5f5f63695f6c6173745f726567656e65726174657c693a313636313435303633313b7265646972656374696f6e7c4e3b70726f66696c657c733a303a22223b5f5f4143544956455f53455353494f4e5f444154417c733a3235363a22313036386633393439633133663736373833333635306135623362363336393634393235363762333932383765653237343261396161373133303435666434643262643365643339343838353862376237393863323162323034626233313633623638666432396330623736306437616435633035343831313839616238633033506a774c373679754f4533426762586a734c5664674258314e3246502b72476b6b6231596e4d793944546137475734364f364d442b44584f6d6159505a54773057474862684a4f684b395774346b66324b7755715176724f47736f6e76652f2b79764e6b4a4e694b516b7a2f347749727932546273475059457a50324c636f223b),
('38avkfkbe869td26o0m32djrb9f1n87u', '::1', 1661451525, 0x5f5f63695f6c6173745f726567656e65726174657c693a313636313435313532353b7265646972656374696f6e7c4e3b70726f66696c657c733a303a22223b5f5f4143544956455f53455353494f4e5f444154417c733a3235363a22313036386633393439633133663736373833333635306135623362363336393634393235363762333932383765653237343261396161373133303435666434643262643365643339343838353862376237393863323162323034626233313633623638666432396330623736306437616435633035343831313839616238633033506a774c373679754f4533426762586a734c5664674258314e3246502b72476b6b6231596e4d793944546137475734364f364d442b44584f6d6159505a54773057474862684a4f684b395774346b66324b7755715176724f47736f6e76652f2b79764e6b4a4e694b516b7a2f347749727932546273475059457a50324c636f223b),
('pnr4d181fifc883ht2bpqo45rtg98cut', '127.0.0.1', 1661451288, 0x5f5f63695f6c6173745f726567656e65726174657c693a313636313435313238383b7265646972656374696f6e7c4e3b636172745f636f6e74656e74737c613a333a7b733a31303a22636172745f746f74616c223b643a32383030303b733a31313a22746f74616c5f6974656d73223b643a313b733a33323a226236643736376432663865643564323161343462306535383836363830636239223b613a363a7b733a323a226964223b733a323a223232223b733a333a22717479223b643a313b733a353a227072696365223b643a32383030303b733a343a226e616d65223b733a31373a22434150434159205341555320544952414d223b733a353a22726f776964223b733a33323a226236643736376432663865643564323161343462306535383836363830636239223b733a383a22737562746f74616c223b643a32383030303b7d7d6f726465725f7175616e746974797c613a313a7b693a32323b613a333a7b733a333a22717479223b643a313b733a353a227072696365223b643a32383030303b733a343a226e616d65223b733a31373a22434150434159205341555320544952414d223b7d7d746f74616c5f70726963657c643a34323030303b5f5f4143544956455f53455353494f4e5f444154417c733a3235363a223832656239336231613566376264623566383032336264623036393535633034396531333866373662396237363264316264323961623261376335373039653763383036343561373036363232373633376431313138386530636638646433353064623136323464326132336239386139613336363339633465636564323562434b466c6150512b65417a6b4f37434c44544f506f777654384d734b34526b3452443948544e584e564e4c4369636b4e37774767396e686667656d6c4d456b383837656e664a68556568666e2b63384850653066726a75544870394d74576c5543573661497944414e7462304b70427773474d33564d47345956777467764c6a223b),
('25jumkbfp6pi8thqbeo4od2figlqjuhu', '127.0.0.1', 1661451726, 0x5f5f63695f6c6173745f726567656e65726174657c693a313636313435313732363b7265646972656374696f6e7c4e3b636172745f636f6e74656e74737c613a333a7b733a31303a22636172745f746f74616c223b643a32383030303b733a31313a22746f74616c5f6974656d73223b643a313b733a33323a226236643736376432663865643564323161343462306535383836363830636239223b613a363a7b733a323a226964223b733a323a223232223b733a333a22717479223b643a313b733a353a227072696365223b643a32383030303b733a343a226e616d65223b733a31373a22434150434159205341555320544952414d223b733a353a22726f776964223b733a33323a226236643736376432663865643564323161343462306535383836363830636239223b733a383a22737562746f74616c223b643a32383030303b7d7d6f726465725f7175616e746974797c613a313a7b693a32323b613a333a7b733a333a22717479223b643a313b733a353a227072696365223b643a32383030303b733a343a226e616d65223b733a31373a22434150434159205341555320544952414d223b7d7d746f74616c5f70726963657c643a34323030303b5f5f4143544956455f53455353494f4e5f444154417c733a3235363a223832656239336231613566376264623566383032336264623036393535633034396531333866373662396237363264316264323961623261376335373039653763383036343561373036363232373633376431313138386530636638646433353064623136323464326132336239386139613336363339633465636564323562434b466c6150512b65417a6b4f37434c44544f506f777654384d734b34526b3452443948544e584e564e4c4369636b4e37774767396e686667656d6c4d456b383837656e664a68556568666e2b63384850653066726a75544870394d74576c5543573661497944414e7462304b70427773474d33564d47345956777467764c6a223b),
('fm5g4j26sqav9o370agvmh3oi0g0c5hg', '::1', 1661451852, 0x5f5f63695f6c6173745f726567656e65726174657c693a313636313435313835323b7265646972656374696f6e7c4e3b70726f66696c657c733a303a22223b5f5f4143544956455f53455353494f4e5f444154417c733a3235363a22313036386633393439633133663736373833333635306135623362363336393634393235363762333932383765653237343261396161373133303435666434643262643365643339343838353862376237393863323162323034626233313633623638666432396330623736306437616435633035343831313839616238633033506a774c373679754f4533426762586a734c5664674258314e3246502b72476b6b6231596e4d793944546137475734364f364d442b44584f6d6159505a54773057474862684a4f684b395774346b66324b7755715176724f47736f6e76652f2b79764e6b4a4e694b516b7a2f347749727932546273475059457a50324c636f223b),
('utakjk2j8t9imvahn196gfsph0hqkq1q', '127.0.0.1', 1661452163, 0x5f5f63695f6c6173745f726567656e65726174657c693a313636313435323136333b7265646972656374696f6e7c4e3b636172745f636f6e74656e74737c613a333a7b733a31303a22636172745f746f74616c223b643a32383030303b733a31313a22746f74616c5f6974656d73223b643a313b733a33323a226236643736376432663865643564323161343462306535383836363830636239223b613a363a7b733a323a226964223b733a323a223232223b733a333a22717479223b643a313b733a353a227072696365223b643a32383030303b733a343a226e616d65223b733a31373a22434150434159205341555320544952414d223b733a353a22726f776964223b733a33323a226236643736376432663865643564323161343462306535383836363830636239223b733a383a22737562746f74616c223b643a32383030303b7d7d6f726465725f7175616e746974797c613a313a7b693a32323b613a333a7b733a333a22717479223b643a313b733a353a227072696365223b643a32383030303b733a343a226e616d65223b733a31373a22434150434159205341555320544952414d223b7d7d746f74616c5f70726963657c643a34323030303b5f5f4143544956455f53455353494f4e5f444154417c733a3235363a223832656239336231613566376264623566383032336264623036393535633034396531333866373662396237363264316264323961623261376335373039653763383036343561373036363232373633376431313138386530636638646433353064623136323464326132336239386139613336363339633465636564323562434b466c6150512b65417a6b4f37434c44544f506f777654384d734b34526b3452443948544e584e564e4c4369636b4e37774767396e686667656d6c4d456b383837656e664a68556568666e2b63384850653066726a75544870394d74576c5543573661497944414e7462304b70427773474d33564d47345956777467764c6a223b),
('hveeih2l7203124gaae95hcpu30a3ggb', '::1', 1661452739, 0x5f5f63695f6c6173745f726567656e65726174657c693a313636313435323733393b7265646972656374696f6e7c4e3b70726f66696c657c733a303a22223b5f5f4143544956455f53455353494f4e5f444154417c733a3235363a22313036386633393439633133663736373833333635306135623362363336393634393235363762333932383765653237343261396161373133303435666434643262643365643339343838353862376237393863323162323034626233313633623638666432396330623736306437616435633035343831313839616238633033506a774c373679754f4533426762586a734c5664674258314e3246502b72476b6b6231596e4d793944546137475734364f364d442b44584f6d6159505a54773057474862684a4f684b395774346b66324b7755715176724f47736f6e76652f2b79764e6b4a4e694b516b7a2f347749727932546273475059457a50324c636f223b),
('9tpe8noovo2e5be8bc2ca9oisopdmd23', '127.0.0.1', 1661456654, 0x5f5f63695f6c6173745f726567656e65726174657c693a313636313435363635343b7265646972656374696f6e7c4e3b636172745f636f6e74656e74737c613a333a7b733a31303a22636172745f746f74616c223b643a32383030303b733a31313a22746f74616c5f6974656d73223b643a313b733a33323a226236643736376432663865643564323161343462306535383836363830636239223b613a363a7b733a323a226964223b733a323a223232223b733a333a22717479223b643a313b733a353a227072696365223b643a32383030303b733a343a226e616d65223b733a31373a22434150434159205341555320544952414d223b733a353a22726f776964223b733a33323a226236643736376432663865643564323161343462306535383836363830636239223b733a383a22737562746f74616c223b643a32383030303b7d7d6f726465725f7175616e746974797c613a313a7b693a32323b613a333a7b733a333a22717479223b643a313b733a353a227072696365223b643a32383030303b733a343a226e616d65223b733a31373a22434150434159205341555320544952414d223b7d7d746f74616c5f70726963657c643a34323030303b5f5f4143544956455f53455353494f4e5f444154417c733a3235363a223832656239336231613566376264623566383032336264623036393535633034396531333866373662396237363264316264323961623261376335373039653763383036343561373036363232373633376431313138386530636638646433353064623136323464326132336239386139613336363339633465636564323562434b466c6150512b65417a6b4f37434c44544f506f777654384d734b34526b3452443948544e584e564e4c4369636b4e37774767396e686667656d6c4d456b383837656e664a68556568666e2b63384850653066726a75544870394d74576c5543573661497944414e7462304b70427773474d33564d47345956777467764c6a223b),
('nlhomem5ejv2suek23nj47hb7qqsdans', '::1', 1661453088, 0x5f5f63695f6c6173745f726567656e65726174657c693a313636313435333038383b7265646972656374696f6e7c4e3b70726f66696c657c733a303a22223b5f5f4143544956455f53455353494f4e5f444154417c733a3235363a22313036386633393439633133663736373833333635306135623362363336393634393235363762333932383765653237343261396161373133303435666434643262643365643339343838353862376237393863323162323034626233313633623638666432396330623736306437616435633035343831313839616238633033506a774c373679754f4533426762586a734c5664674258314e3246502b72476b6b6231596e4d793944546137475734364f364d442b44584f6d6159505a54773057474862684a4f684b395774346b66324b7755715176724f47736f6e76652f2b79764e6b4a4e694b516b7a2f347749727932546273475059457a50324c636f223b),
('k8u85ip5iajpo5t0g4e6fqbfmq79iuqm', '::1', 1661453552, 0x5f5f63695f6c6173745f726567656e65726174657c693a313636313435333535323b7265646972656374696f6e7c4e3b70726f66696c657c733a303a22223b5f5f4143544956455f53455353494f4e5f444154417c733a3235363a22313036386633393439633133663736373833333635306135623362363336393634393235363762333932383765653237343261396161373133303435666434643262643365643339343838353862376237393863323162323034626233313633623638666432396330623736306437616435633035343831313839616238633033506a774c373679754f4533426762586a734c5664674258314e3246502b72476b6b6231596e4d793944546137475734364f364d442b44584f6d6159505a54773057474862684a4f684b395774346b66324b7755715176724f47736f6e76652f2b79764e6b4a4e694b516b7a2f347749727932546273475059457a50324c636f223b),
('2pq6k7spab2pcc6smg8mhg3tmtfgd0j5', '::1', 1661454100, 0x5f5f63695f6c6173745f726567656e65726174657c693a313636313435343130303b7265646972656374696f6e7c4e3b70726f66696c657c733a303a22223b5f5f4143544956455f53455353494f4e5f444154417c733a3235363a22313036386633393439633133663736373833333635306135623362363336393634393235363762333932383765653237343261396161373133303435666434643262643365643339343838353862376237393863323162323034626233313633623638666432396330623736306437616435633035343831313839616238633033506a774c373679754f4533426762586a734c5664674258314e3246502b72476b6b6231596e4d793944546137475734364f364d442b44584f6d6159505a54773057474862684a4f684b395774346b66324b7755715176724f47736f6e76652f2b79764e6b4a4e694b516b7a2f347749727932546273475059457a50324c636f223b),
('7096p7eb4u8414ndaqkg7vd3qcvh234k', '::1', 1661454434, 0x5f5f63695f6c6173745f726567656e65726174657c693a313636313435343433343b7265646972656374696f6e7c4e3b70726f66696c657c733a303a22223b5f5f4143544956455f53455353494f4e5f444154417c733a3235363a22313036386633393439633133663736373833333635306135623362363336393634393235363762333932383765653237343261396161373133303435666434643262643365643339343838353862376237393863323162323034626233313633623638666432396330623736306437616435633035343831313839616238633033506a774c373679754f4533426762586a734c5664674258314e3246502b72476b6b6231596e4d793944546137475734364f364d442b44584f6d6159505a54773057474862684a4f684b395774346b66324b7755715176724f47736f6e76652f2b79764e6b4a4e694b516b7a2f347749727932546273475059457a50324c636f223b),
('nqjdf0bm14nfbittrb0fptu1qk6h9ioh', '::1', 1661454909, 0x5f5f63695f6c6173745f726567656e65726174657c693a313636313435343930393b7265646972656374696f6e7c4e3b70726f66696c657c733a303a22223b5f5f4143544956455f53455353494f4e5f444154417c733a3235363a22313036386633393439633133663736373833333635306135623362363336393634393235363762333932383765653237343261396161373133303435666434643262643365643339343838353862376237393863323162323034626233313633623638666432396330623736306437616435633035343831313839616238633033506a774c373679754f4533426762586a734c5664674258314e3246502b72476b6b6231596e4d793944546137475734364f364d442b44584f6d6159505a54773057474862684a4f684b395774346b66324b7755715176724f47736f6e76652f2b79764e6b4a4e694b516b7a2f347749727932546273475059457a50324c636f223b),
('bqlisa3tssqbvd0vfc6c7pv18j605shb', '::1', 1661455565, 0x5f5f63695f6c6173745f726567656e65726174657c693a313636313435353536353b7265646972656374696f6e7c4e3b70726f66696c657c733a303a22223b5f5f4143544956455f53455353494f4e5f444154417c733a3235363a22313036386633393439633133663736373833333635306135623362363336393634393235363762333932383765653237343261396161373133303435666434643262643365643339343838353862376237393863323162323034626233313633623638666432396330623736306437616435633035343831313839616238633033506a774c373679754f4533426762586a734c5664674258314e3246502b72476b6b6231596e4d793944546137475734364f364d442b44584f6d6159505a54773057474862684a4f684b395774346b66324b7755715176724f47736f6e76652f2b79764e6b4a4e694b516b7a2f347749727932546273475059457a50324c636f223b),
('st7u1kqc68bjda2goluesfsohg48hum3', '::1', 1661456017, 0x5f5f63695f6c6173745f726567656e65726174657c693a313636313435363031373b7265646972656374696f6e7c4e3b70726f66696c657c733a303a22223b5f5f4143544956455f53455353494f4e5f444154417c733a3235363a22313036386633393439633133663736373833333635306135623362363336393634393235363762333932383765653237343261396161373133303435666434643262643365643339343838353862376237393863323162323034626233313633623638666432396330623736306437616435633035343831313839616238633033506a774c373679754f4533426762586a734c5664674258314e3246502b72476b6b6231596e4d793944546137475734364f364d442b44584f6d6159505a54773057474862684a4f684b395774346b66324b7755715176724f47736f6e76652f2b79764e6b4a4e694b516b7a2f347749727932546273475059457a50324c636f223b),
('q9d8gn1u1opjlchb7na6q5h33puc0dkh', '::1', 1661456365, 0x5f5f63695f6c6173745f726567656e65726174657c693a313636313435363336353b7265646972656374696f6e7c4e3b70726f66696c657c733a303a22223b5f5f4143544956455f53455353494f4e5f444154417c733a3235363a22313036386633393439633133663736373833333635306135623362363336393634393235363762333932383765653237343261396161373133303435666434643262643365643339343838353862376237393863323162323034626233313633623638666432396330623736306437616435633035343831313839616238633033506a774c373679754f4533426762586a734c5664674258314e3246502b72476b6b6231596e4d793944546137475734364f364d442b44584f6d6159505a54773057474862684a4f684b395774346b66324b7755715176724f47736f6e76652f2b79764e6b4a4e694b516b7a2f347749727932546273475059457a50324c636f223b),
('ojis04cc4mf7et55990nh28s2bg8tmlq', '::1', 1661456693, 0x5f5f63695f6c6173745f726567656e65726174657c693a313636313435363639333b7265646972656374696f6e7c4e3b70726f66696c657c733a303a22223b5f5f4143544956455f53455353494f4e5f444154417c733a3235363a22313036386633393439633133663736373833333635306135623362363336393634393235363762333932383765653237343261396161373133303435666434643262643365643339343838353862376237393863323162323034626233313633623638666432396330623736306437616435633035343831313839616238633033506a774c373679754f4533426762586a734c5664674258314e3246502b72476b6b6231596e4d793944546137475734364f364d442b44584f6d6159505a54773057474862684a4f684b395774346b66324b7755715176724f47736f6e76652f2b79764e6b4a4e694b516b7a2f347749727932546273475059457a50324c636f223b7265766965775f666c6173687c733a32333a2252657669657720626572686173696c2064696861707573223b5f5f63695f766172737c613a313a7b733a31323a227265766965775f666c617368223b733a333a226f6c64223b7d),
('e94fqf8saccrhotcb9b9ev904qrc9cj1', '127.0.0.1', 1661460583, 0x5f5f63695f6c6173745f726567656e65726174657c693a313636313436303538333b7265646972656374696f6e7c4e3b636172745f636f6e74656e74737c613a333a7b733a31303a22636172745f746f74616c223b643a32383030303b733a31313a22746f74616c5f6974656d73223b643a313b733a33323a226236643736376432663865643564323161343462306535383836363830636239223b613a363a7b733a323a226964223b733a323a223232223b733a333a22717479223b643a313b733a353a227072696365223b643a32383030303b733a343a226e616d65223b733a31373a22434150434159205341555320544952414d223b733a353a22726f776964223b733a33323a226236643736376432663865643564323161343462306535383836363830636239223b733a383a22737562746f74616c223b643a32383030303b7d7d6f726465725f7175616e746974797c613a313a7b693a32323b613a333a7b733a333a22717479223b643a313b733a353a227072696365223b643a32383030303b733a343a226e616d65223b733a31373a22434150434159205341555320544952414d223b7d7d746f74616c5f70726963657c643a34323030303b5f5f4143544956455f53455353494f4e5f444154417c733a3235363a2266396561636266626330343338346233663839346636313138386637633536326336393838663538373831336661313838393435623063373135613764343830363966346464646230633339373338626663666336303963323439363564656365636130306339386534666366323630653034343634643332656335653832613271496f6531536c476471612b4636685843464b2f375962417734582b7652343970434f636b4747727975614c49474e776d426b5975793655302b36334434327070487956386d4b637941556457584556474d5633384b71324d744b6248355845442b426f354f3578484a65445557373059366f666c5235705551484d6d3861223b),
('631hbl5ojcqgvfn11fdh085qbo3m5q07', '::1', 1661457296, 0x5f5f63695f6c6173745f726567656e65726174657c693a313636313435373239363b7265646972656374696f6e7c4e3b70726f66696c657c733a303a22223b5f5f4143544956455f53455353494f4e5f444154417c733a3235363a22313036386633393439633133663736373833333635306135623362363336393634393235363762333932383765653237343261396161373133303435666434643262643365643339343838353862376237393863323162323034626233313633623638666432396330623736306437616435633035343831313839616238633033506a774c373679754f4533426762586a734c5664674258314e3246502b72476b6b6231596e4d793944546137475734364f364d442b44584f6d6159505a54773057474862684a4f684b395774346b66324b7755715176724f47736f6e76652f2b79764e6b4a4e694b516b7a2f347749727932546273475059457a50324c636f223b),
('nkdkgaj3fgumr6buoem5u3t7pdoaahnp', '::1', 1661457628, 0x5f5f63695f6c6173745f726567656e65726174657c693a313636313435373632383b7265646972656374696f6e7c4e3b70726f66696c657c733a303a22223b5f5f4143544956455f53455353494f4e5f444154417c733a3235363a22313036386633393439633133663736373833333635306135623362363336393634393235363762333932383765653237343261396161373133303435666434643262643365643339343838353862376237393863323162323034626233313633623638666432396330623736306437616435633035343831313839616238633033506a774c373679754f4533426762586a734c5664674258314e3246502b72476b6b6231596e4d793944546137475734364f364d442b44584f6d6159505a54773057474862684a4f684b395774346b66324b7755715176724f47736f6e76652f2b79764e6b4a4e694b516b7a2f347749727932546273475059457a50324c636f223b737563636573737c733a32333a22426572686173696c204d656d62616c617320506573616e223b5f5f63695f766172737c613a313a7b733a373a2273756363657373223b733a333a226f6c64223b7d),
('kmon048rai7ujequuqf86rtdjfpnlil0', '::1', 1661457954, 0x5f5f63695f6c6173745f726567656e65726174657c693a313636313435373935343b7265646972656374696f6e7c4e3b70726f66696c657c733a303a22223b5f5f4143544956455f53455353494f4e5f444154417c733a3235363a22313036386633393439633133663736373833333635306135623362363336393634393235363762333932383765653237343261396161373133303435666434643262643365643339343838353862376237393863323162323034626233313633623638666432396330623736306437616435633035343831313839616238633033506a774c373679754f4533426762586a734c5664674258314e3246502b72476b6b6231596e4d793944546137475734364f364d442b44584f6d6159505a54773057474862684a4f684b395774346b66324b7755715176724f47736f6e76652f2b79764e6b4a4e694b516b7a2f347749727932546273475059457a50324c636f223b),
('coqpfg790lm16q93a7puvkjo5ou40h3j', '::1', 1661458260, 0x5f5f63695f6c6173745f726567656e65726174657c693a313636313435383236303b7265646972656374696f6e7c4e3b70726f66696c657c733a303a22223b5f5f4143544956455f53455353494f4e5f444154417c733a3235363a22313036386633393439633133663736373833333635306135623362363336393634393235363762333932383765653237343261396161373133303435666434643262643365643339343838353862376237393863323162323034626233313633623638666432396330623736306437616435633035343831313839616238633033506a774c373679754f4533426762586a734c5664674258314e3246502b72476b6b6231596e4d793944546137475734364f364d442b44584f6d6159505a54773057474862684a4f684b395774346b66324b7755715176724f47736f6e76652f2b79764e6b4a4e694b516b7a2f347749727932546273475059457a50324c636f223b),
('27t6lv6jbb338if0fiaqqjv8tih8d0d9', '::1', 1661460005, 0x5f5f63695f6c6173745f726567656e65726174657c693a313636313436303030353b7265646972656374696f6e7c4e3b70726f66696c657c733a303a22223b5f5f4143544956455f53455353494f4e5f444154417c733a3235363a22313036386633393439633133663736373833333635306135623362363336393634393235363762333932383765653237343261396161373133303435666434643262643365643339343838353862376237393863323162323034626233313633623638666432396330623736306437616435633035343831313839616238633033506a774c373679754f4533426762586a734c5664674258314e3246502b72476b6b6231596e4d793944546137475734364f364d442b44584f6d6159505a54773057474862684a4f684b395774346b66324b7755715176724f47736f6e76652f2b79764e6b4a4e694b516b7a2f347749727932546273475059457a50324c636f223b73657474696e67735f666c6173687c733a33303a2250656e6761747572616e20626572686173696c2064697065726261727569223b5f5f63695f766172737c613a313a7b733a31343a2273657474696e67735f666c617368223b733a333a226f6c64223b7d),
('aj26i3t93ujpt8877k3545q495alf5sh', '127.0.0.1', 1661460340, 0x5f5f63695f6c6173745f726567656e65726174657c693a313636313436303334303b7265646972656374696f6e7c4e3b70726f66696c657c733a303a22223b5f5f4143544956455f53455353494f4e5f444154417c733a3235363a22313036386633393439633133663736373833333635306135623362363336393634393235363762333932383765653237343261396161373133303435666434643262643365643339343838353862376237393863323162323034626233313633623638666432396330623736306437616435633035343831313839616238633033506a774c373679754f4533426762586a734c5664674258314e3246502b72476b6b6231596e4d793944546137475734364f364d442b44584f6d6159505a54773057474862684a4f684b395774346b66324b7755715176724f47736f6e76652f2b79764e6b4a4e694b516b7a2f347749727932546273475059457a50324c636f223b),
('hskfqhkcr56ftf82v4hbmjrcj83t2ji7', '::1', 1661460649, 0x5f5f63695f6c6173745f726567656e65726174657c693a313636313436303634393b7265646972656374696f6e7c4e3b70726f66696c657c733a303a22223b5f5f4143544956455f53455353494f4e5f444154417c733a3235363a22313036386633393439633133663736373833333635306135623362363336393634393235363762333932383765653237343261396161373133303435666434643262643365643339343838353862376237393863323162323034626233313633623638666432396330623736306437616435633035343831313839616238633033506a774c373679754f4533426762586a734c5664674258314e3246502b72476b6b6231596e4d793944546137475734364f364d442b44584f6d6159505a54773057474862684a4f684b395774346b66324b7755715176724f47736f6e76652f2b79764e6b4a4e694b516b7a2f347749727932546273475059457a50324c636f223b),
('008oh4o3rn8ktk5u3nm44tnifs07v27j', '127.0.0.1', 1661460583, 0x5f5f63695f6c6173745f726567656e65726174657c693a313636313436303538333b7265646972656374696f6e7c4e3b636172745f636f6e74656e74737c613a333a7b733a31303a22636172745f746f74616c223b643a32383030303b733a31313a22746f74616c5f6974656d73223b643a313b733a33323a226236643736376432663865643564323161343462306535383836363830636239223b613a363a7b733a323a226964223b733a323a223232223b733a333a22717479223b643a313b733a353a227072696365223b643a32383030303b733a343a226e616d65223b733a31373a22434150434159205341555320544952414d223b733a353a22726f776964223b733a33323a226236643736376432663865643564323161343462306535383836363830636239223b733a383a22737562746f74616c223b643a32383030303b7d7d6f726465725f7175616e746974797c613a313a7b693a32323b613a333a7b733a333a22717479223b643a313b733a353a227072696365223b643a32383030303b733a343a226e616d65223b733a31373a22434150434159205341555320544952414d223b7d7d746f74616c5f70726963657c643a34323030303b5f5f4143544956455f53455353494f4e5f444154417c733a3235363a2266396561636266626330343338346233663839346636313138386637633536326336393838663538373831336661313838393435623063373135613764343830363966346464646230633339373338626663666336303963323439363564656365636130306339386534666366323630653034343634643332656335653832613271496f6531536c476471612b4636685843464b2f375962417734582b7652343970434f636b4747727975614c49474e776d426b5975793655302b36334434327070487956386d4b637941556457584556474d5633384b71324d744b6248355845442b426f354f3578484a65445557373059366f666c5235705551484d6d3861223b),
('54070odu2i6n5u6f27cc8g2g0dk0i7kb', '::1', 1661460960, 0x5f5f63695f6c6173745f726567656e65726174657c693a313636313436303936303b7265646972656374696f6e7c4e3b70726f66696c657c733a303a22223b5f5f4143544956455f53455353494f4e5f444154417c733a3235363a22313036386633393439633133663736373833333635306135623362363336393634393235363762333932383765653237343261396161373133303435666434643262643365643339343838353862376237393863323162323034626233313633623638666432396330623736306437616435633035343831313839616238633033506a774c373679754f4533426762586a734c5664674258314e3246502b72476b6b6231596e4d793944546137475734364f364d442b44584f6d6159505a54773057474862684a4f684b395774346b66324b7755715176724f47736f6e76652f2b79764e6b4a4e694b516b7a2f347749727932546273475059457a50324c636f223b),
('ekc2q8e48v7672tfffuqus7drah94deb', '::1', 1661463569, 0x5f5f63695f6c6173745f726567656e65726174657c693a313636313436333536393b7265646972656374696f6e7c4e3b70726f66696c657c733a303a22223b5f5f4143544956455f53455353494f4e5f444154417c733a3235363a22313036386633393439633133663736373833333635306135623362363336393634393235363762333932383765653237343261396161373133303435666434643262643365643339343838353862376237393863323162323034626233313633623638666432396330623736306437616435633035343831313839616238633033506a774c373679754f4533426762586a734c5664674258314e3246502b72476b6b6231596e4d793944546137475734364f364d442b44584f6d6159505a54773057474862684a4f684b395774346b66324b7755715176724f47736f6e76652f2b79764e6b4a4e694b516b7a2f347749727932546273475059457a50324c636f223b),
('pufta58lbc2v1e75o117fllh92eel6tj', '::1', 1661467103, 0x5f5f63695f6c6173745f726567656e65726174657c693a313636313436373130333b7265646972656374696f6e7c4e3b70726f66696c657c733a303a22223b5f5f4143544956455f53455353494f4e5f444154417c733a3235363a22313036386633393439633133663736373833333635306135623362363336393634393235363762333932383765653237343261396161373133303435666434643262643365643339343838353862376237393863323162323034626233313633623638666432396330623736306437616435633035343831313839616238633033506a774c373679754f4533426762586a734c5664674258314e3246502b72476b6b6231596e4d793944546137475734364f364d442b44584f6d6159505a54773057474862684a4f684b395774346b66324b7755715176724f47736f6e76652f2b79764e6b4a4e694b516b7a2f347749727932546273475059457a50324c636f223b),
('iseb4pk0dn53gb551svm7gvih414qi99', '::1', 1661470206, 0x5f5f63695f6c6173745f726567656e65726174657c693a313636313437303230363b7265646972656374696f6e7c4e3b70726f66696c657c733a303a22223b5f5f4143544956455f53455353494f4e5f444154417c733a3235363a226633383264626163396437636462633937646639393538383864376163373832333033656537303064386433383665333566313038623731383731323835316362646562663331646534616130333035343261373634393063356262386432383135666430383434373761623235616664333632336136316535383538636437767846694c617032457137772f7a56713564794672353174586848367472642b49753770447a3278776c7a4b6e594a366b694e59492b6e4b6f2f52577a6838644b393330713867482f69676368497344726249784832536c6c6265706b745a4c4f31587a4b6b4252513837794f643638495a6d6b394748797a64424178745074223b636172745f636f6e74656e74737c613a343a7b733a31303a22636172745f746f74616c223b643a35333030303b733a31313a22746f74616c5f6974656d73223b643a323b733a33323a223363353964633034386538383530323433626538303739613563373464303739223b613a363a7b733a323a226964223b733a323a223231223b733a333a22717479223b643a313b733a353a227072696365223b643a33353030303b733a343a226e616d65223b733a32343a22424157414c2042414b41522042554d4255204b554e494e47223b733a353a22726f776964223b733a33323a223363353964633034386538383530323433626538303739613563373464303739223b733a383a22737562746f74616c223b643a33353030303b7d733a33323a223938663133373038323130313934633437353638376265363130366133623834223b613a363a7b733a323a226964223b733a323a223230223b733a333a22717479223b643a313b733a353a227072696365223b643a31383030303b733a343a226e616d65223b733a31343a2254554d4953204b414e474b554e47223b733a353a22726f776964223b733a33323a223938663133373038323130313934633437353638376265363130366133623834223b733a383a22737562746f74616c223b643a31383030303b7d7d636f75706f6e5f69647c733a313a2237223b6f726465725f7175616e746974797c613a323a7b693a32313b613a333a7b733a333a22717479223b643a313b733a353a227072696365223b643a33353030303b733a343a226e616d65223b733a32343a22424157414c2042414b41522042554d4255204b554e494e47223b7d693a32303b613a333a7b733a333a22717479223b643a313b733a353a227072696365223b643a31383030303b733a343a226e616d65223b733a31343a2254554d4953204b414e474b554e47223b7d7d746f74616c5f70726963657c643a36363930303b),
('kd8gdr8u0h9gd7j1ln3o8usqo7d15ub0', '::1', 1661470531, 0x5f5f63695f6c6173745f726567656e65726174657c693a313636313437303533313b7265646972656374696f6e7c4e3b70726f66696c657c733a303a22223b5f5f4143544956455f53455353494f4e5f444154417c733a3235363a226633383264626163396437636462633937646639393538383864376163373832333033656537303064386433383665333566313038623731383731323835316362646562663331646534616130333035343261373634393063356262386432383135666430383434373761623235616664333632336136316535383538636437767846694c617032457137772f7a56713564794672353174586848367472642b49753770447a3278776c7a4b6e594a366b694e59492b6e4b6f2f52577a6838644b393330713867482f69676368497344726249784832536c6c6265706b745a4c4f31587a4b6b4252513837794f643638495a6d6b394748797a64424178745074223b636172745f636f6e74656e74737c613a343a7b733a31303a22636172745f746f74616c223b643a35333030303b733a31313a22746f74616c5f6974656d73223b643a323b733a33323a223363353964633034386538383530323433626538303739613563373464303739223b613a363a7b733a323a226964223b733a323a223231223b733a333a22717479223b643a313b733a353a227072696365223b643a33353030303b733a343a226e616d65223b733a32343a22424157414c2042414b41522042554d4255204b554e494e47223b733a353a22726f776964223b733a33323a223363353964633034386538383530323433626538303739613563373464303739223b733a383a22737562746f74616c223b643a33353030303b7d733a33323a223938663133373038323130313934633437353638376265363130366133623834223b613a363a7b733a323a226964223b733a323a223230223b733a333a22717479223b643a313b733a353a227072696365223b643a31383030303b733a343a226e616d65223b733a31343a2254554d4953204b414e474b554e47223b733a353a22726f776964223b733a33323a223938663133373038323130313934633437353638376265363130366133623834223b733a383a22737562746f74616c223b643a31383030303b7d7d636f75706f6e5f69647c733a313a2237223b6f726465725f7175616e746974797c613a323a7b693a32313b613a333a7b733a333a22717479223b643a313b733a353a227072696365223b643a33353030303b733a343a226e616d65223b733a32343a22424157414c2042414b41522042554d4255204b554e494e47223b7d693a32303b613a333a7b733a333a22717479223b643a313b733a353a227072696365223b643a31383030303b733a343a226e616d65223b733a31343a2254554d4953204b414e474b554e47223b7d7d746f74616c5f70726963657c643a36363930303b),
('0tbv1igqkj4oo365ii65mktse8ukgcli', '::1', 1661471877, 0x5f5f63695f6c6173745f726567656e65726174657c693a313636313437313837373b7265646972656374696f6e7c4e3b70726f66696c657c733a303a22223b5f5f4143544956455f53455353494f4e5f444154417c733a3235363a226633383264626163396437636462633937646639393538383864376163373832333033656537303064386433383665333566313038623731383731323835316362646562663331646534616130333035343261373634393063356262386432383135666430383434373761623235616664333632336136316535383538636437767846694c617032457137772f7a56713564794672353174586848367472642b49753770447a3278776c7a4b6e594a366b694e59492b6e4b6f2f52577a6838644b393330713867482f69676368497344726249784832536c6c6265706b745a4c4f31587a4b6b4252513837794f643638495a6d6b394748797a64424178745074223b636172745f636f6e74656e74737c613a343a7b733a31303a22636172745f746f74616c223b643a35333030303b733a31313a22746f74616c5f6974656d73223b643a323b733a33323a223363353964633034386538383530323433626538303739613563373464303739223b613a363a7b733a323a226964223b733a323a223231223b733a333a22717479223b643a313b733a353a227072696365223b643a33353030303b733a343a226e616d65223b733a32343a22424157414c2042414b41522042554d4255204b554e494e47223b733a353a22726f776964223b733a33323a223363353964633034386538383530323433626538303739613563373464303739223b733a383a22737562746f74616c223b643a33353030303b7d733a33323a223938663133373038323130313934633437353638376265363130366133623834223b613a363a7b733a323a226964223b733a323a223230223b733a333a22717479223b643a313b733a353a227072696365223b643a31383030303b733a343a226e616d65223b733a31343a2254554d4953204b414e474b554e47223b733a353a22726f776964223b733a33323a223938663133373038323130313934633437353638376265363130366133623834223b733a383a22737562746f74616c223b643a31383030303b7d7d636f75706f6e5f69647c733a313a2237223b6f726465725f7175616e746974797c613a323a7b693a32313b613a333a7b733a333a22717479223b643a313b733a353a227072696365223b643a33353030303b733a343a226e616d65223b733a32343a22424157414c2042414b41522042554d4255204b554e494e47223b7d693a32303b613a333a7b733a333a22717479223b643a313b733a353a227072696365223b643a31383030303b733a343a226e616d65223b733a31343a2254554d4953204b414e474b554e47223b7d7d746f74616c5f70726963657c643a36373030303b),
('8golbv5c6qifka2ccucsqeriq73dqv5f', '::1', 1661471878, 0x5f5f63695f6c6173745f726567656e65726174657c693a313636313437313837373b7265646972656374696f6e7c4e3b70726f66696c657c733a303a22223b5f5f4143544956455f53455353494f4e5f444154417c733a3235363a226633383264626163396437636462633937646639393538383864376163373832333033656537303064386433383665333566313038623731383731323835316362646562663331646534616130333035343261373634393063356262386432383135666430383434373761623235616664333632336136316535383538636437767846694c617032457137772f7a56713564794672353174586848367472642b49753770447a3278776c7a4b6e594a366b694e59492b6e4b6f2f52577a6838644b393330713867482f69676368497344726249784832536c6c6265706b745a4c4f31587a4b6b4252513837794f643638495a6d6b394748797a64424178745074223b636172745f636f6e74656e74737c613a343a7b733a31303a22636172745f746f74616c223b643a35333030303b733a31313a22746f74616c5f6974656d73223b643a323b733a33323a223363353964633034386538383530323433626538303739613563373464303739223b613a363a7b733a323a226964223b733a323a223231223b733a333a22717479223b643a313b733a353a227072696365223b643a33353030303b733a343a226e616d65223b733a32343a22424157414c2042414b41522042554d4255204b554e494e47223b733a353a22726f776964223b733a33323a223363353964633034386538383530323433626538303739613563373464303739223b733a383a22737562746f74616c223b643a33353030303b7d733a33323a223938663133373038323130313934633437353638376265363130366133623834223b613a363a7b733a323a226964223b733a323a223230223b733a333a22717479223b643a313b733a353a227072696365223b643a31383030303b733a343a226e616d65223b733a31343a2254554d4953204b414e474b554e47223b733a353a22726f776964223b733a33323a223938663133373038323130313934633437353638376265363130366133623834223b733a383a22737562746f74616c223b643a31383030303b7d7d636f75706f6e5f69647c733a313a2237223b6f726465725f7175616e746974797c613a323a7b693a32313b613a333a7b733a333a22717479223b643a313b733a353a227072696365223b643a33353030303b733a343a226e616d65223b733a32343a22424157414c2042414b41522042554d4255204b554e494e47223b7d693a32303b613a333a7b733a333a22717479223b643a313b733a353a227072696365223b643a31383030303b733a343a226e616d65223b733a31343a2254554d4953204b414e474b554e47223b7d7d746f74616c5f70726963657c643a36373030303b),
('nc955nr91u1dvnafjsprea4hnn2i9krr', '127.0.0.1', 1661511574, 0x5f5f63695f6c6173745f726567656e65726174657c693a313636313531313537343b),
('6usqu8gctfa2ioe0bl3uergph2en2tm6', '127.0.0.1', 1661512303, 0x5f5f63695f6c6173745f726567656e65726174657c693a313636313531323330333b7265646972656374696f6e7c4e3b5f5f4143544956455f53455353494f4e5f444154417c733a3235363a226332663831316466366662623963653333646266326635313861643264613235623832333435333363373838633665343739303839303039356561386530373632613437666330643762666435336334663830373538626361306562623162313538653738373463306531616263393031303437626462353337643461326236795a4b78312f5543586c316e6256792f615246314c444d5175446e624b5a377a6d676145526c4979303030346155316f6b32646a316b4e706957515334765347645769596d634c79436232517039535738556d2b726a67526a74573545432b4951673345685150456f5743522f5a496c6e31657161435a5a4e6a73334843474f223b),
('3k2p8ldcbe0qnkmfjaml8c4kj9159686', '127.0.0.1', 1661511596, 0x5f5f63695f6c6173745f726567656e65726174657c693a313636313531313539363b),
('ls8p7lbjh82ohlmjob996c05p1hodnac', '127.0.0.1', 1661511596, 0x5f5f63695f6c6173745f726567656e65726174657c693a313636313531313539363b7265646972656374696f6e7c733a34343a226148523063446f764c327876593246736147397a6443396964576c755a5730765933567a644739745a58493d223b),
('1sir37c0q0pa8om6v7t27ukl3poi80bt', '::1', 1661512081, 0x5f5f63695f6c6173745f726567656e65726174657c693a313636313531323038313b7265646972656374696f6e7c4e3b5f5f4143544956455f53455353494f4e5f444154417c733a3235363a22333739663162333034343461376631356630666233663038626239613133643632613265356134626431343933653335643638616631306134663762643236623532396438313663333666303165326664653462363034616630363439343737656266306562663339633032653564353163353730343765363533656462303166416337736a3276652b736844546b4746326a5132483955304477542f6c6a315a3130307631362f326c376e68727362464c55556b3144576a3876715668656d6964635933634254394c4a5a714738362f63305a4938792f516c643555503750497577774e77616c79735244577a566b6d735a355a4e7553714b6e712b73442f223b),
('uts9q3psbqcjhdth6bar6uanclcpp7t1', '::1', 1661512569, 0x5f5f63695f6c6173745f726567656e65726174657c693a313636313531323536393b7265646972656374696f6e7c4e3b5f5f4143544956455f53455353494f4e5f444154417c733a3235363a22333739663162333034343461376631356630666233663038626239613133643632613265356134626431343933653335643638616631306134663762643236623532396438313663333666303165326664653462363034616630363439343737656266306562663339633032653564353163353730343765363533656462303166416337736a3276652b736844546b4746326a5132483955304477542f6c6a315a3130307631362f326c376e68727362464c55556b3144576a3876715668656d6964635933634254394c4a5a714738362f63305a4938792f516c643555503750497577774e77616c79735244577a566b6d735a355a4e7553714b6e712b73442f223b),
('le2fnbi8clfgmrusamvld3cladgtt1np', '127.0.0.1', 1661512744, 0x5f5f63695f6c6173745f726567656e65726174657c693a313636313531323734343b7265646972656374696f6e7c4e3b5f5f4143544956455f53455353494f4e5f444154417c733a3235363a226332663831316466366662623963653333646266326635313861643264613235623832333435333363373838633665343739303839303039356561386530373632613437666330643762666435336334663830373538626361306562623162313538653738373463306531616263393031303437626462353337643461326236795a4b78312f5543586c316e6256792f615246314c444d5175446e624b5a377a6d676145526c4979303030346155316f6b32646a316b4e706957515334765347645769596d634c79436232517039535738556d2b726a67526a74573545432b4951673345685150456f5743522f5a496c6e31657161435a5a4e6a73334843474f223b636172745f636f6e74656e74737c613a333a7b733a31303a22636172745f746f74616c223b643a33353030303b733a31313a22746f74616c5f6974656d73223b643a313b733a33323a223363353964633034386538383530323433626538303739613563373464303739223b613a363a7b733a323a226964223b733a323a223231223b733a333a22717479223b643a313b733a353a227072696365223b643a33353030303b733a343a226e616d65223b733a32343a22424157414c2042414b41522042554d4255204b554e494e47223b733a353a22726f776964223b733a33323a223363353964633034386538383530323433626538303739613563373464303739223b733a383a22737562746f74616c223b643a33353030303b7d7d6f726465725f7175616e746974797c613a313a7b693a32313b613a333a7b733a333a22717479223b643a313b733a353a227072696365223b643a33353030303b733a343a226e616d65223b733a32343a22424157414c2042414b41522042554d4255204b554e494e47223b7d7d746f74616c5f70726963657c643a34393030303b),
('mc79006qin6kldhvfvsturcjcei78dc4', '127.0.0.1', 1661512536, 0x5f5f63695f6c6173745f726567656e65726174657c693a313636313531323533363b5f74656d705f636f75706f6e7c4e3b5f74656d705f7175616e746974797c4e3b),
('esutqd1ga9on6240hbnmu33vvdd9du9s', '127.0.0.1', 1661512536, 0x5f5f63695f6c6173745f726567656e65726174657c693a313636313531323533363b7265646972656374696f6e7c733a35323a226148523063446f764c327876593246736147397a6443396964576c755a573076633268766343396a6147566a6132393164413d3d223b),
('k3qaql0lu37554r280p66s18am681fnj', '::1', 1661513052, 0x5f5f63695f6c6173745f726567656e65726174657c693a313636313531333035323b7265646972656374696f6e7c4e3b5f5f4143544956455f53455353494f4e5f444154417c733a3235363a22333739663162333034343461376631356630666233663038626239613133643632613265356134626431343933653335643638616631306134663762643236623532396438313663333666303165326664653462363034616630363439343737656266306562663339633032653564353163353730343765363533656462303166416337736a3276652b736844546b4746326a5132483955304477542f6c6a315a3130307631362f326c376e68727362464c55556b3144576a3876715668656d6964635933634254394c4a5a714738362f63305a4938792f516c643555503750497577774e77616c79735244577a566b6d735a355a4e7553714b6e712b73442f223b);
INSERT INTO `ci_sessions` (`id`, `ip_address`, `timestamp`, `data`) VALUES
('1dvp4lps2kauf8o984oerg7kveagujt0', '127.0.0.1', 1661517264, 0x5f5f63695f6c6173745f726567656e65726174657c693a313636313531373236343b7265646972656374696f6e7c4e3b5f5f4143544956455f53455353494f4e5f444154417c733a3235363a226332663831316466366662623963653333646266326635313861643264613235623832333435333363373838633665343739303839303039356561386530373632613437666330643762666435336334663830373538626361306562623162313538653738373463306531616263393031303437626462353337643461326236795a4b78312f5543586c316e6256792f615246314c444d5175446e624b5a377a6d676145526c4979303030346155316f6b32646a316b4e706957515334765347645769596d634c79436232517039535738556d2b726a67526a74573545432b4951673345685150456f5743522f5a496c6e31657161435a5a4e6a73334843474f223b636172745f636f6e74656e74737c613a333a7b733a31303a22636172745f746f74616c223b643a33353030303b733a31313a22746f74616c5f6974656d73223b643a313b733a33323a223363353964633034386538383530323433626538303739613563373464303739223b613a363a7b733a323a226964223b733a323a223231223b733a333a22717479223b643a313b733a353a227072696365223b643a33353030303b733a343a226e616d65223b733a32343a22424157414c2042414b41522042554d4255204b554e494e47223b733a353a22726f776964223b733a33323a223363353964633034386538383530323433626538303739613563373464303739223b733a383a22737562746f74616c223b643a33353030303b7d7d6f726465725f7175616e746974797c613a313a7b693a32313b613a333a7b733a333a22717479223b643a313b733a353a227072696365223b643a33353030303b733a343a226e616d65223b733a32343a22424157414c2042414b41522042554d4255204b554e494e47223b7d7d746f74616c5f70726963657c643a34393030303b),
('heq34cnlst7ue0haeafagosabauotg95', '::1', 1661513072, 0x5f5f63695f6c6173745f726567656e65726174657c693a313636313531333035323b7265646972656374696f6e7c4e3b5f5f4143544956455f53455353494f4e5f444154417c733a3235363a22333739663162333034343461376631356630666233663038626239613133643632613265356134626431343933653335643638616631306134663762643236623532396438313663333666303165326664653462363034616630363439343737656266306562663339633032653564353163353730343765363533656462303166416337736a3276652b736844546b4746326a5132483955304477542f6c6a315a3130307631362f326c376e68727362464c55556b3144576a3876715668656d6964635933634254394c4a5a714738362f63305a4938792f516c643555503750497577774e77616c79735244577a566b6d735a355a4e7553714b6e712b73442f223b),
('ublfrgqtnug12nh9287tn64rlqf60k70', '127.0.0.1', 1661517264, 0x5f5f63695f6c6173745f726567656e65726174657c693a313636313531373236343b7265646972656374696f6e7c4e3b5f5f4143544956455f53455353494f4e5f444154417c733a3235363a226332663831316466366662623963653333646266326635313861643264613235623832333435333363373838633665343739303839303039356561386530373632613437666330643762666435336334663830373538626361306562623162313538653738373463306531616263393031303437626462353337643461326236795a4b78312f5543586c316e6256792f615246314c444d5175446e624b5a377a6d676145526c4979303030346155316f6b32646a316b4e706957515334765347645769596d634c79436232517039535738556d2b726a67526a74573545432b4951673345685150456f5743522f5a496c6e31657161435a5a4e6a73334843474f223b636172745f636f6e74656e74737c613a333a7b733a31303a22636172745f746f74616c223b643a33353030303b733a31313a22746f74616c5f6974656d73223b643a313b733a33323a223363353964633034386538383530323433626538303739613563373464303739223b613a363a7b733a323a226964223b733a323a223231223b733a333a22717479223b643a313b733a353a227072696365223b643a33353030303b733a343a226e616d65223b733a32343a22424157414c2042414b41522042554d4255204b554e494e47223b733a353a22726f776964223b733a33323a223363353964633034386538383530323433626538303739613563373464303739223b733a383a22737562746f74616c223b643a33353030303b7d7d6f726465725f7175616e746974797c613a313a7b693a32313b613a333a7b733a333a22717479223b643a313b733a353a227072696365223b643a33353030303b733a343a226e616d65223b733a32343a22424157414c2042414b41522042554d4255204b554e494e47223b7d7d746f74616c5f70726963657c643a34393030303b),
('3jf5ae2j08p56gmbm9u7u8lpagsq7hr9', '127.0.0.1', 1661534209, 0x5f5f63695f6c6173745f726567656e65726174657c693a313636313533343230373b7265646972656374696f6e7c4e3b),
('6e5f5v9d72palnle8s2m9ihticl15v4e', '::1', 1662040609, 0x5f5f63695f6c6173745f726567656e65726174657c693a313636323034303630393b7265646972656374696f6e7c4e3b5f5f4143544956455f53455353494f4e5f444154417c733a3235363a22373839393338346663613661326166653136333834316137656132346232363233333434666432363062613930386665343434373138313864303437316364666339666638313964613334366335666637336164386637373836316265646431303237336462336562383531363666383062363136373166363966333663323238796f6d3947383059666d4e53332b743445524f7a735731654a65664e6d444258543948454d6577782f61314e7041366a76666a2f5934615a4771316a7869467174747155536171734c316a696f572f41626239544e4d30734d514973686141636c526a7274666d4e6245516363585978395834475249642b583259375a4868223b636172745f636f6e74656e74737c613a343a7b733a31303a22636172745f746f74616c223b643a35313030303b733a31313a22746f74616c5f6974656d73223b643a323b733a33323a226236643736376432663865643564323161343462306535383836363830636239223b613a363a7b733a323a226964223b733a323a223232223b733a333a22717479223b643a313b733a353a227072696365223b643a32383030303b733a343a226e616d65223b733a31373a22434150434159205341555320544952414d223b733a353a22726f776964223b733a33323a226236643736376432663865643564323161343462306535383836363830636239223b733a383a22737562746f74616c223b643a32383030303b7d733a33323a223666343932326634353536383136316138636466346164323239396636643233223b613a363a7b733a323a226964223b733a323a223138223b733a333a22717479223b643a313b733a353a227072696365223b643a32333030303b733a343a226e616d65223b733a31393a22424542454b2042414b4152204b414c4153414e223b733a353a22726f776964223b733a33323a223666343932326634353536383136316138636466346164323239396636643233223b733a383a22737562746f74616c223b643a32333030303b7d7d),
('8q4uogcslhrgkn0ftaqbpc8jquug1c47', '::1', 1662040919, 0x5f5f63695f6c6173745f726567656e65726174657c693a313636323034303931393b7265646972656374696f6e7c4e3b5f5f4143544956455f53455353494f4e5f444154417c733a3235363a22373839393338346663613661326166653136333834316137656132346232363233333434666432363062613930386665343434373138313864303437316364666339666638313964613334366335666637336164386637373836316265646431303237336462336562383531363666383062363136373166363966333663323238796f6d3947383059666d4e53332b743445524f7a735731654a65664e6d444258543948454d6577782f61314e7041366a76666a2f5934615a4771316a7869467174747155536171734c316a696f572f41626239544e4d30734d514973686141636c526a7274666d4e6245516363585978395834475249642b583259375a4868223b636172745f636f6e74656e74737c613a343a7b733a31303a22636172745f746f74616c223b643a35313030303b733a31313a22746f74616c5f6974656d73223b643a323b733a33323a226236643736376432663865643564323161343462306535383836363830636239223b613a363a7b733a323a226964223b733a323a223232223b733a333a22717479223b643a313b733a353a227072696365223b643a32383030303b733a343a226e616d65223b733a31373a22434150434159205341555320544952414d223b733a353a22726f776964223b733a33323a226236643736376432663865643564323161343462306535383836363830636239223b733a383a22737562746f74616c223b643a32383030303b7d733a33323a223666343932326634353536383136316138636466346164323239396636643233223b613a363a7b733a323a226964223b733a323a223138223b733a333a22717479223b643a313b733a353a227072696365223b643a32333030303b733a343a226e616d65223b733a31393a22424542454b2042414b4152204b414c4153414e223b733a353a22726f776964223b733a33323a223666343932326634353536383136316138636466346164323239396636643233223b733a383a22737562746f74616c223b643a32333030303b7d7d),
('a3bib0oeutlnfebqa0s0totpitlsj8tf', '::1', 1662041413, 0x5f5f63695f6c6173745f726567656e65726174657c693a313636323034313431333b7265646972656374696f6e7c4e3b5f5f4143544956455f53455353494f4e5f444154417c733a3235363a22373839393338346663613661326166653136333834316137656132346232363233333434666432363062613930386665343434373138313864303437316364666339666638313964613334366335666637336164386637373836316265646431303237336462336562383531363666383062363136373166363966333663323238796f6d3947383059666d4e53332b743445524f7a735731654a65664e6d444258543948454d6577782f61314e7041366a76666a2f5934615a4771316a7869467174747155536171734c316a696f572f41626239544e4d30734d514973686141636c526a7274666d4e6245516363585978395834475249642b583259375a4868223b636172745f636f6e74656e74737c613a353a7b733a31303a22636172745f746f74616c223b643a3136343030303b733a31313a22746f74616c5f6974656d73223b643a363b733a33323a226236643736376432663865643564323161343462306535383836363830636239223b613a363a7b733a323a226964223b733a323a223232223b733a333a22717479223b643a343b733a353a227072696365223b643a32383030303b733a343a226e616d65223b733a31373a22434150434159205341555320544952414d223b733a353a22726f776964223b733a33323a226236643736376432663865643564323161343462306535383836363830636239223b733a383a22737562746f74616c223b643a3131323030303b7d733a33323a223666343932326634353536383136316138636466346164323239396636643233223b613a363a7b733a323a226964223b733a323a223138223b733a333a22717479223b643a313b733a353a227072696365223b643a32333030303b733a343a226e616d65223b733a31393a22424542454b2042414b4152204b414c4153414e223b733a353a22726f776964223b733a33323a223666343932326634353536383136316138636466346164323239396636643233223b733a383a22737562746f74616c223b643a32333030303b7d733a33323a223337363933636663373438303439653435643837623863376438623961616364223b613a363a7b733a323a226964223b733a323a223233223b733a333a22717479223b643a313b733a353a227072696365223b643a32393030303b733a343a226e616d65223b733a32303a224159414d2042414b4152204b48415320534f4c4f223b733a353a22726f776964223b733a33323a223337363933636663373438303439653435643837623863376438623961616364223b733a383a22737562746f74616c223b643a32393030303b7d7d),
('9qt5dh94n417k0tai8i5j54dtbqe74ev', '::1', 1662041858, 0x5f5f63695f6c6173745f726567656e65726174657c693a313636323034313835383b7265646972656374696f6e7c4e3b5f5f4143544956455f53455353494f4e5f444154417c733a3235363a22373839393338346663613661326166653136333834316137656132346232363233333434666432363062613930386665343434373138313864303437316364666339666638313964613334366335666637336164386637373836316265646431303237336462336562383531363666383062363136373166363966333663323238796f6d3947383059666d4e53332b743445524f7a735731654a65664e6d444258543948454d6577782f61314e7041366a76666a2f5934615a4771316a7869467174747155536171734c316a696f572f41626239544e4d30734d514973686141636c526a7274666d4e6245516363585978395834475249642b583259375a4868223b636172745f636f6e74656e74737c613a353a7b733a31303a22636172745f746f74616c223b643a3138373030303b733a31313a22746f74616c5f6974656d73223b643a373b733a33323a226236643736376432663865643564323161343462306535383836363830636239223b613a363a7b733a323a226964223b733a323a223232223b733a333a22717479223b643a343b733a353a227072696365223b643a32383030303b733a343a226e616d65223b733a31373a22434150434159205341555320544952414d223b733a353a22726f776964223b733a33323a226236643736376432663865643564323161343462306535383836363830636239223b733a383a22737562746f74616c223b643a3131323030303b7d733a33323a223666343932326634353536383136316138636466346164323239396636643233223b613a363a7b733a323a226964223b733a323a223138223b733a333a22717479223b643a323b733a353a227072696365223b643a32333030303b733a343a226e616d65223b733a31393a22424542454b2042414b4152204b414c4153414e223b733a353a22726f776964223b733a33323a223666343932326634353536383136316138636466346164323239396636643233223b733a383a22737562746f74616c223b643a34363030303b7d733a33323a223337363933636663373438303439653435643837623863376438623961616364223b613a363a7b733a323a226964223b733a323a223233223b733a333a22717479223b643a313b733a353a227072696365223b643a32393030303b733a343a226e616d65223b733a32303a224159414d2042414b4152204b48415320534f4c4f223b733a353a22726f776964223b733a33323a223337363933636663373438303439653435643837623863376438623961616364223b733a383a22737562746f74616c223b643a32393030303b7d7d),
('v1jlgfkibaq3qe4n495h5bnhge7bdn23', '::1', 1662042322, 0x5f5f63695f6c6173745f726567656e65726174657c693a313636323034323332323b7265646972656374696f6e7c4e3b5f5f4143544956455f53455353494f4e5f444154417c733a3235363a22373839393338346663613661326166653136333834316137656132346232363233333434666432363062613930386665343434373138313864303437316364666339666638313964613334366335666637336164386637373836316265646431303237336462336562383531363666383062363136373166363966333663323238796f6d3947383059666d4e53332b743445524f7a735731654a65664e6d444258543948454d6577782f61314e7041366a76666a2f5934615a4771316a7869467174747155536171734c316a696f572f41626239544e4d30734d514973686141636c526a7274666d4e6245516363585978395834475249642b583259375a4868223b636172745f636f6e74656e74737c613a363a7b733a31303a22636172745f746f74616c223b643a3232323030303b733a31313a22746f74616c5f6974656d73223b643a383b733a33323a226236643736376432663865643564323161343462306535383836363830636239223b613a363a7b733a323a226964223b733a323a223232223b733a333a22717479223b643a343b733a353a227072696365223b643a32383030303b733a343a226e616d65223b733a31373a22434150434159205341555320544952414d223b733a353a22726f776964223b733a33323a226236643736376432663865643564323161343462306535383836363830636239223b733a383a22737562746f74616c223b643a3131323030303b7d733a33323a223666343932326634353536383136316138636466346164323239396636643233223b613a363a7b733a323a226964223b733a323a223138223b733a333a22717479223b643a323b733a353a227072696365223b643a32333030303b733a343a226e616d65223b733a31393a22424542454b2042414b4152204b414c4153414e223b733a353a22726f776964223b733a33323a223666343932326634353536383136316138636466346164323239396636643233223b733a383a22737562746f74616c223b643a34363030303b7d733a33323a223337363933636663373438303439653435643837623863376438623961616364223b613a363a7b733a323a226964223b733a323a223233223b733a333a22717479223b643a313b733a353a227072696365223b643a32393030303b733a343a226e616d65223b733a32303a224159414d2042414b4152204b48415320534f4c4f223b733a353a22726f776964223b733a33323a223337363933636663373438303439653435643837623863376438623961616364223b733a383a22737562746f74616c223b643a32393030303b7d733a33323a226337346439376230316561653235376534346161396435626164653937626166223b613a363a7b733a323a226964223b733a323a223136223b733a333a22717479223b643a313b733a353a227072696365223b643a33353030303b733a343a226e616d65223b733a31333a22475552414d452042414b415272223b733a353a22726f776964223b733a33323a226337346439376230316561653235376534346161396435626164653937626166223b733a383a22737562746f74616c223b643a33353030303b7d7d),
('4as0ac20kqsbgcmmirmntoufhrndgdtj', '::1', 1662042868, 0x5f5f63695f6c6173745f726567656e65726174657c693a313636323034323836383b7265646972656374696f6e7c4e3b5f5f4143544956455f53455353494f4e5f444154417c733a3235363a22373839393338346663613661326166653136333834316137656132346232363233333434666432363062613930386665343434373138313864303437316364666339666638313964613334366335666637336164386637373836316265646431303237336462336562383531363666383062363136373166363966333663323238796f6d3947383059666d4e53332b743445524f7a735731654a65664e6d444258543948454d6577782f61314e7041366a76666a2f5934615a4771316a7869467174747155536171734c316a696f572f41626239544e4d30734d514973686141636c526a7274666d4e6245516363585978395834475249642b583259375a4868223b636172745f636f6e74656e74737c613a373a7b733a31303a22636172745f746f74616c223b643a3236393030303b733a31313a22746f74616c5f6974656d73223b643a31303b733a33323a226236643736376432663865643564323161343462306535383836363830636239223b613a363a7b733a323a226964223b733a323a223232223b733a333a22717479223b643a343b733a353a227072696365223b643a32383030303b733a343a226e616d65223b733a31373a22434150434159205341555320544952414d223b733a353a22726f776964223b733a33323a226236643736376432663865643564323161343462306535383836363830636239223b733a383a22737562746f74616c223b643a3131323030303b7d733a33323a223666343932326634353536383136316138636466346164323239396636643233223b613a363a7b733a323a226964223b733a323a223138223b733a333a22717479223b643a323b733a353a227072696365223b643a32333030303b733a343a226e616d65223b733a31393a22424542454b2042414b4152204b414c4153414e223b733a353a22726f776964223b733a33323a223666343932326634353536383136316138636466346164323239396636643233223b733a383a22737562746f74616c223b643a34363030303b7d733a33323a223337363933636663373438303439653435643837623863376438623961616364223b613a363a7b733a323a226964223b733a323a223233223b733a333a22717479223b643a323b733a353a227072696365223b643a32393030303b733a343a226e616d65223b733a32303a224159414d2042414b4152204b48415320534f4c4f223b733a353a22726f776964223b733a33323a223337363933636663373438303439653435643837623863376438623961616364223b733a383a22737562746f74616c223b643a35383030303b7d733a33323a226337346439376230316561653235376534346161396435626164653937626166223b613a363a7b733a323a226964223b733a323a223136223b733a333a22717479223b643a313b733a353a227072696365223b643a33353030303b733a343a226e616d65223b733a31333a22475552414d452042414b415272223b733a353a22726f776964223b733a33323a226337346439376230316561653235376534346161396435626164653937626166223b733a383a22737562746f74616c223b643a33353030303b7d733a33323a223938663133373038323130313934633437353638376265363130366133623834223b613a363a7b733a323a226964223b733a323a223230223b733a333a22717479223b643a313b733a353a227072696365223b643a31383030303b733a343a226e616d65223b733a31343a2254554d4953204b414e474b554e47223b733a353a22726f776964223b733a33323a223938663133373038323130313934633437353638376265363130366133623834223b733a383a22737562746f74616c223b643a31383030303b7d7d),
('ks73sj5kh4pebrlm6eck9qmelsqa0k6q', '::1', 1662043279, 0x5f5f63695f6c6173745f726567656e65726174657c693a313636323034333237393b7265646972656374696f6e7c4e3b5f5f4143544956455f53455353494f4e5f444154417c733a3235363a22373839393338346663613661326166653136333834316137656132346232363233333434666432363062613930386665343434373138313864303437316364666339666638313964613334366335666637336164386637373836316265646431303237336462336562383531363666383062363136373166363966333663323238796f6d3947383059666d4e53332b743445524f7a735731654a65664e6d444258543948454d6577782f61314e7041366a76666a2f5934615a4771316a7869467174747155536171734c316a696f572f41626239544e4d30734d514973686141636c526a7274666d4e6245516363585978395834475249642b583259375a4868223b6f726465725f7175616e746974797c613a303a7b7d746f74616c5f70726963657c693a31343030303b636172745f636f6e74656e74737c613a353a7b733a31303a22636172745f746f74616c223b643a38313030303b733a31313a22746f74616c5f6974656d73223b643a333b733a33323a226236643736376432663865643564323161343462306535383836363830636239223b613a363a7b733a323a226964223b733a323a223232223b733a333a22717479223b643a313b733a353a227072696365223b643a32383030303b733a343a226e616d65223b733a31373a22434150434159205341555320544952414d223b733a353a22726f776964223b733a33323a226236643736376432663865643564323161343462306535383836363830636239223b733a383a22737562746f74616c223b643a32383030303b7d733a33323a223363353964633034386538383530323433626538303739613563373464303739223b613a363a7b733a323a226964223b733a323a223231223b733a333a22717479223b643a313b733a353a227072696365223b643a33353030303b733a343a226e616d65223b733a32343a22424157414c2042414b41522042554d4255204b554e494e47223b733a353a22726f776964223b733a33323a223363353964633034386538383530323433626538303739613563373464303739223b733a383a22737562746f74616c223b643a33353030303b7d733a33323a223938663133373038323130313934633437353638376265363130366133623834223b613a363a7b733a323a226964223b733a323a223230223b733a333a22717479223b643a313b733a353a227072696365223b643a31383030303b733a343a226e616d65223b733a31343a2254554d4953204b414e474b554e47223b733a353a22726f776964223b733a33323a223938663133373038323130313934633437353638376265363130366133623834223b733a383a22737562746f74616c223b643a31383030303b7d7d),
('as6lmutmbrmhl0n0pecculkpn25uh8op', '::1', 1662043930, 0x5f5f63695f6c6173745f726567656e65726174657c693a313636323034333933303b7265646972656374696f6e7c4e3b5f5f4143544956455f53455353494f4e5f444154417c733a3235363a22373839393338346663613661326166653136333834316137656132346232363233333434666432363062613930386665343434373138313864303437316364666339666638313964613334366335666637336164386637373836316265646431303237336462336562383531363666383062363136373166363966333663323238796f6d3947383059666d4e53332b743445524f7a735731654a65664e6d444258543948454d6577782f61314e7041366a76666a2f5934615a4771316a7869467174747155536171734c316a696f572f41626239544e4d30734d514973686141636c526a7274666d4e6245516363585978395834475249642b583259375a4868223b6f726465725f7175616e746974797c613a303a7b7d746f74616c5f70726963657c693a31343030303b636172745f636f6e74656e74737c613a353a7b733a31303a22636172745f746f74616c223b643a38383030303b733a31313a22746f74616c5f6974656d73223b643a333b733a33323a223363353964633034386538383530323433626538303739613563373464303739223b613a363a7b733a323a226964223b733a323a223231223b733a333a22717479223b643a313b733a353a227072696365223b643a33353030303b733a343a226e616d65223b733a32343a22424157414c2042414b41522042554d4255204b554e494e47223b733a353a22726f776964223b733a33323a223363353964633034386538383530323433626538303739613563373464303739223b733a383a22737562746f74616c223b643a33353030303b7d733a33323a223938663133373038323130313934633437353638376265363130366133623834223b613a363a7b733a323a226964223b733a323a223230223b733a333a22717479223b643a313b733a353a227072696365223b643a31383030303b733a343a226e616d65223b733a31343a2254554d4953204b414e474b554e47223b733a353a22726f776964223b733a33323a223938663133373038323130313934633437353638376265363130366133623834223b733a383a22737562746f74616c223b643a31383030303b7d733a33323a226337346439376230316561653235376534346161396435626164653937626166223b613a363a7b733a323a226964223b733a323a223136223b733a333a22717479223b643a313b733a353a227072696365223b643a33353030303b733a343a226e616d65223b733a31333a22475552414d452042414b415272223b733a353a22726f776964223b733a33323a226337346439376230316561653235376534346161396435626164653937626166223b733a383a22737562746f74616c223b643a33353030303b7d7d),
('nvgunonjodsso57kn77tlbgvj664roun', '::1', 1662045274, 0x5f5f63695f6c6173745f726567656e65726174657c693a313636323034353237343b7265646972656374696f6e7c4e3b5f5f4143544956455f53455353494f4e5f444154417c733a3235363a22373839393338346663613661326166653136333834316137656132346232363233333434666432363062613930386665343434373138313864303437316364666339666638313964613334366335666637336164386637373836316265646431303237336462336562383531363666383062363136373166363966333663323238796f6d3947383059666d4e53332b743445524f7a735731654a65664e6d444258543948454d6577782f61314e7041366a76666a2f5934615a4771316a7869467174747155536171734c316a696f572f41626239544e4d30734d514973686141636c526a7274666d4e6245516363585978395834475249642b583259375a4868223b6f726465725f7175616e746974797c613a303a7b7d746f74616c5f70726963657c693a31343030303b636172745f636f6e74656e74737c613a353a7b733a31303a22636172745f746f74616c223b643a38383030303b733a31313a22746f74616c5f6974656d73223b643a333b733a33323a223363353964633034386538383530323433626538303739613563373464303739223b613a363a7b733a323a226964223b733a323a223231223b733a333a22717479223b643a313b733a353a227072696365223b643a33353030303b733a343a226e616d65223b733a32343a22424157414c2042414b41522042554d4255204b554e494e47223b733a353a22726f776964223b733a33323a223363353964633034386538383530323433626538303739613563373464303739223b733a383a22737562746f74616c223b643a33353030303b7d733a33323a223938663133373038323130313934633437353638376265363130366133623834223b613a363a7b733a323a226964223b733a323a223230223b733a333a22717479223b643a313b733a353a227072696365223b643a31383030303b733a343a226e616d65223b733a31343a2254554d4953204b414e474b554e47223b733a353a22726f776964223b733a33323a223938663133373038323130313934633437353638376265363130366133623834223b733a383a22737562746f74616c223b643a31383030303b7d733a33323a226337346439376230316561653235376534346161396435626164653937626166223b613a363a7b733a323a226964223b733a323a223136223b733a333a22717479223b643a313b733a353a227072696365223b643a33353030303b733a343a226e616d65223b733a31333a22475552414d452042414b415272223b733a353a22726f776964223b733a33323a226337346439376230316561653235376534346161396435626164653937626166223b733a383a22737562746f74616c223b643a33353030303b7d7d),
('7351pba716vsdacvmbuq0skcbcov27ov', '::1', 1662045529, 0x5f5f63695f6c6173745f726567656e65726174657c693a313636323034353237343b7265646972656374696f6e7c4e3b5f5f4143544956455f53455353494f4e5f444154417c733a3235363a22373839393338346663613661326166653136333834316137656132346232363233333434666432363062613930386665343434373138313864303437316364666339666638313964613334366335666637336164386637373836316265646431303237336462336562383531363666383062363136373166363966333663323238796f6d3947383059666d4e53332b743445524f7a735731654a65664e6d444258543948454d6577782f61314e7041366a76666a2f5934615a4771316a7869467174747155536171734c316a696f572f41626239544e4d30734d514973686141636c526a7274666d4e6245516363585978395834475249642b583259375a4868223b6f726465725f7175616e746974797c613a303a7b7d746f74616c5f70726963657c693a31343030303b),
('qdr4a9uhqqit4ralmc6vfqbq6evb3hpk', '::1', 1662527446, 0x5f5f63695f6c6173745f726567656e65726174657c693a313636323532373335383b7265646972656374696f6e7c4e3b5f5f4143544956455f53455353494f4e5f444154417c733a3235363a223937336339376261366638663561663635303861396135623335353564353461636330656530323765323733613265636566346130363561393431376137386533373262653364356135333832393937393131346639353135386237326261363339326236356233613763346565653162316262383265636563383566376631654e356b695356524f354b72346666756b467a4f2f79586d58546c6639693441734936596c4b577358687a796a505a795a6e6c6d72416a767159564358704355687335686569586f494574536e4951616b536e74326c674c586f6b4e2f39572b6f372f6c787064466c4a6d692f726d414e666b7a364d6e596a315a3046703757223b),
('7g9mcpd1rrne2j46hj8tsc59mo0p5svr', '::1', 1663755769, 0x5f5f63695f6c6173745f726567656e65726174657c693a313636333735353736393b),
('f5meakrmkhlnt5osnkj41drsulonplkc', '::1', 1665422533, 0x5f5f63695f6c6173745f726567656e65726174657c693a313636353432323532343b),
('5o7n7hh9u67dp6c3ouu0cdshcibtahld', '::1', 1665422525, 0x5f5f63695f6c6173745f726567656e65726174657c693a313636353432323532353b),
('2604s86no66k9p9ckaqepnnvovi39tml', '::1', 1665422526, 0x5f5f63695f6c6173745f726567656e65726174657c693a313636353432323532363b),
('l2emrhtmlvihmjsbcf6rbruuqcmcuvmi', '::1', 1665422530, 0x5f5f63695f6c6173745f726567656e65726174657c693a313636353432323533303b7265646972656374696f6e7c4e3b),
('auh81vers9l7vggeinqo9o90vl1pm4pb', '::1', 1665422534, 0x5f5f63695f6c6173745f726567656e65726174657c693a313636353432323533343b),
('gu22iu8u8vt4voov1qb9meiocl9us0qg', '::1', 1665422534, 0x5f5f63695f6c6173745f726567656e65726174657c693a313636353432323533343b),
('u1m58ah7ukpbvbkopo2fuhc1hmir3ds1', '::1', 1669791627, 0x5f5f63695f6c6173745f726567656e65726174657c693a313636393739313632373b7265646972656374696f6e7c4e3b5f5f4143544956455f53455353494f4e5f444154417c733a3235363a22633336366362313863346361396136346465386336393236633130616634383037356632303133396632383236346364393461633931323032383038343835343638313764653164363739623030343538343730383732363637326535666463393533313333383231616362376233613336666261643337623933613335383136776541352b4537485842796847657453514161636a6b463757777249504d3558436f504a46356e55476b50677861444e776767596d426d566c715a563148554874787731707a5a6a4d6f2b6932742b574b47525234524a6a2f4b46753645774b6c376f63565649726a5462422f2b4362416e2f414968746a48446575794a37223b),
('u7atv473gucqrgbdvpkeco4dsclunibu', '::1', 1669792207, 0x5f5f63695f6c6173745f726567656e65726174657c693a313636393739323230373b7265646972656374696f6e7c4e3b5f5f4143544956455f53455353494f4e5f444154417c733a3235363a22633336366362313863346361396136346465386336393236633130616634383037356632303133396632383236346364393461633931323032383038343835343638313764653164363739623030343538343730383732363637326535666463393533313333383231616362376233613336666261643337623933613335383136776541352b4537485842796847657453514161636a6b463757777249504d3558436f504a46356e55476b50677861444e776767596d426d566c715a563148554874787731707a5a6a4d6f2b6932742b574b47525234524a6a2f4b46753645774b6c376f63565649726a5462422f2b4362416e2f414968746a48446575794a37223b),
('tiqdda2ntf90cs19dh6bk1obpbm90ttd', '::1', 1669792522, 0x5f5f63695f6c6173745f726567656e65726174657c693a313636393739323532323b7265646972656374696f6e7c4e3b6c6f67696e5f666c6173687c733a303a22223b5f5f63695f766172737c613a323a7b733a31313a226c6f67696e5f666c617368223b733a333a226f6c64223b733a31323a226f6c645f757365726e616d65223b733a333a226f6c64223b7d6f6c645f757365726e616d657c733a363a22726f70656c31223b5f5f4143544956455f53455353494f4e5f444154417c733a3235363a2264646533313030666362313830643263343833303730353963336434333937623230373930346237303734333236373664363239373134383066656134306265353430366431386536656637363938393937626130393662623036656337643963366564653733303366343366393065613734613562663835646533383232326b644d3173534839644c4c2f4867655364394957737954327043787977396b614a2f35582f2b595a364669636e41746655612b547478465053495443376459774e4a784c6c43586478355269526d71524e304759746a63494d69696d4a416e683877437a384d6835594a47796638575975695a4e4e584347794d72734a707466223b636172745f636f6e74656e74737c613a333a7b733a31303a22636172745f746f74616c223b643a33353030303b733a31313a22746f74616c5f6974656d73223b643a313b733a33323a223363353964633034386538383530323433626538303739613563373464303739223b613a363a7b733a323a226964223b733a323a223231223b733a333a22717479223b643a313b733a353a227072696365223b643a33353030303b733a343a226e616d65223b733a32343a22424157414c2042414b41522042554d4255204b554e494e47223b733a353a22726f776964223b733a33323a223363353964633034386538383530323433626538303739613563373464303739223b733a383a22737562746f74616c223b643a33353030303b7d7d),
('rsb99oivs3r3977jnd6kpo169rf2qg3g', '::1', 1669792801, 0x5f5f63695f6c6173745f726567656e65726174657c693a313636393739323532323b7265646972656374696f6e7c4e3b6c6f67696e5f666c6173687c733a303a22223b5f5f63695f766172737c613a333a7b733a31313a226c6f67696e5f666c617368223b733a333a226f6c64223b733a31323a226f6c645f757365726e616d65223b733a333a226f6c64223b733a31343a2273657474696e67735f666c617368223b733a333a226f6c64223b7d6f6c645f757365726e616d657c733a363a22726f70656c31223b636172745f636f6e74656e74737c613a333a7b733a31303a22636172745f746f74616c223b643a33353030303b733a31313a22746f74616c5f6974656d73223b643a313b733a33323a223363353964633034386538383530323433626538303739613563373464303739223b613a363a7b733a323a226964223b733a323a223231223b733a333a22717479223b643a313b733a353a227072696365223b643a33353030303b733a343a226e616d65223b733a32343a22424157414c2042414b41522042554d4255204b554e494e47223b733a353a22726f776964223b733a33323a223363353964633034386538383530323433626538303739613563373464303739223b733a383a22737562746f74616c223b643a33353030303b7d7d5f5f4143544956455f53455353494f4e5f444154417c733a3235363a2233656330313664363935353135643238616336376432393334353563366531396130363862656233336331313932666461623438376433333435626633633734373366656666343037363838366336633032333438363535393765303530346238396465613035663463623863393039303761356662373165366437356261336c677753633544433747635058734e6f444c3648723374326e306d6f396446776747322b5a68524e334151784e48525a6e71682b2b3245415a45646b4470445053465669334239686c4f55694b3554726f3536516a6632525051704f2f445566556a2f4a484e374775353456706d646a3170622b62642b635930665a5a374c72223b73657474696e67735f666c6173687c733a33303a2250656e6761747572616e20626572686173696c2064697065726261727569223b);

-- --------------------------------------------------------

--
-- Struktur dari tabel `contacts`
--

CREATE TABLE `contacts` (
  `id` int(10) NOT NULL,
  `parent_id` int(10) DEFAULT NULL,
  `name` varchar(32) NOT NULL,
  `subject` varchar(128) DEFAULT NULL,
  `email` varchar(64) NOT NULL,
  `message` mediumtext NOT NULL,
  `contact_date` datetime DEFAULT NULL,
  `status` tinyint(1) DEFAULT 1,
  `reply_at` datetime DEFAULT NULL
) ENGINE=InnoDB DEFAULT CHARSET=utf8mb4;

--
-- Dumping data untuk tabel `contacts`
--

INSERT INTO `contacts` (`id`, `parent_id`, `name`, `subject`, `email`, `message`, `contact_date`, `status`, `reply_at`) VALUES
(10, NULL, 'ropel2', 'wqe', 'indogaming170@gmail.com', 'ewq', NULL, 2, NULL),
(11, NULL, 'ewq', 'wqe', 'ewq@gmail.com', 'ewqewq', NULL, 2, NULL);

-- --------------------------------------------------------

--
-- Struktur dari tabel `coupons`
--

CREATE TABLE `coupons` (
  `id` bigint(20) NOT NULL,
  `name` varchar(191) NOT NULL,
  `code` varchar(32) NOT NULL,
  `credit` decimal(8,2) NOT NULL,
  `start_date` date NOT NULL,
  `expired_date` date NOT NULL,
  `is_active` tinyint(4) DEFAULT 1
) ENGINE=InnoDB DEFAULT CHARSET=utf8mb4;

--
-- Dumping data untuk tabel `coupons`
--

INSERT INTO `coupons` (`id`, `name`, `code`, `credit`, `start_date`, `expired_date`, `is_active`) VALUES
(7, 'Satrio Wibowo1', 'z2AH8Q', '100.00', '2022-08-17', '2022-08-30', 1);

-- --------------------------------------------------------

--
-- Struktur dari tabel `customers`
--

CREATE TABLE `customers` (
  `id` bigint(20) NOT NULL,
  `user_id` bigint(20) UNSIGNED DEFAULT NULL,
  `name` varchar(50) NOT NULL,
  `phone_number` varchar(32) DEFAULT NULL,
  `address` varchar(191) NOT NULL,
  `profile_picture` varchar(191) DEFAULT NULL
) ENGINE=InnoDB DEFAULT CHARSET=utf8mb4;

--
-- Dumping data untuk tabel `customers`
--

INSERT INTO `customers` (`id`, `user_id`, `name`, `phone_number`, `address`, `profile_picture`) VALUES
(12, 14, 'ropel2', '90-3917317332', 'Griya wqeq', 'gambar1.png');

-- --------------------------------------------------------

--
-- Struktur dari tabel `notifikasi`
--

CREATE TABLE `notifikasi` (
  `id` int(100) NOT NULL,
  `user_id` int(10) NOT NULL COMMENT 'user_id',
  `no_order` varchar(60) NOT NULL,
  `tanggal` datetime NOT NULL,
  `status` int(2) NOT NULL,
  `is_read` int(5) NOT NULL
) ENGINE=InnoDB DEFAULT CHARSET=utf8mb4;

--
-- Dumping data untuk tabel `notifikasi`
--

INSERT INTO `notifikasi` (`id`, `user_id`, `no_order`, `tanggal`, `status`, `is_read`) VALUES
(3, 14, 'UFF30422214793', '2022-04-29 16:34:30', 3, 1),
(4, 14, 'XQU30422214143', '2022-04-30 16:44:01', 1, 1),
(5, 14, 'PZZ30422214025', '2022-04-30 17:57:33', 1, 1),
(6, 14, 'SWD30422214780', '2022-04-30 23:05:03', 1, 1),
(7, 14, 'LCB6522214736', '2022-05-06 15:55:11', 1, 1),
(8, 14, 'DPV23522114419', '2022-05-23 13:57:43', 3, 1),
(9, 14, 'HDN4722214275', '2022-07-04 18:12:48', 1, 0),
(10, 14, 'ZZJ4722214057', '2022-07-04 18:27:33', 1, 0),
(11, 14, 'SSF4722214684', '2022-07-04 18:30:06', 1, 1),
(13, 14, 'ADC4722214326', '2022-07-04 19:03:46', 3, 1),
(17, 14, 'VMS17722214064', '2022-07-17 19:21:12', 1, 0),
(18, 14, 'FZU17722214348', '2022-07-17 19:49:09', 1, 1),
(27, 14, 'EGK18722114723', '2022-07-18 13:27:47', 3, 0),
(28, 14, 'SRM18722214152', '2022-07-18 14:29:50', 3, 1),
(30, 14, 'HOF19722214643', '2022-07-20 03:23:05', 3, 0),
(31, 14, 'KTM19722214498', '2022-07-20 03:27:33', 3, 0),
(32, 14, 'VNP19722214710', '2022-07-20 03:29:12', 1, 0),
(33, 14, 'EJW19722214125', '2022-07-20 03:30:11', 3, 0),
(34, 14, 'BNY25722314835', '2022-07-25 15:28:54', 1, 0),
(35, 14, 'AWT25722314720', '2022-07-25 16:16:28', 3, 1),
(37, 14, 'LHT25722314713', '2022-07-25 22:12:12', 1, 1),
(38, 14, 'CXD25722314950', '2022-07-25 22:13:56', 1, 0),
(39, 14, 'WCZ25722314054', '2022-07-25 22:17:00', 1, 1),
(40, 14, 'NCC25722214650', '2022-07-25 22:38:43', 1, 1),
(41, 14, 'CLY25722214671', '2022-07-26 00:48:07', 3, 1),
(49, 14, 'XNY28722314584', '2022-07-28 21:49:42', 2, 1),
(52, 14, 'MAT30722214098', '2022-07-30 13:00:32', 2, 0),
(54, 14, 'BPE30722114405', '2022-07-30 13:09:49', 2, 0),
(56, 14, 'QUF30722114861', '2022-07-30 13:19:10', 2, 0),
(58, 14, 'NJI30722114518', '2022-07-30 13:22:04', 3, 0),
(59, 14, 'FCH30722214901', '2022-07-30 13:43:57', 1, 0),
(62, 14, 'AIT30722114279', '2022-07-30 14:22:51', 2, 0),
(63, 14, 'BJD30722214734', '2022-07-30 14:28:10', 1, 0),
(67, 14, 'MGN30722414954', '2022-07-30 15:34:10', 2, 0),
(70, 14, 'KAI30722114360', '2022-07-30 15:36:42', 2, 0),
(73, 14, 'LIK30722114510', '2022-07-30 15:40:41', 2, 0),
(88, 14, 'NCT30722114260', '2022-07-30 16:00:08', 2, 0),
(91, 14, 'ROX30722114802', '2022-07-30 16:10:20', 2, 0),
(93, 14, 'PIO30722114046', '2022-07-30 17:26:25', 1, 0),
(94, 14, 'JVD30722214429', '2022-07-30 17:38:47', 1, 1),
(95, 14, 'LBT30722114921', '2022-07-30 19:37:46', 1, 0),
(96, 14, 'WYK30722214293', '2022-07-30 22:06:53', 1, 0),
(98, 14, 'KTC30722114471', '2022-07-30 22:07:21', 1, 0),
(99, 14, 'UGO31722114415', '2022-07-31 17:41:40', 1, 0),
(100, 14, 'TDJ31722114483', '2022-07-31 17:42:59', 1, 0),
(101, 14, 'YDQ31722114670', '2022-07-31 17:59:22', 1, 0),
(102, 14, 'SUK1822114142', '2022-08-02 01:29:15', 3, 0),
(104, 14, 'DVW2822214867', '2022-08-02 23:13:30', 1, 1),
(105, 14, 'QOI2822114793', '2022-08-02 23:17:59', 1, 0),
(106, 14, 'VJT2822114937', '2022-08-02 23:29:50', 1, 0),
(107, 14, 'UVU14822214269', '2022-08-15 01:30:34', 3, 0),
(108, 14, 'OJM21822214896', '2022-08-22 00:43:43', 1, 0),
(109, 14, 'YAV21822114059', '2022-08-22 00:49:52', 1, 0),
(110, 14, 'AHO24822314901', '2022-08-25 00:29:21', 3, 0),
(111, 14, 'PXE24822214093', '2022-08-25 00:35:38', 1, 0),
(116, 14, 'YUM24822114962', '2022-08-25 00:44:07', 2, 0),
(120, 14, 'HOX24822214892', '2022-08-25 00:47:47', 2, 0),
(122, 14, 'KXN24822214854', '2022-08-25 00:55:19', 2, 0),
(125, 14, 'UJA24822214860', '2022-08-25 00:59:43', 2, 0),
(128, 14, 'LDV24822214486', '2022-08-25 01:08:19', 2, 0),
(129, 14, 'XDW24822214576', '2022-08-25 04:43:03', 2, 0),
(131, 14, 'BLP25822314790', '2022-08-25 19:29:00', 1, 0),
(132, 14, 'OKD26822214046', '2022-08-26 18:16:51', 1, 0);

-- --------------------------------------------------------

--
-- Struktur dari tabel `notifikasi_admin`
--

CREATE TABLE `notifikasi_admin` (
  `id` int(255) NOT NULL,
  `user_id` int(10) NOT NULL,
  `no_order` varchar(60) NOT NULL,
  `tanggal` datetime NOT NULL,
  `status` int(2) NOT NULL,
  `is_read` int(5) NOT NULL
) ENGINE=InnoDB DEFAULT CHARSET=utf8mb4;

--
-- Dumping data untuk tabel `notifikasi_admin`
--

INSERT INTO `notifikasi_admin` (`id`, `user_id`, `no_order`, `tanggal`, `status`, `is_read`) VALUES
(10, 14, 'AIT30722114279', '2022-07-30 14:24:27', 2, 0),
(11, 14, 'AIT30722114279', '2022-07-30 14:24:36', 2, 0),
(12, 14, 'BJD30722214734', '2022-07-30 14:28:55', 2, 0),
(14, 14, 'MGN30722414954', '2022-07-30 15:34:10', 2, 0),
(15, 14, 'KAI30722114360', '2022-07-30 15:36:37', 2, 0),
(17, 14, 'LIK30722114510', '2022-07-30 15:40:09', 2, 0),
(19, 14, 'NCT30722114260', '2022-07-30 15:44:40', 2, 0),
(33, 14, 'ROX30722114802', '2022-07-30 16:10:03', 2, 0),
(36, 14, 'KTC30722114471', '2022-07-30 22:07:21', 2, 1),
(38, 14, 'TDJ31722114483', '2022-07-31 13:30:08', 1, 1),
(39, 14, 'UGO31722114415', '2022-07-31 19:18:26', 1, 1),
(40, 14, 'YUM24822114962', '2022-08-25 00:44:06', 2, 0),
(41, 14, 'XDW24822214576', '2022-08-25 00:44:07', 2, 1),
(42, 14, 'YUM24822114962', '2022-08-25 00:44:07', 2, 0),
(43, 14, 'HOX24822214892', '2022-08-25 00:46:28', 2, 1),
(44, 14, 'HOX24822214892', '2022-08-25 00:47:27', 2, 1),
(45, 14, 'HOX24822214892', '2022-08-25 00:47:47', 2, 1),
(46, 14, 'KXN24822214854', '2022-08-25 00:54:29', 1, 1),
(47, 14, 'UJA24822214860', '2022-08-25 00:59:11', 2, 1),
(48, 14, 'UJA24822214860', '2022-08-25 00:59:43', 2, 1),
(49, 14, 'LDV24822214486', '2022-08-25 01:07:11', 2, 1),
(50, 14, 'LDV24822214486', '2022-08-25 01:08:19', 2, 1),
(51, 14, 'XDW24822214576', '2022-08-25 04:43:03', 2, 1);

-- --------------------------------------------------------

--
-- Struktur dari tabel `ongkir`
--

CREATE TABLE `ongkir` (
  `id` int(255) NOT NULL,
  `wilayah` varchar(255) NOT NULL,
  `tarif` int(6) NOT NULL
) ENGINE=InnoDB DEFAULT CHARSET=utf8mb4;

--
-- Dumping data untuk tabel `ongkir`
--

INSERT INTO `ongkir` (`id`, `wilayah`, `tarif`) VALUES
(1, 'Kelurahan Pasir Angin', 10000),
(2, 'Kelurahan Cipenjo', 15000),
(3, 'Kelurahan Batu', 20000);

-- --------------------------------------------------------

--
-- Struktur dari tabel `orders`
--

CREATE TABLE `orders` (
  `id` bigint(20) NOT NULL,
  `user_id` bigint(20) UNSIGNED DEFAULT NULL,
  `coupon_id` bigint(20) DEFAULT NULL,
  `order_number` varchar(16) NOT NULL,
  `order_status` enum('1','2','3','4','5') DEFAULT '1',
  `order_date` datetime NOT NULL,
  `total_price` decimal(8,2) DEFAULT NULL,
  `total_items` int(10) DEFAULT NULL,
  `payment_method` int(11) DEFAULT 1,
  `delivery_data` text DEFAULT NULL,
  `delivered_date` datetime DEFAULT NULL,
  `finish_date` datetime DEFAULT NULL
) ENGINE=InnoDB DEFAULT CHARSET=utf8mb4;

--
-- Dumping data untuk tabel `orders`
--

INSERT INTO `orders` (`id`, `user_id`, `coupon_id`, `order_number`, `order_status`, `order_date`, `total_price`, `total_items`, `payment_method`, `delivery_data`, `delivered_date`, `finish_date`) VALUES
(75, 14, NULL, 'FGS4322214845', '4', '2022-03-04 14:54:35', '68985.00', 2, 3, '{\"customer\":{\"name\":\"ropel2\",\"phone_number\":\"90-3917317332\",\"address\":\"Griya\"},\"tipe_payment\":\"CSTORE\",\"waktu_transaksi\":\"2022-03-04 20:54:35\",\"bank\":\"PERMATA BANK\",\"va_number\":\"883917317332\",\"pdf_url\":\"https:\\/\\/app.sandbox.midtrans.com\\/snap\\/v1\\/transactions\\/87d787db-79b2-4756-a377-abc37bd10b2f\\/pdf\",\"status_code\":\"201\",\"note\":\"\"}', NULL, NULL),
(76, 14, NULL, 'CWQ4322214271', '1', '2022-03-04 15:21:07', '57000.00', 2, 3, '{\"customer\":{\"name\":\"ropel2\",\"phone_number\":\"90-3917317332\",\"address\":\"Griya\"},\"tipe_payment\":\"CSTORE\",\"waktu_transaksi\":\"2022-03-04 21:21:08\",\"bank\":\"INDOMARET\",\"va_number\":\"943917317332\",\"pdf_url\":\"https:\\/\\/app.sandbox.midtrans.com\\/snap\\/v1\\/transactions\\/8e414fb3-5657-4386-99da-58ff59e8967b\\/pdf\",\"status_code\":\"201\",\"note\":\"\"}', NULL, NULL),
(77, 14, NULL, 'LCT4322314905', '1', '2022-03-04 17:32:00', '113000.00', 3, 3, '{\"customer\":{\"name\":\"ropel2\",\"phone_number\":\"90-3917317332\",\"address\":\"Griya\"},\"tipe_payment\":\"CSTORE\",\"waktu_transaksi\":\"2022-03-04 23:31:59\",\"bank\":\"ALFAMART\",\"va_number\":\"1284871424046388\",\"pdf_url\":\"https:\\/\\/app.sandbox.midtrans.com\\/snap\\/v1\\/transactions\\/e4f75c64-4749-4007-8c09-f11208ba6083\\/pdf\",\"status_code\":\"201\",\"note\":\"\"}', NULL, NULL),
(78, 14, NULL, 'XJA6322214974', '2', '2022-03-06 13:03:24', '52000.00', 2, 3, '{\"customer\":{\"name\":\"ropel2\",\"phone_number\":\"90-3917317332\",\"address\":\"Griya\"},\"tipe_payment\":\"CSTORE\",\"waktu_transaksi\":\"2022-03-06 19:03:23\",\"bank\":\"INDOMARET\",\"va_number\":\"343917317332\",\"pdf_url\":\"https:\\/\\/app.sandbox.midtrans.com\\/snap\\/v1\\/transactions\\/82847a13-a6f1-43a2-9206-61dc2ca72cae\\/pdf\",\"status_code\":\"201\",\"note\":\"\"}', NULL, NULL),
(79, 14, NULL, 'MXN6322314470', '5', '2022-03-06 16:24:25', '106000.00', 3, 3, '{\"customer\":{\"name\":\"ropel2\",\"phone_number\":\"90-3917317332\",\"address\":\"Griya\"},\"tipe_payment\":\"CSTORE\",\"waktu_transaksi\":\"2022-03-06 22:24:25\",\"bank\":\"INDOMARET\",\"va_number\":\"423917317332\",\"pdf_url\":\"https:\\/\\/app.sandbox.midtrans.com\\/snap\\/v1\\/transactions\\/f8c912a6-984b-4351-9ee3-e7f65e3bde94\\/pdf\",\"status_code\":\"201\",\"note\":\"\"}', NULL, NULL),
(80, 14, NULL, 'LGQ6322214529', '2', '2022-03-06 17:01:07', '57000.00', 2, 1, '{\"customer\":{\"name\":\"ropel2\",\"phone_number\":\"90-3917317332\",\"address\":\"Griya\"},\"note\":\"\"}', NULL, NULL),
(81, 14, NULL, 'PRT6322214409', '2', '2022-03-06 17:04:17', '57000.00', 2, 1, '{\"customer\":{\"name\":\"ropel2\",\"phone_number\":\"90-3917317332\",\"address\":\"Griya\"},\"note\":\"\"}', NULL, NULL),
(83, 14, NULL, 'VXT6322214103', '2', '2022-03-06 17:43:05', '57000.00', 2, 1, '{\"customer\":{\"name\":\"ropel2\",\"phone_number\":\"90-3917317332\",\"address\":\"Griya\"},\"note\":\"\"}', NULL, NULL),
(84, 14, NULL, 'VCH6322214741', '2', '2022-03-06 17:51:48', '57000.00', 2, 1, '{\"customer\":{\"name\":\"ropel2\",\"phone_number\":\"90-3917317332\",\"address\":\"Griya\",\"payment_method\":\"1\"},\"note\":\"\"}', NULL, NULL),
(85, 14, NULL, 'MPX6322214048', '4', '2022-03-06 18:07:38', '52000.00', 2, 3, '{\"customer\":{\"name\":\"ropel2\",\"phone_number\":\"90-3917317332\",\"address\":\"Griya\"},\"tipe_payment\":\"BANK TRANSFER\",\"waktu_transaksi\":\"2022-03-07 00:07:39\",\"bank\":\"BCA\",\"va_number\":\"128404539668\",\"pdf_url\":\"https:\\/\\/app.sandbox.midtrans.com\\/snap\\/v1\\/transactions\\/4044735f-090c-4939-8bc8-9e14a520d8a7\\/pdf\",\"status_code\":\"201\",\"note\":\"\"}', NULL, NULL),
(87, 14, NULL, 'AKQ7322214152', '1', '2022-03-07 04:34:06', '57000.00', 2, 1, '{\"customer\":{\"name\":\"ropel2\",\"phone_number\":\"90-3917317332\",\"address\":\"Griya\"},\"note\":\"\"}', NULL, NULL),
(88, 14, NULL, 'PPX7322214792', '1', '2022-03-07 05:51:25', '52000.00', 2, 3, '{\"customer\":{\"name\":\"ropel2\",\"phone_number\":\"90-3917317332\",\"address\":\"Griya\"},\"tipe_payment\":\"BANK TRANSFER\",\"waktu_transaksi\":\"2022-03-07 11:51:24\",\"bank\":\"BCA\",\"va_number\":\"128404620546\",\"pdf_url\":\"https:\\/\\/app.sandbox.midtrans.com\\/snap\\/v1\\/transactions\\/0ee252bd-75f5-4fa8-96f5-331274d8c18d\\/pdf\",\"status_code\":\"201\",\"note\":\"\"}', NULL, NULL),
(89, 14, NULL, 'CPV7322214810', '2', '2022-03-07 05:52:23', '57000.00', 2, 1, '{\"customer\":{\"name\":\"ropel2\",\"phone_number\":\"90-3917317332\",\"address\":\"Griya\"},\"note\":\"\"}', NULL, NULL),
(90, 14, NULL, 'WMU7322214547', '5', '2022-03-07 05:55:28', '57000.00', 2, 3, '{\"customer\":{\"name\":\"ropel2\",\"phone_number\":\"90-3917317332\",\"address\":\"Griya\"},\"tipe_payment\":\"\",\"waktu_transaksi\":null,\"bank\":\"PERMATA BANK\",\"va_number\":null,\"pdf_url\":null,\"status_code\":\"500\",\"note\":\"\"}', NULL, NULL),
(91, 14, NULL, 'YWE7322214679', '1', '2022-03-07 06:07:18', '57000.00', 2, 3, '{\"customer\":{\"name\":\"ropel2\",\"phone_number\":\"90-3917317332\",\"address\":\"Griya\"},\"tipe_payment\":\"BANK TRANSFER\",\"waktu_transaksi\":\"2022-03-07 12:07:16\",\"bank\":\"BCA\",\"va_number\":\"128404480961\",\"pdf_url\":\"https:\\/\\/app.sandbox.midtrans.com\\/snap\\/v1\\/transactions\\/4a537f9c-4645-436f-ae7a-7ba704b0799d\\/pdf\",\"status_code\":\"201\",\"note\":\"\"}', NULL, NULL),
(92, 14, NULL, 'VFB7322214287', '2', '2022-03-07 12:48:03', '68985.00', 2, 3, '{\"customer\":{\"name\":\"ropel2\",\"phone_number\":\"90-3917317332\",\"address\":\"Griya\"},\"tipe_payment\":\"CSTORE\",\"waktu_transaksi\":\"2022-03-07 18:48:02\",\"bank\":\"INDOMARET\",\"va_number\":\"373917317332\",\"pdf_url\":\"https:\\/\\/app.sandbox.midtrans.com\\/snap\\/v1\\/transactions\\/de358f8f-c8d5-402c-99c8-69d1a7de8a00\\/pdf\",\"status_code\":\"201\",\"note\":\"\"}', NULL, NULL),
(93, 14, NULL, 'KPR7322214398', '2', '2022-03-07 12:49:19', '68985.00', 2, 1, '{\"customer\":{\"name\":\"ropel2\",\"phone_number\":\"90-3917317332\",\"address\":\"Griya\"},\"note\":\"\"}', NULL, NULL),
(95, 14, NULL, 'DVX26322214159', '1', '2022-03-26 10:36:58', '52000.00', 2, 1, '{\"customer\":{\"name\":\"ropel2\",\"phone_number\":\"90-3917317332\",\"address\":\"Griya\"},\"note\":\"\"}', NULL, NULL),
(96, 14, NULL, 'PXN26322214607', '1', '2022-03-26 10:37:41', '57000.00', 2, 1, '{\"customer\":{\"name\":\"ropel2\",\"phone_number\":\"90-3917317332\",\"address\":\"Griya\"},\"note\":\"\"}', NULL, NULL),
(97, 14, NULL, 'VVH26322214439', '1', '2022-03-26 10:38:33', '52000.00', 2, 1, '{\"customer\":{\"name\":\"ropel2\",\"phone_number\":\"90-3917317332\",\"address\":\"Griya\"},\"note\":\"\"}', NULL, NULL),
(98, 14, NULL, 'GYE26322214306', '1', '2022-03-26 10:47:09', '71000.00', 2, 1, '{\"customer\":{\"name\":\"ropel2\",\"phone_number\":\"90-3917317332\",\"address\":\"Griya\"},\"note\":\"\"}', NULL, NULL),
(99, 14, NULL, 'MYD26322214640', '4', '2022-03-26 10:48:06', '52000.00', 2, 1, '{\"customer\":{\"name\":\"ropel2\",\"phone_number\":\"90-3917317332\",\"address\":\"Griya\"},\"note\":\"\"}', NULL, NULL),
(100, 14, NULL, 'SAI26322014980', '1', '2022-03-26 12:31:21', '14000.00', 0, 1, '{\"customer\":{\"name\":\"ropel2\",\"phone_number\":\"90-3917317332\",\"address\":\"Griya\"},\"note\":\"\"}', NULL, NULL),
(101, 14, NULL, 'DYV26322214759', '1', '2022-03-26 14:20:20', '77000.00', 2, 1, '{\"customer\":{\"name\":\"ropel2\",\"phone_number\":\"90-3917317332\",\"address\":\"Griya\"},\"note\":\"\"}', NULL, NULL),
(102, 14, NULL, 'KBP26322214298', '1', '2022-03-26 14:24:40', '57000.00', 2, 1, '{\"customer\":{\"name\":\"ropel2\",\"phone_number\":\"90-3917317332\",\"address\":\"Griya\"},\"note\":\"\"}', NULL, NULL),
(103, 14, NULL, 'PJA24422214271', '4', '2022-04-24 09:25:17', '57000.00', 2, 1, '{\"customer\":{\"name\":\"ropel2\",\"phone_number\":\"90-3917317332\",\"address\":\"Griya\"},\"note\":\"\"}', NULL, NULL),
(104, 14, NULL, 'FPK26422214490', '4', '2022-04-26 17:11:31', '57000.00', 2, 1, '{\"customer\":{\"name\":\"ropel2\",\"phone_number\":\"90-3917317332\",\"address\":\"Griya\"},\"note\":\"\"}', NULL, NULL),
(105, 14, NULL, 'UFF30422214793', '4', '2022-04-30 16:34:30', '77000.00', 2, 1, '{\"customer\":{\"name\":\"ropel2\",\"phone_number\":\"90-3917317332\",\"address\":\"Griya\"},\"note\":\"\"}', NULL, NULL),
(106, 14, NULL, 'XQU30422214143', '1', '2022-04-30 16:44:01', '57000.00', 2, 1, '{\"customer\":{\"name\":\"ropel2\",\"phone_number\":\"90-3917317332\",\"address\":\"Griya\"},\"note\":\"\"}', NULL, NULL),
(107, 14, NULL, 'PZZ30422214025', '1', '2022-04-30 17:57:33', '57000.00', 2, 1, '{\"customer\":{\"name\":\"ropel2\",\"phone_number\":\"90-3917317332\",\"address\":\"Griya\"},\"note\":\"\"}', NULL, NULL),
(108, 14, NULL, 'SWD30422214780', '1', '2022-04-30 23:05:03', '52000.00', 2, 1, '{\"customer\":{\"name\":\"ropel2\",\"phone_number\":\"90-3917317332\",\"address\":\"Griya\"},\"note\":\"\"}', NULL, NULL),
(109, 14, NULL, 'LCB6522214736', '2', '2022-05-06 15:55:11', '68985.00', 2, 1, '{\"customer\":{\"name\":\"ropel2\",\"phone_number\":\"90-3917317332\",\"address\":\"Griya\"},\"note\":\"\"}', NULL, NULL),
(110, 14, NULL, 'DPV23522114419', '4', '2022-07-07 17:43:50', '37000.00', 1, 3, '{\"customer\":{\"name\":\"ropel2\",\"phone_number\":\"90-3917317332\",\"address\":\"Griya\"},\"tipe_payment\":\"GOPAY\",\"waktu_transaksi\":\"2022-05-23 13:57:30\",\"bank\":\"PERMATA BANK\",\"va_number\":null,\"pdf_url\":null,\"status_code\":\"201\",\"note\":\"\"}', NULL, NULL),
(111, 14, NULL, 'HDN4722214275', '4', '2022-07-01 01:08:20', '49000.00', 2, 3, '{\"customer\":{\"name\":\"ropel2\",\"phone_number\":\"90-3917317332\",\"address\":\"Griyaewqewq\"},\"tipe_payment\":\"GOPAY\",\"waktu_transaksi\":\"2022-07-04 18:12:38\",\"bank\":\"PERMATA BANK\",\"va_number\":null,\"pdf_url\":null,\"status_code\":\"201\",\"note\":\"ewqewqewqewq\"}', NULL, NULL),
(112, 14, NULL, 'ZZJ4722214057', '4', '2022-07-04 18:27:33', '57000.00', 2, 3, '{\"customer\":{\"name\":\"ropel2\",\"phone_number\":\"90-3917317332\",\"address\":\"Griya\"},\"tipe_payment\":\"BANK TRANSFER\",\"waktu_transaksi\":\"2022-07-04 18:27:30\",\"bank\":\"BCA\",\"va_number\":\"128404055653\",\"pdf_url\":\"https:\\/\\/app.sandbox.midtrans.com\\/snap\\/v1\\/transactions\\/d09284c4-3f05-4dfb-964e-05cd85745a0e\\/pdf\",\"status_code\":\"201\",\"note\":\"\"}', NULL, NULL),
(113, 14, NULL, 'SSF4722214684', '4', '2022-07-04 18:30:06', '52000.00', 2, 3, '{\"customer\":{\"name\":\"ropel2\",\"phone_number\":\"90-3917317332\",\"address\":\"Griya\"},\"tipe_payment\":\"BANK TRANSFER\",\"waktu_transaksi\":\"2022-07-04 18:30:03\",\"bank\":\"BCA\",\"va_number\":\"128404814667\",\"pdf_url\":\"https:\\/\\/app.sandbox.midtrans.com\\/snap\\/v1\\/transactions\\/9d1445b7-f028-42a7-9a2b-f2d8ec4f398c\\/pdf\",\"status_code\":\"201\",\"note\":\"\"}', NULL, NULL),
(115, 14, NULL, 'ADC4722214326', '5', '2022-07-04 19:03:46', '62000.00', 2, 1, '{\"customer\":{\"name\":\"ropel2\",\"phone_number\":\"90-3917317332\",\"address\":\"Griya\"},\"note\":\"\"}', NULL, NULL),
(119, 14, NULL, 'VMS17722214064', '2', '2022-07-17 19:21:12', '57000.00', 2, 1, '{\"customer\":{\"name\":\"ropel2\",\"phone_number\":\"90-3917317332\",\"address\":\"Griya\"},\"note\":\"\"}', NULL, NULL),
(120, 14, NULL, 'FZU17722214348', '2', '2022-07-17 19:49:09', '57000.00', 2, 3, '{\"customer\":{\"name\":\"ropel2\",\"phone_number\":\"90-3917317332\",\"address\":\"Griya\"},\"tipe_payment\":\"BANK TRANSFER\",\"waktu_transaksi\":\"2022-07-17 19:49:08\",\"bank\":\"BCA\",\"va_number\":\"128404293769\",\"pdf_url\":\"https:\\/\\/app.sandbox.midtrans.com\\/snap\\/v1\\/transactions\\/841940a3-2474-47a6-b36d-ad5779a56337\\/pdf\",\"status_code\":\"201\",\"note\":\"\"}', NULL, NULL),
(123, 14, NULL, 'EGK18722114723', '5', '2022-07-18 13:27:47', '34000.00', 1, 3, '{\"customer\":{\"name\":\"ropel2\",\"phone_number\":\"90-3917317332\",\"address\":\"Griya\"},\"tipe_payment\":\"ECHANNEL\",\"waktu_transaksi\":\"2022-07-18 13:27:45\",\"bank\":\"MANDIRI\",\"va_number\":\"983825402841\",\"pdf_url\":\"https:\\/\\/app.sandbox.midtrans.com\\/snap\\/v1\\/transactions\\/d0f30a66-db50-4ecf-a9a4-bd2e519519d6\\/pdf\",\"status_code\":\"201\",\"note\":\"\"}', NULL, NULL),
(124, 14, NULL, 'SRM18722214152', '5', '2022-07-18 14:29:50', '52000.00', 2, 3, '{\"customer\":{\"name\":\"ropel2\",\"phone_number\":\"90-3917317332\",\"address\":\"Griya\"},\"tipe_payment\":\"ECHANNEL\",\"waktu_transaksi\":\"2022-07-18 14:29:49\",\"bank\":\"MANDIRI\",\"va_number\":\"238777892167\",\"pdf_url\":\"https:\\/\\/app.sandbox.midtrans.com\\/snap\\/v1\\/transactions\\/7bb1063e-bd47-4190-b3e8-6b662e5bbed6\\/pdf\",\"status_code\":\"201\",\"note\":\"\"}', NULL, NULL),
(126, 14, NULL, 'HOF19722214643', '4', '2022-07-20 03:23:05', '52000.00', 2, 3, '{\"customer\":{\"name\":\"ropel2\",\"phone_number\":\"90-3917317332\",\"address\":\"Griya\"},\"tipe_payment\":\"BANK TRANSFER\",\"waktu_transaksi\":\"2022-07-20 03:23:04\",\"bank\":\"BCA\",\"va_number\":\"128404189487\",\"pdf_url\":\"https:\\/\\/app.sandbox.midtrans.com\\/snap\\/v1\\/transactions\\/7a91377c-8600-41a0-9816-a81d15cad92e\\/pdf\",\"status_code\":\"201\",\"note\":\"\"}', NULL, NULL),
(127, 14, NULL, 'KTM19722214498', '5', '2022-07-20 03:27:33', '52000.00', 2, 3, '{\"customer\":{\"name\":\"ropel2\",\"phone_number\":\"90-3917317332\",\"address\":\"Griya\"},\"tipe_payment\":\"ECHANNEL\",\"waktu_transaksi\":\"2022-07-20 03:27:32\",\"bank\":\"MANDIRI\",\"va_number\":\"464731811726\",\"pdf_url\":\"https:\\/\\/app.sandbox.midtrans.com\\/snap\\/v1\\/transactions\\/8c18e204-ec7a-4ed6-9563-3f5a2d71d227\\/pdf\",\"status_code\":\"201\",\"note\":\"\"}', NULL, NULL),
(128, 14, NULL, 'VNP19722214710', '1', '2022-07-20 03:29:12', '52000.00', 2, 1, '{\"customer\":{\"name\":\"ropel2\",\"phone_number\":\"90-3917317332\",\"address\":\"Griya\"},\"note\":\"\"}', NULL, NULL),
(129, 14, NULL, 'EJW19722214125', '5', '2022-07-20 03:30:11', '68985.00', 2, 3, '{\"customer\":{\"name\":\"ropel2\",\"phone_number\":\"90-3917317332\",\"address\":\"Griya\"},\"tipe_payment\":\"CSTORE\",\"waktu_transaksi\":\"2022-07-20 03:30:09\",\"bank\":\"INDOMARET\",\"va_number\":\"053917317332\",\"pdf_url\":\"https:\\/\\/app.sandbox.midtrans.com\\/snap\\/v1\\/transactions\\/ec19fbe5-52d4-4a14-8ce5-07151432bfd3\\/pdf\",\"status_code\":\"201\",\"note\":\"\"}', NULL, NULL),
(130, 14, NULL, 'BNY25722314835', '1', '2022-07-25 15:28:54', '73000.00', 3, 1, '{\"customer\":{\"name\":\"ropel2\",\"phone_number\":\"90-3917317332\",\"address\":\"Griya\"},\"note\":\"\"}', NULL, NULL),
(131, 14, NULL, 'AWT25722314720', '5', '2022-07-25 16:16:28', '68000.00', 3, 3, '{\"customer\":{\"name\":\"ropel2\",\"phone_number\":\"90-3917317332\",\"address\":\"Griya\"},\"tipe_payment\":\"BANK TRANSFER\",\"waktu_transaksi\":\"2022-07-25 16:16:27\",\"bank\":\"BCA\",\"va_number\":\"128404087202\",\"pdf_url\":\"https:\\/\\/app.sandbox.midtrans.com\\/snap\\/v1\\/transactions\\/8df70425-c028-47c0-8f95-5edec8a4c607\\/pdf\",\"status_code\":\"201\",\"note\":\"\"}', NULL, NULL),
(133, 14, NULL, 'LHT25722314713', '1', '2022-07-25 22:12:12', '68000.00', 3, 1, '{\"customer\":{\"name\":\"ropel2\",\"phone_number\":\"90-3917317332\",\"address\":\"Griya\"},\"note\":\"\"}', NULL, NULL),
(134, 14, NULL, 'CXD25722314950', '1', '2022-07-25 22:13:56', '82985.00', 3, 1, '{\"customer\":{\"name\":\"ropel2\",\"phone_number\":\"90-3917317332\",\"address\":\"Griya\"},\"note\":\"\"}', NULL, NULL),
(135, 14, NULL, 'WCZ25722314054', '1', '2022-07-25 22:17:00', '82985.00', 3, 1, '{\"customer\":{\"name\":\"ropel2\",\"phone_number\":\"90-3917317332\",\"address\":\"Griya\"},\"note\":\"\"}', NULL, NULL),
(136, 14, NULL, 'NCC25722214650', '1', '2022-07-25 22:38:43', '67985.00', 2, 1, '{\"customer\":{\"name\":\"ropel2\",\"phone_number\":\"90-3917317332\",\"address\":\"Griya\"},\"note\":\"\"}', NULL, NULL),
(137, 14, NULL, 'CLY25722214671', '5', '2022-07-26 00:48:07', '48000.00', 2, 3, '{\"customer\":{\"name\":\"ropel2\",\"phone_number\":\"90-3917317332\",\"address\":\"Griya\"},\"tipe_payment\":\"BANK TRANSFER\",\"waktu_transaksi\":\"2022-07-26 00:48:06\",\"bank\":\"BCA\",\"va_number\":\"128404540902\",\"pdf_url\":\"https:\\/\\/app.sandbox.midtrans.com\\/snap\\/v1\\/transactions\\/20bb39f2-b835-4085-8656-b32d1b9eab03\\/pdf\",\"status_code\":\"201\",\"note\":\"\"}', NULL, NULL),
(141, 14, NULL, 'XNY28722314584', '2', '2022-07-28 21:41:00', '68000.00', 3, 1, '{\"customer\":{\"name\":\"ropel2\",\"phone_number\":\"90-3917317332\",\"address\":\"Griya\"},\"note\":\"\"}', NULL, NULL),
(142, 14, NULL, 'MAT30722214098', '2', '2022-07-30 12:59:16', '64985.00', 2, 1, '{\"customer\":{\"name\":\"ropel2\",\"phone_number\":\"90-3917317332\",\"address\":\"Griya\"},\"note\":\"\"}', NULL, NULL),
(143, 14, NULL, 'BPE30722114405', '2', '2022-07-30 13:08:54', '35000.00', 1, 1, '{\"customer\":{\"name\":\"ropel2\",\"phone_number\":\"90-3917317332\",\"address\":\"Griya\"},\"note\":\"\"}', NULL, NULL),
(144, 14, NULL, 'QUF30722114861', '2', '2022-07-30 13:18:19', '30000.00', 1, 1, '{\"customer\":{\"name\":\"ropel2\",\"phone_number\":\"90-3917317332\",\"address\":\"Griya\"},\"note\":\"\"}', NULL, NULL),
(145, 14, NULL, 'NJI30722114518', '1', '2022-07-30 13:21:21', '38000.00', 1, 1, '{\"customer\":{\"name\":\"ropel2\",\"phone_number\":\"90-3917317332\",\"address\":\"Griya\"},\"note\":\"\"}', NULL, NULL),
(146, 14, NULL, 'FCH30722214901', '2', '2022-07-30 13:43:57', '53000.00', 2, 3, '{\"customer\":{\"name\":\"ropel2\",\"phone_number\":\"90-3917317332\",\"address\":\"Griya\"},\"tipe_payment\":\"BANK TRANSFER\",\"waktu_transaksi\":\"2022-07-30 13:43:55\",\"bank\":\"BCA\",\"va_number\":\"128404747006\",\"pdf_url\":\"https:\\/\\/app.sandbox.midtrans.com\\/snap\\/v1\\/transactions\\/c9862fd0-fdf8-42d4-a72d-bcc92d9f252e\\/pdf\",\"status_code\":\"201\",\"note\":\"\"}', NULL, NULL),
(147, 14, NULL, 'AIT30722114279', '2', '2022-07-30 14:22:51', '38000.00', 1, 3, '{\"customer\":{\"name\":\"ropel2\",\"phone_number\":\"90-3917317332\",\"address\":\"Griya\"},\"tipe_payment\":\"BANK TRANSFER\",\"waktu_transaksi\":\"2022-07-30 14:22:49\",\"bank\":\"BCA\",\"va_number\":\"128404492945\",\"pdf_url\":\"https:\\/\\/app.sandbox.midtrans.com\\/snap\\/v1\\/transactions\\/e13f0b24-0fa8-4571-8e9b-08238099c022\\/pdf\",\"status_code\":\"201\",\"note\":\"\"}', NULL, NULL),
(148, 14, NULL, 'BJD30722214734', '2', '2022-07-30 14:28:10', '58000.00', 2, 3, '{\"customer\":{\"name\":\"ropel2\",\"phone_number\":\"90-3917317332\",\"address\":\"Griya\"},\"tipe_payment\":\"ECHANNEL\",\"waktu_transaksi\":\"2022-07-30 14:28:08\",\"bank\":\"MANDIRI\",\"va_number\":\"960751809872\",\"pdf_url\":\"https:\\/\\/app.sandbox.midtrans.com\\/snap\\/v1\\/transactions\\/29727268-440c-45fb-a3f9-3e0e1bfae4ea\\/pdf\",\"status_code\":\"201\",\"note\":\"\"}', NULL, NULL),
(150, 14, NULL, 'MGN30722414954', '2', '2022-07-02 15:31:57', '110000.00', 4, 3, '{\"customer\":{\"name\":\"ropel2\",\"phone_number\":\"90-3917317332\",\"address\":\"Griya\"},\"tipe_payment\":\"BANK TRANSFER\",\"waktu_transaksi\":\"2022-07-30 15:31:56\",\"bank\":\"BCA\",\"va_number\":\"128404714381\",\"pdf_url\":\"https:\\/\\/app.sandbox.midtrans.com\\/snap\\/v1\\/transactions\\/e12d198a-158b-4c17-93fb-3acde20d969e\\/pdf\",\"status_code\":\"201\",\"note\":\"\"}', NULL, NULL),
(151, 14, NULL, 'KAI30722114360', '2', '2022-07-30 15:35:41', '33000.00', 1, 3, '{\"customer\":{\"name\":\"ropel2\",\"phone_number\":\"90-3917317332\",\"address\":\"Griya\"},\"tipe_payment\":\"BANK TRANSFER\",\"waktu_transaksi\":\"2022-07-30 15:35:40\",\"bank\":\"BCA\",\"va_number\":\"128404975825\",\"pdf_url\":\"https:\\/\\/app.sandbox.midtrans.com\\/snap\\/v1\\/transactions\\/33d2fd76-120e-4e49-8fe4-3f294aa93311\\/pdf\",\"status_code\":\"201\",\"note\":\"\"}', NULL, NULL),
(152, 14, NULL, 'LIK30722114510', '2', '2022-07-30 15:38:55', '35000.00', 1, 3, '{\"customer\":{\"name\":\"ropel2\",\"phone_number\":\"90-3917317332\",\"address\":\"Griya\"},\"tipe_payment\":\"BANK TRANSFER\",\"waktu_transaksi\":\"2022-07-30 15:38:53\",\"bank\":\"BCA\",\"va_number\":\"128404274343\",\"pdf_url\":\"https:\\/\\/app.sandbox.midtrans.com\\/snap\\/v1\\/transactions\\/4f8dcdf1-74be-463b-aabd-f36685d33756\\/pdf\",\"status_code\":\"201\",\"note\":\"\"}', NULL, NULL),
(153, 14, NULL, 'NCT30722114260', '2', '2022-07-30 15:44:12', '30000.00', 1, 3, '{\"customer\":{\"name\":\"ropel2\",\"phone_number\":\"90-3917317332\",\"address\":\"Griya\"},\"tipe_payment\":\"BANK TRANSFER\",\"waktu_transaksi\":\"2022-07-30 15:44:12\",\"bank\":\"BCA\",\"va_number\":\"128404021097\",\"pdf_url\":\"https:\\/\\/app.sandbox.midtrans.com\\/snap\\/v1\\/transactions\\/c157404b-e638-422d-b40c-a421fcc421e4\\/pdf\",\"status_code\":\"201\",\"note\":\"\"}', NULL, NULL),
(154, 14, NULL, 'ROX30722114802', '2', '2022-07-30 16:09:44', '35000.00', 1, 3, '{\"customer\":{\"name\":\"ropel2\",\"phone_number\":\"90-3917317332\",\"address\":\"Griya\"},\"tipe_payment\":\"BANK TRANSFER\",\"waktu_transaksi\":\"2022-07-30 16:09:43\",\"bank\":\"BCA\",\"va_number\":\"128404985033\",\"pdf_url\":\"https:\\/\\/app.sandbox.midtrans.com\\/snap\\/v1\\/transactions\\/466452e3-64ea-4a02-8ef8-ae986fb777d3\\/pdf\",\"status_code\":\"201\",\"note\":\"\"}', NULL, NULL),
(155, 14, NULL, 'PIO30722114046', '3', '2022-07-30 17:26:25', '38000.00', 1, 3, '{\"customer\":{\"name\":\"ropel2\",\"phone_number\":\"90-3917317332\",\"address\":\"Griya\"},\"tipe_payment\":\"BANK TRANSFER\",\"waktu_transaksi\":\"2022-07-30 17:26:22\",\"bank\":\"BCA\",\"va_number\":\"128404773738\",\"pdf_url\":\"https:\\/\\/app.sandbox.midtrans.com\\/snap\\/v1\\/transactions\\/81c1a71b-5835-44f2-9d2a-0472964ba81a\\/pdf\",\"status_code\":\"201\",\"note\":\"\"}', NULL, NULL),
(156, 14, NULL, 'JVD30722214429', '4', '2022-07-30 17:38:47', '48000.00', 2, 3, '{\"customer\":{\"name\":\"ropel2\",\"phone_number\":\"90-3917317332\",\"address\":\"Griya\"},\"tipe_payment\":\"ECHANNEL\",\"waktu_transaksi\":\"2022-07-30 17:38:47\",\"bank\":\"MANDIRI\",\"va_number\":\"244137087403\",\"pdf_url\":\"https:\\/\\/app.sandbox.midtrans.com\\/snap\\/v1\\/transactions\\/3a7f0060-31ca-41bd-8828-2e64f10ef588\\/pdf\",\"status_code\":\"201\",\"note\":\"\"}', NULL, NULL),
(157, 14, NULL, 'LBT30722114921', '3', '2022-07-30 19:37:46', '38000.00', 1, 2, '{\"customer\":{\"name\":\"ropel2\",\"phone_number\":\"90-3917317332\",\"address\":\"Griya\"},\"note\":\"\"}', NULL, NULL),
(158, 14, NULL, 'WYK30722214293', '4', '2022-07-30 22:06:53', '53000.00', 2, 1, '{\"customer\":{\"name\":\"ropel2\",\"phone_number\":\"90-3917317332\",\"address\":\"Griya\"},\"note\":\"\"}', NULL, NULL),
(160, 14, NULL, 'KTC30722114471', '3', '2022-07-30 22:07:21', '33000.00', 1, 2, '{\"customer\":{\"name\":\"ropel2\",\"phone_number\":\"90-3917317332\",\"address\":\"Griya\"},\"note\":\"\"}', NULL, NULL),
(161, 14, NULL, 'UGO31722114415', '3', '2022-07-31 17:41:40', '33000.00', 1, 1, '{\"customer\":{\"name\":\"ropel2\",\"phone_number\":\"90-3917317332\",\"address\":\"Griya\"},\"note\":\"\"}', NULL, NULL),
(162, 14, NULL, 'TDJ31722114483', '2', '2022-07-31 17:42:59', '30000.00', 1, 1, '{\"customer\":{\"name\":\"ropel2\",\"phone_number\":\"90-3917317332\",\"address\":\"Griya\"},\"note\":\"\"}', NULL, NULL),
(163, 14, NULL, 'YDQ31722114670', '4', '2022-07-31 17:59:22', '33000.00', 1, 1, '{\"customer\":{\"name\":\"ropel2\",\"phone_number\":\"90-3917317332\",\"address\":\"Griya\"},\"note\":\"\"}', NULL, NULL),
(164, 14, NULL, 'SUK1822114142', '4', '2022-08-02 01:29:15', '33000.00', 1, 3, '{\"customer\":{\"name\":\"ropel2\",\"phone_number\":\"90-3917317332\",\"address\":\"Griya\"},\"tipe_payment\":\"BANK TRANSFER\",\"waktu_transaksi\":\"2022-08-02 01:29:14\",\"bank\":\"BCA\",\"va_number\":\"128404805751\",\"pdf_url\":\"https:\\/\\/app.sandbox.midtrans.com\\/snap\\/v1\\/transactions\\/4474cc57-9e80-4e28-8db9-983a94b4cb3c\\/pdf\",\"status_code\":\"201\",\"note\":\"\"}', NULL, NULL),
(166, 14, NULL, 'DVW2822214867', '4', '2022-08-11 23:13:30', '48000.00', 2, 3, '{\"customer\":{\"name\":\"ropel2\",\"phone_number\":\"90-3917317332\",\"address\":\"Griya\"},\"tipe_payment\":\"GOPAY\",\"waktu_transaksi\":\"2022-08-02 23:13:30\",\"bank\":\"gopay\",\"va_number\":\"qris Code\",\"pdf_url\":\"https:\\/\\/app.sandbox.midtrans.com\\/snap\\/v3\\/redirection\\/44215e75-14c2-49a3-92e1-011df7ad0913\",\"status_code\":\"201\",\"note\":\"\"}', NULL, NULL),
(167, 14, NULL, 'QOI2822114793', '3', '2022-08-12 23:17:59', '38000.00', 1, 2, '{\"customer\":{\"name\":\"ropel2\",\"phone_number\":\"90-3917317332\",\"address\":\"Griya\"},\"tipe_payment\":\"GOPAY\",\"waktu_transaksi\":\"2022-08-02 23:17:59\",\"bank\":\"gopay\",\"va_number\":\"qris Code\",\"pdf_url\":\"https:\\/\\/app.sandbox.midtrans.com\\/snap\\/v3\\/redirection\\/15574b79-6adb-4636-8678-18b80d8723b1\",\"status_code\":\"201\",\"note\":\"\"}', NULL, NULL),
(168, 14, NULL, 'VJT2822114937', '4', '2022-08-12 00:00:26', '33000.00', 1, 3, '{\"customer\":{\"name\":\"ropel2\",\"phone_number\":\"90-3917317332\",\"address\":\"Griya\"},\"tipe_payment\":\"GOPAY\",\"waktu_transaksi\":\"2022-08-02 23:29:50\",\"bank\":\"gopay\",\"va_number\":\"qris Code\",\"pdf_url\":\"https:\\/\\/app.sandbox.midtrans.com\\/snap\\/v3\\/redirection\\/980b8fbd-c88f-41d3-93e5-8579683b11e0\",\"status_code\":\"201\",\"note\":\"\"}', NULL, NULL),
(169, 14, NULL, 'UVU14822214269', '5', '2022-08-15 01:30:34', '48000.00', 2, 3, '{\"customer\":{\"name\":\"ropel2\",\"phone_number\":\"90-3917317332\",\"address\":\"Griya\"},\"tipe_payment\":\"GOPAY\",\"waktu_transaksi\":\"2022-08-15 01:30:33\",\"bank\":\"gopay\",\"va_number\":\"qris Code\",\"pdf_url\":\"https:\\/\\/app.sandbox.midtrans.com\\/snap\\/v3\\/redirection\\/1b0322cd-6a23-47bc-b3b1-2eb76a239931\",\"status_code\":\"201\",\"note\":\"\"}', NULL, NULL),
(170, 14, NULL, 'OJM21822214896', '1', '2022-08-22 00:43:43', '73000.00', 2, 1, '{\"customer\":{\"name\":\"ropel2\",\"phone_number\":\"90-3917317332\",\"address\":\"Griya\"},\"note\":\"\"}', NULL, NULL),
(171, 14, NULL, 'YAV21822114059', '1', '2022-08-22 00:49:52', '45000.00', 1, 3, '{\"customer\":{\"name\":\"ropel2\",\"phone_number\":\"90-3917317332\",\"address\":\"Griya\"},\"tipe_payment\":\"GOPAY\",\"waktu_transaksi\":\"2022-08-22 00:49:53\",\"bank\":\"gopay\",\"va_number\":\"qris Code\",\"pdf_url\":\"https:\\/\\/app.sandbox.midtrans.com\\/snap\\/v3\\/redirection\\/f616ddc2-63ba-44ed-b8da-0793963e6157\",\"status_code\":\"201\",\"note\":\"\"}', NULL, NULL),
(172, 14, NULL, 'AHO24822314901', '5', '2022-08-25 00:29:21', '91000.00', 3, 3, '{\"customer\":{\"name\":\"ropel2\",\"phone_number\":\"90-3917317332\",\"address\":\"Griya\"},\"tipe_payment\":\"BANK TRANSFER\",\"waktu_transaksi\":\"2022-08-25 00:29:19\",\"bank\":\"BCA\",\"va_number\":\"128404110225\",\"pdf_url\":\"https:\\/\\/app.sandbox.midtrans.com\\/snap\\/v1\\/transactions\\/d9cedc1b-df0c-451a-9138-b7bd52acfa33\\/pdf\",\"status_code\":\"201\",\"note\":\"\"}', NULL, NULL),
(173, 14, NULL, 'PXE24822214093', '1', '2022-08-25 00:35:38', '67000.00', 2, 3, '{\"customer\":{\"name\":\"ropel2\",\"phone_number\":\"90-3917317332\",\"address\":\"Griya\"},\"tipe_payment\":\"BANK TRANSFER\",\"waktu_transaksi\":\"2022-08-25 00:35:38\",\"bank\":\"BCA\",\"va_number\":\"128404150449\",\"pdf_url\":\"https:\\/\\/app.sandbox.midtrans.com\\/snap\\/v1\\/transactions\\/14282fda-5bd1-48c8-95d5-d3f458b78f68\\/pdf\",\"status_code\":\"201\",\"note\":\"\"}', NULL, NULL),
(174, 14, NULL, 'XDW24822214576', '2', '2022-08-25 00:43:00', '67000.00', 2, 3, '{\"customer\":{\"name\":\"ropel2\",\"phone_number\":\"90-3917317332\",\"address\":\"Griya\"},\"tipe_payment\":\"BANK TRANSFER\",\"waktu_transaksi\":\"2022-08-25 00:43:00\",\"bank\":\"BCA\",\"va_number\":\"128404724768\",\"pdf_url\":\"https:\\/\\/app.sandbox.midtrans.com\\/snap\\/v1\\/transactions\\/4c7c8dd5-7673-4ea9-b581-ecb14444efcc\\/pdf\",\"status_code\":\"201\",\"note\":\"\"}', NULL, NULL),
(175, 14, NULL, 'YUM24822114962', '2', '2022-08-25 00:43:36', '49000.00', 1, 3, '{\"customer\":{\"name\":\"ropel2\",\"phone_number\":\"90-3917317332\",\"address\":\"Griya\"},\"tipe_payment\":\"BANK TRANSFER\",\"waktu_transaksi\":\"2022-08-25 00:43:35\",\"bank\":\"BCA\",\"va_number\":\"128404550311\",\"pdf_url\":\"https:\\/\\/app.sandbox.midtrans.com\\/snap\\/v1\\/transactions\\/b845dcbf-f985-41dd-bee7-087cc8e933ff\\/pdf\",\"status_code\":\"201\",\"note\":\"\"}', NULL, NULL),
(176, 14, NULL, 'HOX24822214892', '4', '2022-08-25 02:19:36', '67000.00', 2, 3, '{\"customer\":{\"name\":\"ropel2\",\"phone_number\":\"90-3917317332\",\"address\":\"Griya\"},\"tipe_payment\":\"ECHANNEL\",\"waktu_transaksi\":\"2022-08-25 00:45:50\",\"bank\":\"MANDIRI\",\"va_number\":\"480492138534\",\"pdf_url\":\"https:\\/\\/app.sandbox.midtrans.com\\/snap\\/v1\\/transactions\\/cc6d7234-4bce-4a4d-9c8d-07776e488e7d\\/pdf\",\"status_code\":\"201\",\"note\":\"\"}', NULL, NULL),
(177, 14, NULL, 'KXN24822214854', '4', '2022-08-25 00:54:05', '68000.00', 2, 1, '{\"customer\":{\"name\":\"ropel2\",\"phone_number\":\"90-3917317332\",\"address\":\"Griya\"},\"note\":\"\"}', NULL, NULL),
(178, 14, 7, 'UJA24822214860', '4', '2022-08-25 00:58:48', '63000.00', 2, 3, '{\"customer\":{\"name\":\"ropel2\",\"phone_number\":\"90-3917317332\",\"address\":\"Griya\"},\"tipe_payment\":\"BANK TRANSFER\",\"waktu_transaksi\":\"2022-08-25 00:58:48\",\"bank\":\"BCA\",\"va_number\":\"128404795326\",\"pdf_url\":\"https:\\/\\/app.sandbox.midtrans.com\\/snap\\/v1\\/transactions\\/a3643b94-92ec-43e5-9f74-922f0e7697cf\\/pdf\",\"status_code\":\"201\",\"note\":\"\"}', NULL, NULL),
(179, 14, 7, 'LDV24822214486', '4', '2022-08-25 01:06:58', '73000.00', 2, 3, '{\"customer\":{\"name\":\"ropel2\",\"phone_number\":\"90-3917317332\",\"address\":\"Griya\"},\"tipe_payment\":\"BANK TRANSFER\",\"waktu_transaksi\":\"2022-08-25 01:06:58\",\"bank\":\"BCA\",\"va_number\":\"128404392159\",\"pdf_url\":\"https:\\/\\/app.sandbox.midtrans.com\\/snap\\/v1\\/transactions\\/7664c5aa-2261-465a-8986-cc4195b89791\\/pdf\",\"status_code\":\"201\",\"note\":\"\"}', NULL, NULL),
(180, 14, 7, 'BLP25822314790', '2', '2022-08-25 19:29:00', '95000.00', 3, 1, '{\"customer\":{\"name\":\"ropel2\",\"phone_number\":\"90-3917317332\",\"address\":\"Griya wqeq\"},\"note\":\"\"}', NULL, NULL),
(181, 14, NULL, 'OKD26822214046', '1', '2022-08-26 18:16:51', '77000.00', 2, 3, '{\"customer\":{\"name\":\"ropel2\",\"phone_number\":\"90-3917317332\",\"address\":\"Griya wqeq\"},\"tipe_payment\":\"BANK TRANSFER\",\"waktu_transaksi\":\"2022-08-26 18:16:50\",\"bank\":\"BCA\",\"va_number\":\"128404415051\",\"pdf_url\":\"https:\\/\\/app.sandbox.midtrans.com\\/snap\\/v1\\/transactions\\/9f1a208b-c5f2-48e9-990d-3dbd38c2be7b\\/pdf\",\"status_code\":\"201\",\"note\":\"\"}', NULL, NULL);

-- --------------------------------------------------------

--
-- Struktur dari tabel `order_items`
--

CREATE TABLE `order_items` (
  `id` bigint(20) NOT NULL,
  `order_id` bigint(20) DEFAULT NULL,
  `product_id` bigint(20) DEFAULT NULL,
  `order_qty` int(10) NOT NULL,
  `order_price` decimal(8,2) DEFAULT NULL
) ENGINE=InnoDB DEFAULT CHARSET=utf8mb4;

--
-- Dumping data untuk tabel `order_items`
--

INSERT INTO `order_items` (`id`, `order_id`, `product_id`, `order_qty`, `order_price`) VALUES
(148, 75, 17, 1, '20000.00'),
(149, 75, 16, 1, '34985.00'),
(150, 76, 18, 1, '23000.00'),
(151, 76, 17, 1, '20000.00'),
(152, 77, 20, 2, '18000.00'),
(153, 77, 21, 1, '35000.00'),
(154, 77, 22, 1, '28000.00'),
(155, 78, 18, 1, '23000.00'),
(156, 78, 19, 1, '15000.00'),
(157, 79, 22, 1, '28000.00'),
(158, 79, 23, 1, '29000.00'),
(159, 79, 21, 1, '35000.00'),
(160, 80, 17, 1, '20000.00'),
(161, 80, 18, 1, '23000.00'),
(162, 81, 18, 1, '23000.00'),
(163, 81, 17, 1, '20000.00'),
(167, 83, 17, 1, '20000.00'),
(168, 83, 18, 1, '23000.00'),
(169, 84, 18, 1, '23000.00'),
(170, 84, 17, 1, '20000.00'),
(171, 85, 18, 1, '23000.00'),
(172, 85, 19, 1, '15000.00'),
(175, 87, 17, 1, '20000.00'),
(176, 87, 18, 1, '23000.00'),
(177, 88, 18, 1, '23000.00'),
(178, 88, 19, 1, '15000.00'),
(179, 89, 17, 1, '20000.00'),
(180, 89, 18, 1, '23000.00'),
(181, 90, 17, 1, '20000.00'),
(182, 90, 18, 1, '23000.00'),
(183, 91, 17, 1, '20000.00'),
(184, 91, 18, 1, '23000.00'),
(185, 92, 17, 1, '20000.00'),
(186, 92, 16, 1, '34985.00'),
(187, 93, 16, 1, '34985.00'),
(188, 93, 17, 1, '20000.00'),
(191, 95, 18, 1, '23000.00'),
(192, 95, 19, 1, '15000.00'),
(193, 96, 17, 1, '20000.00'),
(194, 96, 18, 1, '23000.00'),
(195, 97, 18, 1, '23000.00'),
(196, 97, 19, 1, '15000.00'),
(197, 98, 22, 1, '28000.00'),
(198, 98, 23, 1, '29000.00'),
(199, 99, 18, 1, '23000.00'),
(200, 99, 19, 1, '15000.00'),
(201, 101, 22, 1, '28000.00'),
(202, 101, 21, 1, '35000.00'),
(203, 102, 17, 1, '20000.00'),
(204, 102, 18, 1, '23000.00'),
(205, 103, 17, 1, '20000.00'),
(206, 103, 18, 1, '23000.00'),
(207, 104, 17, 1, '20000.00'),
(208, 104, 18, 1, '23000.00'),
(209, 105, 17, 2, '20000.00'),
(210, 105, 18, 1, '23000.00'),
(211, 106, 17, 1, '20000.00'),
(212, 106, 18, 1, '23000.00'),
(213, 107, 17, 1, '20000.00'),
(214, 107, 18, 1, '23000.00'),
(215, 108, 18, 1, '23000.00'),
(216, 108, 19, 1, '15000.00'),
(217, 109, 17, 1, '20000.00'),
(218, 109, 16, 1, '34985.00'),
(219, 110, 18, 1, '23000.00'),
(220, 111, 19, 1, '15000.00'),
(221, 111, 17, 1, '20000.00'),
(222, 112, 17, 1, '20000.00'),
(223, 112, 18, 1, '23000.00'),
(224, 113, 18, 1, '23000.00'),
(225, 113, 19, 1, '15000.00'),
(227, 115, 17, 1, '20000.00'),
(228, 115, 22, 1, '28000.00'),
(234, 119, 17, 1, '20000.00'),
(235, 119, 18, 1, '23000.00'),
(236, 120, 17, 1, '20000.00'),
(237, 120, 18, 1, '23000.00'),
(240, 123, 17, 1, '20000.00'),
(241, 124, 18, 1, '23000.00'),
(242, 124, 19, 1, '15000.00'),
(247, 126, 18, 1, '23000.00'),
(248, 126, 19, 1, '15000.00'),
(249, 127, 18, 1, '23000.00'),
(250, 127, 19, 1, '15000.00'),
(251, 128, 18, 1, '23000.00'),
(252, 128, 19, 1, '15000.00'),
(253, 129, 16, 1, '34985.00'),
(254, 129, 17, 1, '20000.00'),
(255, 130, 17, 1, '20000.00'),
(256, 130, 18, 1, '23000.00'),
(257, 130, 19, 1, '15000.00'),
(258, 131, 17, 1, '20000.00'),
(259, 131, 18, 1, '23000.00'),
(260, 131, 19, 1, '15000.00'),
(261, 133, 17, 1, '20000.00'),
(262, 133, 18, 1, '23000.00'),
(263, 133, 19, 1, '15000.00'),
(264, 135, 16, 1, '34985.00'),
(265, 135, 18, 1, '23000.00'),
(266, 135, 19, 1, '15000.00'),
(267, 136, 16, 1, '34985.00'),
(268, 136, 18, 1, '23000.00'),
(269, 137, 18, 1, '23000.00'),
(270, 137, 19, 1, '15000.00'),
(278, 141, 17, 1, '20000.00'),
(279, 141, 18, 1, '23000.00'),
(280, 141, 19, 1, '15000.00'),
(281, 142, 16, 1, '34985.00'),
(282, 142, 17, 1, '20000.00'),
(283, 143, 17, 1, '20000.00'),
(284, 144, 17, 1, '20000.00'),
(285, 145, 22, 1, '28000.00'),
(286, 146, 18, 1, '23000.00'),
(287, 146, 19, 1, '15000.00'),
(288, 147, 18, 1, '23000.00'),
(289, 148, 17, 1, '20000.00'),
(290, 148, 18, 1, '23000.00'),
(293, 150, 22, 1, '28000.00'),
(294, 150, 23, 1, '29000.00'),
(295, 150, 17, 1, '20000.00'),
(296, 150, 18, 1, '23000.00'),
(297, 151, 18, 1, '23000.00'),
(298, 152, 17, 1, '20000.00'),
(299, 153, 19, 1, '15000.00'),
(300, 154, 17, 1, '20000.00'),
(301, 155, 18, 1, '23000.00'),
(302, 156, 18, 1, '23000.00'),
(303, 156, 19, 1, '15000.00'),
(304, 157, 18, 1, '23000.00'),
(305, 158, 17, 1, '20000.00'),
(306, 158, 18, 1, '23000.00'),
(307, 160, 18, 1, '23000.00'),
(308, 161, 18, 1, '23000.00'),
(309, 162, 17, 1, '20000.00'),
(310, 163, 18, 1, '23000.00'),
(311, 164, 18, 1, '23000.00'),
(313, 166, 18, 1, '23000.00'),
(314, 166, 19, 1, '15000.00'),
(315, 167, 18, 1, '23000.00'),
(316, 168, 18, 1, '23000.00'),
(317, 169, 18, 1, '23000.00'),
(318, 169, 19, 1, '15000.00'),
(319, 170, 21, 1, '35000.00'),
(320, 170, 22, 1, '28000.00'),
(321, 171, 21, 1, '35000.00'),
(322, 172, 17, 1, '20000.00'),
(323, 172, 23, 1, '29000.00'),
(324, 172, 22, 1, '28000.00'),
(325, 173, 21, 1, '35000.00'),
(326, 173, 20, 1, '18000.00'),
(327, 174, 21, 1, '35000.00'),
(328, 174, 20, 1, '18000.00'),
(329, 175, 21, 1, '35000.00'),
(330, 176, 20, 1, '18000.00'),
(331, 176, 16, 1, '35000.00'),
(332, 177, 21, 1, '35000.00'),
(333, 177, 20, 1, '18000.00'),
(334, 178, 21, 1, '35000.00'),
(335, 178, 20, 1, '18000.00'),
(336, 179, 21, 1, '35000.00'),
(337, 179, 20, 1, '18000.00'),
(338, 180, 22, 1, '28000.00'),
(339, 180, 20, 1, '18000.00'),
(340, 180, 21, 1, '35000.00'),
(341, 181, 22, 1, '28000.00'),
(342, 181, 21, 1, '35000.00');

-- --------------------------------------------------------

--
-- Struktur dari tabel `payments`
--

CREATE TABLE `payments` (
  `id` bigint(20) NOT NULL,
  `order_id` bigint(20) DEFAULT NULL,
  `payment_price` decimal(8,2) DEFAULT NULL,
  `payment_date` datetime NOT NULL,
  `picture_name` varchar(191) DEFAULT NULL,
  `payment_status` int(20) DEFAULT NULL,
  `confirmed_date` datetime DEFAULT NULL,
  `payment_data` text DEFAULT NULL
) ENGINE=InnoDB DEFAULT CHARSET=utf8mb4;

--
-- Dumping data untuk tabel `payments`
--

INSERT INTO `payments` (`id`, `order_id`, `payment_price`, `payment_date`, `picture_name`, `payment_status`, `confirmed_date`, `payment_data`) VALUES
(19, 83, '20000.00', '2022-03-06 17:44:05', 'valorant1.jpg', 1, NULL, '{\"transfer_to\":\"bank-bca\",\"source\":{\"bank\":\"ewq\",\"name\":\"Saptoni\",\"number\":\"ewqewq\"}}'),
(20, 84, '20000.00', '2022-03-06 17:52:57', 'valorant2.jpg', 1, NULL, '{\"transfer_to\":\"bank-bca\",\"source\":{\"bank\":\"ewq\",\"name\":\"Saptoni\",\"number\":\"ewqewq\"}}'),
(21, 85, '52000.00', '2022-03-06 18:07:38', NULL, 0, NULL, '{\"transfer_to\":\"BCA\",\"source\":{\"bank\":\"BCA\",\"name\":\"ropel2\",\"number\":\"128404539668\"}}'),
(22, 88, '52000.00', '2022-03-07 05:51:25', NULL, 0, NULL, '{\"transfer_to\":\"BCA\",\"source\":{\"bank\":\"BCA\",\"name\":\"ropel2\",\"number\":\"128404620546\"}}'),
(23, 89, '20000.00', '2022-03-07 05:52:44', 'valorant3.jpg', 1, NULL, '{\"transfer_to\":\"bank-bca\",\"source\":{\"bank\":\"32\",\"name\":\"Saptoni\",\"number\":\"ewqewq\"}}'),
(24, 90, '57000.00', '2022-03-07 05:55:28', NULL, 2, NULL, '{\"transfer_to\":\"PERMATA BANK\",\"source\":{\"bank\":\"PERMATA BANK\",\"name\":\"ropel2\",\"number\":null}}'),
(25, 91, '57000.00', '2022-03-07 06:07:18', NULL, 2, NULL, '{\"transfer_to\":\"BCA\",\"source\":{\"bank\":\"BCA\",\"name\":\"ropel2\",\"number\":\"128404480961\"}}'),
(26, 92, '68985.00', '2022-03-07 12:48:03', NULL, 0, NULL, '{\"transfer_to\":\"INDOMARET\",\"source\":{\"bank\":\"INDOMARET\",\"name\":\"ropel2\",\"number\":\"373917317332\"}}'),
(27, 93, '20000.00', '2022-03-07 12:49:55', 'tes.jpg', 2, NULL, '{\"transfer_to\":\"bank-bri\",\"source\":{\"bank\":\"ewq\",\"name\":\"Saptoni\",\"number\":\"128404519405\"}}'),
(28, 103, '20000.00', '2022-04-24 09:30:25', 'gambar1.png', 2, NULL, '{\"transfer_to\":\"bank-bca\",\"source\":{\"bank\":\"ewq\",\"name\":\"Saptoni\",\"number\":\"128404519405\"}}'),
(29, 110, '37000.00', '2022-05-23 13:57:43', NULL, 3, NULL, '{\"transfer_to\":\"PERMATA BANK\",\"source\":{\"bank\":\"PERMATA BANK\",\"name\":\"ropel2\",\"number\":null}}'),
(30, 111, '49000.00', '2022-07-04 18:12:48', NULL, 3, NULL, '{\"transfer_to\":\"PERMATA BANK\",\"source\":{\"bank\":\"PERMATA BANK\",\"name\":\"ropel2\",\"number\":null}}'),
(31, 112, '57000.00', '2022-07-04 18:27:33', NULL, 3, NULL, '{\"transfer_to\":\"BCA\",\"source\":{\"bank\":\"BCA\",\"name\":\"ropel2\",\"number\":\"128404055653\"}}'),
(32, 113, '52000.00', '2022-07-04 18:30:06', NULL, 3, NULL, '{\"transfer_to\":\"BCA\",\"source\":{\"bank\":\"BCA\",\"name\":\"ropel2\",\"number\":\"128404814667\"}}'),
(36, 120, '57000.00', '2022-07-17 19:49:09', NULL, 0, NULL, '{\"transfer_to\":\"BCA\",\"source\":{\"bank\":\"BCA\",\"name\":\"ropel2\",\"number\":\"128404293769\"}}'),
(38, 123, '34000.00', '2022-07-18 13:27:50', NULL, 3, NULL, '{\"transfer_to\":\"MANDIRI\",\"source\":{\"bank\":\"MANDIRI\",\"name\":\"ropel2\",\"number\":\"983825402841\"}}'),
(39, 124, '52000.00', '2022-07-18 14:29:53', NULL, 3, NULL, '{\"transfer_to\":\"MANDIRI\",\"source\":{\"bank\":\"MANDIRI\",\"name\":\"ropel2\",\"number\":\"238777892167\"}}'),
(41, 119, '321321.00', '2022-07-18 11:57:10', 'me.jpeg', 2, NULL, '{\"transfer_to\":\"bank-bca\",\"source\":{\"bank\":\"312\",\"name\":\"321\",\"number\":\"321\"}}'),
(42, 126, '52000.00', '2022-07-20 03:23:06', NULL, 3, NULL, '{\"transfer_to\":\"BCA\",\"source\":{\"bank\":\"BCA\",\"name\":\"ropel2\",\"number\":\"128404189487\"}}'),
(43, 127, '52000.00', '2022-07-20 03:27:37', NULL, 3, NULL, '{\"transfer_to\":\"MANDIRI\",\"source\":{\"bank\":\"MANDIRI\",\"name\":\"ropel2\",\"number\":\"464731811726\"}}'),
(44, 129, '68985.00', '2022-07-20 03:30:14', NULL, 3, NULL, '{\"transfer_to\":\"INDOMARET\",\"source\":{\"bank\":\"INDOMARET\",\"name\":\"ropel2\",\"number\":\"053917317332\"}}'),
(45, 131, '68000.00', '2022-07-25 16:16:31', NULL, 3, NULL, '{\"transfer_to\":\"BCA\",\"source\":{\"bank\":\"BCA\",\"name\":\"ropel2\",\"number\":\"128404087202\"}}'),
(46, 137, '48000.00', '2022-07-26 00:48:10', NULL, 3, NULL, '{\"transfer_to\":\"BCA\",\"source\":{\"bank\":\"BCA\",\"name\":\"ropel2\",\"number\":\"128404540902\"}}'),
(49, 141, '32131.00', '2022-07-28 16:49:14', '100brl2.jpg', 2, NULL, '{\"transfer_to\":\"bank-bca\",\"source\":{\"bank\":\"231321\",\"name\":\"weqewqewq\",\"number\":\"3213131\"}}'),
(50, 142, '999999.99', '2022-07-30 07:59:35', '100brl3.jpg', 2, NULL, '{\"transfer_to\":\"bank-bca\",\"source\":{\"bank\":\"weqewq\",\"name\":\"31233\",\"number\":\"ewqewq\"}}'),
(51, 143, '999999.99', '2022-07-30 08:09:24', '100brl4.jpg', 2, NULL, '{\"transfer_to\":\"bank-bca\",\"source\":{\"bank\":\"ewq\",\"name\":\"qweqewq\",\"number\":\"ewqewq\"}}'),
(52, 144, '999999.99', '2022-07-30 08:18:50', 'bukti3_txt1.jpg', 2, NULL, '{\"transfer_to\":\"bank-bca\",\"source\":{\"bank\":\"3122321222222222\",\"name\":\"ewqewqewq\",\"number\":\"23123131\"}}'),
(53, 145, '231321.00', '2022-07-30 08:21:41', '100brl5.jpg', 3, NULL, '{\"transfer_to\":\"bank-bca\",\"source\":{\"bank\":\"ewqewq\",\"name\":\"ewqewq\",\"number\":\"weqewq\"}}'),
(54, 146, '53000.00', '2022-07-30 13:44:00', NULL, 2, NULL, '{\"transfer_to\":\"BCA\",\"source\":{\"bank\":\"BCA\",\"name\":\"ropel2\",\"number\":\"128404747006\"}}'),
(55, 147, '38000.00', '2022-07-30 14:22:54', NULL, 2, NULL, '{\"transfer_to\":\"BCA\",\"source\":{\"bank\":\"BCA\",\"name\":\"ropel2\",\"number\":\"128404492945\"}}'),
(56, 148, '58000.00', '2022-07-30 14:28:13', NULL, 2, NULL, '{\"transfer_to\":\"MANDIRI\",\"source\":{\"bank\":\"MANDIRI\",\"name\":\"ropel2\",\"number\":\"960751809872\"}}'),
(58, 150, '110000.00', '2022-07-30 15:31:57', NULL, 2, NULL, '{\"transfer_to\":\"BCA\",\"source\":{\"bank\":\"BCA\",\"name\":\"ropel2\",\"number\":\"128404714381\"}}'),
(59, 151, '33000.00', '2022-07-30 15:35:44', NULL, 2, NULL, '{\"transfer_to\":\"BCA\",\"source\":{\"bank\":\"BCA\",\"name\":\"ropel2\",\"number\":\"128404975825\"}}'),
(60, 152, '35000.00', '2022-07-30 15:38:57', NULL, 2, NULL, '{\"transfer_to\":\"BCA\",\"source\":{\"bank\":\"BCA\",\"name\":\"ropel2\",\"number\":\"128404274343\"}}'),
(61, 153, '30000.00', '2022-07-30 15:44:15', NULL, 2, NULL, '{\"transfer_to\":\"BCA\",\"source\":{\"bank\":\"BCA\",\"name\":\"ropel2\",\"number\":\"128404021097\"}}'),
(62, 154, '35000.00', '2022-07-30 16:09:47', NULL, 2, NULL, '{\"transfer_to\":\"BCA\",\"source\":{\"bank\":\"BCA\",\"name\":\"ropel2\",\"number\":\"128404985033\"}}'),
(63, 155, '38000.00', '2022-07-30 17:26:28', NULL, 0, NULL, '{\"transfer_to\":\"BCA\",\"source\":{\"bank\":\"BCA\",\"name\":\"ropel2\",\"number\":\"128404773738\"}}'),
(64, 156, '48000.00', '2022-07-30 17:38:50', NULL, 0, NULL, '{\"transfer_to\":\"MANDIRI\",\"source\":{\"bank\":\"MANDIRI\",\"name\":\"ropel2\",\"number\":\"244137087403\"}}'),
(65, 163, '123123.00', '2022-07-31 12:59:50', '100brl6.jpg', 1, NULL, '{\"transfer_to\":\"bank-bca\",\"source\":{\"bank\":\"ewqewq\",\"name\":\"wqewqe\",\"number\":\"ewqewq\"}}'),
(66, 162, '999999.99', '2022-07-31 13:30:08', '100brl7.jpg', 1, NULL, '{\"transfer_to\":\"bank-bca\",\"source\":{\"bank\":\"ewqeqw\",\"name\":\"wqeqwe\",\"number\":\"ewqe\"}}'),
(67, 161, '123132.00', '2022-07-31 14:18:26', '100brl8.jpg', 1, NULL, '{\"transfer_to\":\"bank-bca\",\"source\":{\"bank\":\"ewqeqw\",\"name\":\"wqewqe\",\"number\":\"ewqewq\"}}'),
(68, 164, '33000.00', '2022-08-02 01:29:17', NULL, 3, NULL, '{\"transfer_to\":\"BCA\",\"source\":{\"bank\":\"BCA\",\"name\":\"ropel2\",\"number\":\"128404805751\"}}'),
(69, 165, '33000.00', '2022-08-02 16:55:19', NULL, 0, NULL, '{\"transfer_to\":\"PERMATA BANK\",\"source\":{\"bank\":\"PERMATA BANK\",\"name\":\"ropel2\",\"number\":null}}'),
(70, 166, '48000.00', '2022-08-02 23:13:34', NULL, 0, NULL, '{\"transfer_to\":\"gopay\",\"source\":{\"bank\":\"gopay\",\"name\":\"ropel2\",\"number\":\"qris Code\"}}'),
(71, 167, '38000.00', '2022-08-02 23:18:01', NULL, 0, NULL, '{\"transfer_to\":\"gopay\",\"source\":{\"bank\":\"gopay\",\"name\":\"ropel2\",\"number\":\"qris Code\"}}'),
(72, 168, '33000.00', '2022-08-02 23:29:54', NULL, 0, NULL, '{\"transfer_to\":\"gopay\",\"source\":{\"bank\":\"gopay\",\"name\":\"ropel2\",\"number\":\"qris Code\"}}'),
(73, 169, '48000.00', '2022-08-15 01:30:39', NULL, 3, NULL, '{\"transfer_to\":\"gopay\",\"source\":{\"bank\":\"gopay\",\"name\":\"ropel2\",\"number\":\"qris Code\"}}'),
(74, 171, '45000.00', '2022-08-22 00:49:55', NULL, 0, NULL, '{\"transfer_to\":\"gopay\",\"source\":{\"bank\":\"gopay\",\"name\":\"ropel2\",\"number\":\"qris Code\"}}'),
(75, 172, '91000.00', '2022-08-25 00:29:24', NULL, 3, NULL, '{\"transfer_to\":\"BCA\",\"source\":{\"bank\":\"BCA\",\"name\":\"ropel2\",\"number\":\"128404110225\"}}'),
(76, 173, '67000.00', '2022-08-25 00:35:41', NULL, 0, NULL, '{\"transfer_to\":\"BCA\",\"source\":{\"bank\":\"BCA\",\"name\":\"ropel2\",\"number\":\"128404150449\"}}'),
(77, 174, '67000.00', '2022-08-25 00:43:00', NULL, 2, NULL, '{\"transfer_to\":\"BCA\",\"source\":{\"bank\":\"BCA\",\"name\":\"ropel2\",\"number\":\"128404724768\"}}'),
(78, 175, '49000.00', '2022-08-25 00:43:39', NULL, 2, NULL, '{\"transfer_to\":\"BCA\",\"source\":{\"bank\":\"BCA\",\"name\":\"ropel2\",\"number\":\"128404550311\"}}'),
(79, 176, '67000.00', '2022-08-25 00:45:53', NULL, 2, NULL, '{\"transfer_to\":\"MANDIRI\",\"source\":{\"bank\":\"MANDIRI\",\"name\":\"ropel2\",\"number\":\"480492138534\"}}'),
(80, 177, '213131.00', '2022-08-24 19:54:29', '100brl9.jpg', 2, NULL, '{\"transfer_to\":\"bank-bca\",\"source\":{\"bank\":\"weqewq\",\"name\":\"weqewq\",\"number\":\"213131\"}}'),
(81, 178, '63000.00', '2022-08-25 00:58:51', NULL, 2, NULL, '{\"transfer_to\":\"BCA\",\"source\":{\"bank\":\"BCA\",\"name\":\"ropel2\",\"number\":\"128404795326\"}}'),
(82, 179, '73000.00', '2022-08-25 01:06:58', NULL, 2, NULL, '{\"transfer_to\":\"BCA\",\"source\":{\"bank\":\"BCA\",\"name\":\"ropel2\",\"number\":\"128404392159\"}}'),
(83, 181, '77000.00', '2022-08-26 18:16:54', NULL, 0, NULL, '{\"transfer_to\":\"BCA\",\"source\":{\"bank\":\"BCA\",\"name\":\"ropel2\",\"number\":\"128404415051\"}}');

-- --------------------------------------------------------

--
-- Struktur dari tabel `products`
--

CREATE TABLE `products` (
  `id` bigint(20) NOT NULL,
  `category_id` int(10) DEFAULT NULL,
  `sku` varchar(32) DEFAULT NULL,
  `name` varchar(70) NOT NULL,
  `description` varchar(191) DEFAULT NULL,
  `picture_name` varchar(191) DEFAULT NULL,
  `price` decimal(8,2) NOT NULL,
  `current_discount` decimal(8,2) DEFAULT 0.00,
  `stock` int(10) NOT NULL,
  `product_unit` varchar(32) DEFAULT NULL,
  `is_available` tinyint(1) DEFAULT 1,
  `add_date` datetime DEFAULT NULL
) ENGINE=InnoDB DEFAULT CHARSET=utf8mb4;

--
-- Dumping data untuk tabel `products`
--

INSERT INTO `products` (`id`, `category_id`, `sku`, `name`, `description`, `picture_name`, `price`, `current_discount`, `stock`, `product_unit`, `is_available`, `add_date`) VALUES
(16, 11, 'BMS610577', 'GURAME BAKARr', NULL, 'gurame.jpg', '35000.00', '0.00', 21, '35000', 1, '2021-06-03 08:09:37'),
(17, 10, 'SBSS220754', 'BEBEK GORENG MADURA', NULL, 'bebek.jpg', '25000.00', '5000.00', 20, '25000', 1, '2021-06-03 08:12:34'),
(18, 10, 'EJ620795', 'BEBEK BAKAR KALASAN', NULL, 'bebek1.jpg', '25000.00', '2000.00', 17, '25000', 1, '2021-06-03 08:13:15'),
(19, 9, 'PJCDP120313', 'AYAM GOREN KREMES', NULL, 'ayam1.jpg', '15000.00', '0.00', 20, '15000', 1, '2021-06-03 15:18:32'),
(20, 12, 'EKMEK110612', 'TUMIS KANGKUNG', NULL, 'KANKUNG1.jpg', '18000.00', '0.00', 10, '18000', 1, '2021-06-03 15:23:32'),
(21, 11, 'BBICCK330873', 'BAWAL BAKAR BUMBU KUNING', NULL, 'BAWAL1.jpg', '35000.00', '0.00', 30, '35000', 1, '2021-06-03 15:27:53'),
(22, 12, 'ICOIC212151', 'CAPCAY SAUS TIRAM', NULL, 'CAPCAY.jpg', '28000.00', '0.00', 12, '28000', 1, '2021-06-03 15:32:31'),
(23, 9, 'PCSKP212730', 'AYAM BAKAR KHAS SOLO', NULL, 'AYAM_BAKAR.jpeg', '29000.00', '0.00', 12, '29000', 1, '2021-06-03 15:42:10');

-- --------------------------------------------------------

--
-- Struktur dari tabel `product_category`
--

CREATE TABLE `product_category` (
  `id` int(10) NOT NULL,
  `name` varchar(191) NOT NULL
) ENGINE=InnoDB DEFAULT CHARSET=utf8mb4;

--
-- Dumping data untuk tabel `product_category`
--

INSERT INTO `product_category` (`id`, `name`) VALUES
(9, 'AYAM'),
(10, 'BEBEK'),
(11, 'IKAN'),
(12, 'Sayuran');

-- --------------------------------------------------------

--
-- Struktur dari tabel `reset_password`
--

CREATE TABLE `reset_password` (
  `email` varchar(100) NOT NULL,
  `token` varchar(10) NOT NULL,
  `is_active` int(1) NOT NULL DEFAULT 0
) ENGINE=InnoDB DEFAULT CHARSET=utf8mb4;

--
-- Dumping data untuk tabel `reset_password`
--

INSERT INTO `reset_password` (`email`, `token`, `is_active`) VALUES
('indogaming170@gmail.', '286527027', 1),
('indogaming170@gmail.', '1024742539', 0),
('indogaming170@gmail.', '1783625971', 0),
('indogaming170@gmail.', '1070247374', 0),
('indogaming170@gmail.', '629668733', 1),
('indogaming170@gmail.com', '792131611', 1),
('indogaming170@gmail.com', '1478425946', 0);

-- --------------------------------------------------------

--
-- Struktur dari tabel `reviews`
--

CREATE TABLE `reviews` (
  `id` bigint(20) NOT NULL,
  `user_id` bigint(20) UNSIGNED DEFAULT NULL,
  `order_id` bigint(20) DEFAULT NULL,
  `title` varchar(191) DEFAULT NULL,
  `review_text` mediumtext NOT NULL,
  `review_date` datetime NOT NULL,
  `status` tinyint(1) NOT NULL DEFAULT 1,
  `rating` int(1) NOT NULL
) ENGINE=InnoDB DEFAULT CHARSET=utf8mb4;

--
-- Dumping data untuk tabel `reviews`
--

INSERT INTO `reviews` (`id`, `user_id`, `order_id`, `title`, `review_text`, `review_date`, `status`, `rating`) VALUES
(8, 14, 85, '231321', '321321', '2022-08-15 19:26:19', 1, 4),
(9, 14, 111, '231', '321321', '2022-08-15 19:27:03', 1, 4),
(10, 14, 99, 'weqewq', 'ewqewq', '2022-08-15 19:57:56', 1, 4),
(11, 14, 160, 'ewqewq', 'ewqewq', '2022-08-15 20:02:30', 1, 4),
(12, 14, 103, 'ewqewq', 'ewqemantap', '2022-08-16 10:47:56', 1, 4),
(13, 14, 104, 'weqewq', 'weqewq', '2022-08-16 11:55:39', 1, 4),
(14, 14, 105, 'ewqewq', 'ewqewq', '2022-08-16 11:56:41', 1, 4),
(15, 14, 112, 'ewq', 'ewqewq', '2022-08-16 11:59:40', 1, 4),
(16, 14, 176, 'Mantap', 'Mantap Enak Makanannya', '2022-08-24 19:51:08', 1, 3);

-- --------------------------------------------------------

--
-- Struktur dari tabel `settings`
--

CREATE TABLE `settings` (
  `id` int(10) NOT NULL,
  `key` varchar(32) NOT NULL,
  `content` text NOT NULL
) ENGINE=InnoDB DEFAULT CHARSET=utf8mb4;

--
-- Dumping data untuk tabel `settings`
--

INSERT INTO `settings` (`id`, `key`, `content`) VALUES
(1, 'current_theme_name', 'vegefoods'),
(2, 'store_name', 'Rumah Makan Bu Inem'),
(3, 'store_phone_number', '081283458037'),
(4, 'store_email', 'hicoder224@gmail.com'),
(5, 'store_tagline', 'TOKO OPEN 08.00 - 17.00'),
(6, 'store_logo', 'Logo2.png'),
(7, 'max_product_image_size', '20000'),
(8, 'store_description', 'Belanja makanan penutup dengan murah, mudah dan cepat'),
(9, 'store_address', 'Perum Griya Alam Sentosa'),
(10, 'min_shop_to_free_shipping_cost', '200000'),
(11, 'shipping_cost', '14000'),
(12, 'payment_banks', '{\"bank-bni\":{\"bank\":\"BANK BNI\",\"number\":\"321312\",\"name\":\"Saptoni\"},\"bank-bca\":{\"bank\":\"BANK BCA\",\"number\":\"213321\",\"name\":\"saewq\"},\"ewq\":{\"bank\":\"ewq\",\"number\":\"ewq\",\"name\":\"weq\"},\"bank-jago\":{\"bank\":\"Bank Jago\",\"number\":\"12321\",\"name\":\"321321\"}}'),
(13, 'sender', 'hicoder224@gmail.com'),
(14, 'pass_mail', 'pkadliooghsdelxk'),
(15, 'flat_ongkir', '1'),
(16, 'server_key', 'SB-Mid-server-SncqFmlAhQF1Or6Wd8rsoLuw'),
(17, 'client_key', 'SB-Mid-client-ZjOMzX2eoqwyjxmY'),
(18, 'slider', '[{\"gambar\":\"slider11.jpg\",\"konten\":\"100% Sehat Dan Bergizi\"},{\"gambar\":\"slider21.jpg\",\"konten\":\"Makanan Baru Setiap Hari\"},{\"gambar\":\"slider31.jpg\",\"konten\":\"Makanan Dengan Citra Rasa Tinggi\"}]');

-- --------------------------------------------------------

--
-- Struktur dari tabel `users`
--

CREATE TABLE `users` (
  `id` bigint(20) UNSIGNED NOT NULL,
  `name` varchar(30) COLLATE utf8mb4_unicode_ci DEFAULT NULL,
  `email` varchar(70) COLLATE utf8mb4_unicode_ci NOT NULL,
  `email_verified_at` timestamp NULL DEFAULT NULL,
  `username` varchar(16) COLLATE utf8mb4_unicode_ci NOT NULL,
  `password` varchar(80) COLLATE utf8mb4_unicode_ci NOT NULL,
  `profile_picture` varchar(128) COLLATE utf8mb4_unicode_ci DEFAULT NULL,
  `role` varchar(12) COLLATE utf8mb4_unicode_ci DEFAULT '0' COMMENT '1 = admin, 2 = customer',
  `register_date` datetime DEFAULT NULL
) ENGINE=InnoDB DEFAULT CHARSET=utf8mb4 COLLATE=utf8mb4_unicode_ci;

--
-- Dumping data untuk tabel `users`
--

INSERT INTO `users` (`id`, `name`, `email`, `email_verified_at`, `username`, `password`, `profile_picture`, `role`, `register_date`) VALUES
(13, 'Saptoni', 'wibowosatrio32222@gmail.com', NULL, 'ropel2', '$2y$10$hFnm9LW.XztV2C7YPJZrkOGdAVCcA5theKlQ7OPCqXB62eo4UJkdq', 'akun.jpg', 'admin', '2021-06-03 21:45:48'),
(14, NULL, 'indogaming170@gmail.com', NULL, 'ropel1', '$2y$10$VpMSNM7Hp/QPx/C1AaJEJeM0rPgnHX6ezSK0GK2iDHrWDLt4Csrji', NULL, 'customer', '2022-05-18 07:20:11');

--
-- Indexes for dumped tables
--

--
-- Indeks untuk tabel `ci_sessions`
--
ALTER TABLE `ci_sessions`
  ADD KEY `ci_sessions_timestamp` (`timestamp`);

--
-- Indeks untuk tabel `contacts`
--
ALTER TABLE `contacts`
  ADD PRIMARY KEY (`id`),
  ADD KEY `FK_contacts_contacts` (`parent_id`);

--
-- Indeks untuk tabel `coupons`
--
ALTER TABLE `coupons`
  ADD PRIMARY KEY (`id`);

--
-- Indeks untuk tabel `customers`
--
ALTER TABLE `customers`
  ADD PRIMARY KEY (`id`),
  ADD KEY `FK_customers_users` (`user_id`);

--
-- Indeks untuk tabel `notifikasi`
--
ALTER TABLE `notifikasi`
  ADD PRIMARY KEY (`id`);

--
-- Indeks untuk tabel `notifikasi_admin`
--
ALTER TABLE `notifikasi_admin`
  ADD PRIMARY KEY (`id`);

--
-- Indeks untuk tabel `ongkir`
--
ALTER TABLE `ongkir`
  ADD PRIMARY KEY (`id`);

--
-- Indeks untuk tabel `orders`
--
ALTER TABLE `orders`
  ADD PRIMARY KEY (`id`),
  ADD KEY `FK_orders_users` (`user_id`),
  ADD KEY `FK_orders_coupons` (`coupon_id`);

--
-- Indeks untuk tabel `order_items`
--
ALTER TABLE `order_items`
  ADD PRIMARY KEY (`id`),
  ADD KEY `order_id` (`order_id`),
  ADD KEY `product_id` (`product_id`);

--
-- Indeks untuk tabel `payments`
--
ALTER TABLE `payments`
  ADD PRIMARY KEY (`id`),
  ADD KEY `order_id` (`order_id`);

--
-- Indeks untuk tabel `products`
--
ALTER TABLE `products`
  ADD PRIMARY KEY (`id`),
  ADD KEY `FK_products_product_category` (`category_id`);

--
-- Indeks untuk tabel `product_category`
--
ALTER TABLE `product_category`
  ADD PRIMARY KEY (`id`);

--
-- Indeks untuk tabel `reviews`
--
ALTER TABLE `reviews`
  ADD PRIMARY KEY (`id`),
  ADD KEY `FK_reviews_users` (`user_id`),
  ADD KEY `FK_reviews_orders` (`order_id`);

--
-- Indeks untuk tabel `settings`
--
ALTER TABLE `settings`
  ADD PRIMARY KEY (`id`) USING BTREE;

--
-- Indeks untuk tabel `users`
--
ALTER TABLE `users`
  ADD PRIMARY KEY (`id`) USING BTREE,
  ADD UNIQUE KEY `users_email_unique` (`email`) USING BTREE;

--
-- AUTO_INCREMENT untuk tabel yang dibuang
--

--
-- AUTO_INCREMENT untuk tabel `contacts`
--
ALTER TABLE `contacts`
  MODIFY `id` int(10) NOT NULL AUTO_INCREMENT, AUTO_INCREMENT=12;

--
-- AUTO_INCREMENT untuk tabel `coupons`
--
ALTER TABLE `coupons`
  MODIFY `id` bigint(20) NOT NULL AUTO_INCREMENT, AUTO_INCREMENT=9;

--
-- AUTO_INCREMENT untuk tabel `customers`
--
ALTER TABLE `customers`
  MODIFY `id` bigint(20) NOT NULL AUTO_INCREMENT, AUTO_INCREMENT=17;

--
-- AUTO_INCREMENT untuk tabel `notifikasi`
--
ALTER TABLE `notifikasi`
  MODIFY `id` int(100) NOT NULL AUTO_INCREMENT, AUTO_INCREMENT=133;

--
-- AUTO_INCREMENT untuk tabel `notifikasi_admin`
--
ALTER TABLE `notifikasi_admin`
  MODIFY `id` int(255) NOT NULL AUTO_INCREMENT, AUTO_INCREMENT=52;

--
-- AUTO_INCREMENT untuk tabel `ongkir`
--
ALTER TABLE `ongkir`
  MODIFY `id` int(255) NOT NULL AUTO_INCREMENT, AUTO_INCREMENT=4;

--
-- AUTO_INCREMENT untuk tabel `orders`
--
ALTER TABLE `orders`
  MODIFY `id` bigint(20) NOT NULL AUTO_INCREMENT, AUTO_INCREMENT=182;

--
-- AUTO_INCREMENT untuk tabel `order_items`
--
ALTER TABLE `order_items`
  MODIFY `id` bigint(20) NOT NULL AUTO_INCREMENT, AUTO_INCREMENT=343;

--
-- AUTO_INCREMENT untuk tabel `payments`
--
ALTER TABLE `payments`
  MODIFY `id` bigint(20) NOT NULL AUTO_INCREMENT, AUTO_INCREMENT=84;

--
-- AUTO_INCREMENT untuk tabel `products`
--
ALTER TABLE `products`
  MODIFY `id` bigint(20) NOT NULL AUTO_INCREMENT, AUTO_INCREMENT=29;

--
-- AUTO_INCREMENT untuk tabel `product_category`
--
ALTER TABLE `product_category`
  MODIFY `id` int(10) NOT NULL AUTO_INCREMENT, AUTO_INCREMENT=15;

--
-- AUTO_INCREMENT untuk tabel `reviews`
--
ALTER TABLE `reviews`
  MODIFY `id` bigint(20) NOT NULL AUTO_INCREMENT, AUTO_INCREMENT=17;

--
-- AUTO_INCREMENT untuk tabel `settings`
--
ALTER TABLE `settings`
  MODIFY `id` int(10) NOT NULL AUTO_INCREMENT, AUTO_INCREMENT=19;

--
-- AUTO_INCREMENT untuk tabel `users`
--
ALTER TABLE `users`
  MODIFY `id` bigint(20) UNSIGNED NOT NULL AUTO_INCREMENT, AUTO_INCREMENT=19;

--
-- Ketidakleluasaan untuk tabel pelimpahan (Dumped Tables)
--

--
-- Ketidakleluasaan untuk tabel `contacts`
--
ALTER TABLE `contacts`
  ADD CONSTRAINT `FK_contacts_contacts` FOREIGN KEY (`parent_id`) REFERENCES `contacts` (`id`) ON DELETE CASCADE ON UPDATE NO ACTION;

--
-- Ketidakleluasaan untuk tabel `customers`
--
ALTER TABLE `customers`
  ADD CONSTRAINT `FK_customers_users` FOREIGN KEY (`user_id`) REFERENCES `users` (`id`) ON DELETE CASCADE ON UPDATE CASCADE;

--
-- Ketidakleluasaan untuk tabel `orders`
--
ALTER TABLE `orders`
  ADD CONSTRAINT `FK_orders_coupons` FOREIGN KEY (`coupon_id`) REFERENCES `coupons` (`id`) ON DELETE SET NULL ON UPDATE CASCADE,
  ADD CONSTRAINT `FK_orders_users` FOREIGN KEY (`user_id`) REFERENCES `users` (`id`) ON DELETE NO ACTION ON UPDATE CASCADE;

--
-- Ketidakleluasaan untuk tabel `order_items`
--
ALTER TABLE `order_items`
  ADD CONSTRAINT `order_items_ibfk_1` FOREIGN KEY (`order_id`) REFERENCES `orders` (`id`) ON DELETE CASCADE ON UPDATE NO ACTION,
  ADD CONSTRAINT `order_items_ibfk_2` FOREIGN KEY (`product_id`) REFERENCES `products` (`id`) ON DELETE CASCADE ON UPDATE NO ACTION;
COMMIT;

/*!40101 SET CHARACTER_SET_CLIENT=@OLD_CHARACTER_SET_CLIENT */;
/*!40101 SET CHARACTER_SET_RESULTS=@OLD_CHARACTER_SET_RESULTS */;
/*!40101 SET COLLATION_CONNECTION=@OLD_COLLATION_CONNECTION */;
