-- phpMyAdmin SQL Dump
-- version 5.0.3
-- https://www.phpmyadmin.net/
--
-- Host: 127.0.0.1
-- Waktu pembuatan: 31 Jul 2022 pada 13.56
-- Versi server: 10.4.14-MariaDB
-- Versi PHP: 7.2.34

SET SQL_MODE = "NO_AUTO_VALUE_ON_ZERO";
START TRANSACTION;
SET time_zone = "+00:00";


/*!40101 SET @OLD_CHARACTER_SET_CLIENT=@@CHARACTER_SET_CLIENT */;
/*!40101 SET @OLD_CHARACTER_SET_RESULTS=@@CHARACTER_SET_RESULTS */;
/*!40101 SET @OLD_COLLATION_CONNECTION=@@COLLATION_CONNECTION */;
/*!40101 SET NAMES utf8mb4 */;

--
-- Database: `penjualan`
--

-- --------------------------------------------------------

--
-- Struktur dari tabel `ci_sessions`
--

CREATE TABLE `ci_sessions` (
  `id` varchar(128) NOT NULL,
  `ip_address` varchar(45) NOT NULL,
  `timestamp` int(10) UNSIGNED NOT NULL DEFAULT 0,
  `data` blob NOT NULL
) ENGINE=InnoDB DEFAULT CHARSET=utf8mb4;

--
-- Dumping data untuk tabel `ci_sessions`
--

INSERT INTO `ci_sessions` (`id`, `ip_address`, `timestamp`, `data`) VALUES
('tcs55dgpa59nur3oq3v4m0ie88agci0k', '::1', 1659248309, 0x5f5f63695f6c6173745f726567656e65726174657c693a313635393234383330393b7265646972656374696f6e7c4e3b5f5f4143544956455f53455353494f4e5f444154417c733a3235363a2231306437363266363763663434313534323761383339643363343064353461396665623463326636326138626131333464343037326639333139323436333237663234373630333836316662383365636536616162306165653166323639656131373133353731363036313963393538613331346230626439323638313438626b4d552b364d512f654139596a7873614e79697054477235485a764b39534552446868667a32676669596b3851676f3958615a3149547a363457686c58354c426961684149456a57724679416d5a676375453070754b357353456237574e4b6f57712f584d77474e494e7375775956344d794271717954623251304c58552f2b223b),
('1metc5fbb18ldf744a0sddld8qovo9mt', '::1', 1659248631, 0x5f5f63695f6c6173745f726567656e65726174657c693a313635393234383633313b7265646972656374696f6e7c733a37323a226148523063446f764c327876593246736147397a6443396964576c755a5730765933567a644739745a58497662334a6b5a584a7a4c335a705a5863764d5459774c334a6c5957513d223b5f5f4143544956455f53455353494f4e5f444154417c733a3235363a2231306437363266363763663434313534323761383339643363343064353461396665623463326636326138626131333464343037326639333139323436333237663234373630333836316662383365636536616162306165653166323639656131373133353731363036313963393538613331346230626439323638313438626b4d552b364d512f654139596a7873614e79697054477235485a764b39534552446868667a32676669596b3851676f3958615a3149547a363457686c58354c426961684149456a57724679416d5a676375453070754b357353456237574e4b6f57712f584d77474e494e7375775956344d794271717954623251304c58552f2b223b),
('f6pmari6ddkii04empqunf6i95cnt627', '::1', 1659248941, 0x5f5f63695f6c6173745f726567656e65726174657c693a313635393234383934313b7265646972656374696f6e7c733a37323a226148523063446f764c327876593246736147397a6443396964576c755a5730765933567a644739745a58497662334a6b5a584a7a4c335a705a5863764d5459774c334a6c5957513d223b5f5f4143544956455f53455353494f4e5f444154417c733a3235363a2231306437363266363763663434313534323761383339643363343064353461396665623463326636326138626131333464343037326639333139323436333237663234373630333836316662383365636536616162306165653166323639656131373133353731363036313963393538613331346230626439323638313438626b4d552b364d512f654139596a7873614e79697054477235485a764b39534552446868667a32676669596b3851676f3958615a3149547a363457686c58354c426961684149456a57724679416d5a676375453070754b357353456237574e4b6f57712f584d77474e494e7375775956344d794271717954623251304c58552f2b223b),
('4lqcn1ak3e8kinjhup1ma9i2bd3829e7', '::1', 1659249876, 0x5f5f63695f6c6173745f726567656e65726174657c693a313635393234393837363b7265646972656374696f6e7c733a37323a226148523063446f764c327876593246736147397a6443396964576c755a5730765933567a644739745a58497662334a6b5a584a7a4c335a705a5863764d5459774c334a6c5957513d223b5f5f4143544956455f53455353494f4e5f444154417c733a3235363a2231306437363266363763663434313534323761383339643363343064353461396665623463326636326138626131333464343037326639333139323436333237663234373630333836316662383365636536616162306165653166323639656131373133353731363036313963393538613331346230626439323638313438626b4d552b364d512f654139596a7873614e79697054477235485a764b39534552446868667a32676669596b3851676f3958615a3149547a363457686c58354c426961684149456a57724679416d5a676375453070754b357353456237574e4b6f57712f584d77474e494e7375775956344d794271717954623251304c58552f2b223b),
('nk0hltq9obbo8il0kjc0s1pk8fsken53', '::1', 1659250182, 0x5f5f63695f6c6173745f726567656e65726174657c693a313635393235303138323b7265646972656374696f6e7c733a37323a226148523063446f764c327876593246736147397a6443396964576c755a5730765933567a644739745a58497662334a6b5a584a7a4c335a705a5863764d5459774c334a6c5957513d223b5f5f4143544956455f53455353494f4e5f444154417c733a3235363a2231306437363266363763663434313534323761383339643363343064353461396665623463326636326138626131333464343037326639333139323436333237663234373630333836316662383365636536616162306165653166323639656131373133353731363036313963393538613331346230626439323638313438626b4d552b364d512f654139596a7873614e79697054477235485a764b39534552446868667a32676669596b3851676f3958615a3149547a363457686c58354c426961684149456a57724679416d5a676375453070754b357353456237574e4b6f57712f584d77474e494e7375775956344d794271717954623251304c58552f2b223b),
('bhkstm3m15fga6hbgb4sqtdl8022dsls', '::1', 1659253503, 0x5f5f63695f6c6173745f726567656e65726174657c693a313635393235333530333b7265646972656374696f6e7c733a37323a226148523063446f764c327876593246736147397a6443396964576c755a5730765933567a644739745a58497662334a6b5a584a7a4c335a705a5863764d5459774c334a6c5957513d223b5f5f4143544956455f53455353494f4e5f444154417c733a3235363a2231306437363266363763663434313534323761383339643363343064353461396665623463326636326138626131333464343037326639333139323436333237663234373630333836316662383365636536616162306165653166323639656131373133353731363036313963393538613331346230626439323638313438626b4d552b364d512f654139596a7873614e79697054477235485a764b39534552446868667a32676669596b3851676f3958615a3149547a363457686c58354c426961684149456a57724679416d5a676375453070754b357353456237574e4b6f57712f584d77474e494e7375775956344d794271717954623251304c58552f2b223b),
('453v9alngjim9i4epftpo8vh1rijl8m7', '::1', 1659256939, 0x5f5f63695f6c6173745f726567656e65726174657c693a313635393235363933393b7265646972656374696f6e7c733a37323a226148523063446f764c327876593246736147397a6443396964576c755a5730765933567a644739745a58497662334a6b5a584a7a4c335a705a5863764d5459774c334a6c5957513d223b5f5f4143544956455f53455353494f4e5f444154417c733a3235363a2231306437363266363763663434313534323761383339643363343064353461396665623463326636326138626131333464343037326639333139323436333237663234373630333836316662383365636536616162306165653166323639656131373133353731363036313963393538613331346230626439323638313438626b4d552b364d512f654139596a7873614e79697054477235485a764b39534552446868667a32676669596b3851676f3958615a3149547a363457686c58354c426961684149456a57724679416d5a676375453070754b357353456237574e4b6f57712f584d77474e494e7375775956344d794271717954623251304c58552f2b223b),
('rrl1tg0achkq6dagsovf9rfc5uoq0eqp', '::1', 1659259738, 0x5f5f63695f6c6173745f726567656e65726174657c693a313635393235393733383b7265646972656374696f6e7c733a37323a226148523063446f764c327876593246736147397a6443396964576c755a5730765933567a644739745a58497662334a6b5a584a7a4c335a705a5863764d5459774c334a6c5957513d223b5f5f4143544956455f53455353494f4e5f444154417c733a3235363a2231306437363266363763663434313534323761383339643363343064353461396665623463326636326138626131333464343037326639333139323436333237663234373630333836316662383365636536616162306165653166323639656131373133353731363036313963393538613331346230626439323638313438626b4d552b364d512f654139596a7873614e79697054477235485a764b39534552446868667a32676669596b3851676f3958615a3149547a363457686c58354c426961684149456a57724679416d5a676375453070754b357353456237574e4b6f57712f584d77474e494e7375775956344d794271717954623251304c58552f2b223b),
('m1sv1pke57fg0m5ha8cq3dn5o82jroej', '::1', 1659264121, 0x5f5f63695f6c6173745f726567656e65726174657c693a313635393236343132313b7265646972656374696f6e7c733a37323a226148523063446f764c327876593246736147397a6443396964576c755a5730765933567a644739745a58497662334a6b5a584a7a4c335a705a5863764d5459774c334a6c5957513d223b5f5f4143544956455f53455353494f4e5f444154417c733a3235363a2231306437363266363763663434313534323761383339643363343064353461396665623463326636326138626131333464343037326639333139323436333237663234373630333836316662383365636536616162306165653166323639656131373133353731363036313963393538613331346230626439323638313438626b4d552b364d512f654139596a7873614e79697054477235485a764b39534552446868667a32676669596b3851676f3958615a3149547a363457686c58354c426961684149456a57724679416d5a676375453070754b357353456237574e4b6f57712f584d77474e494e7375775956344d794271717954623251304c58552f2b223b),
('0045v52a8f85j7ves6pse1lfl8vhdqkn', '127.0.0.1', 1659265131, 0x5f5f63695f6c6173745f726567656e65726174657c693a313635393236353133313b7265646972656374696f6e7c4e3b5f5f4143544956455f53455353494f4e5f444154417c733a3235363a223664333563326263643938363661646137633664653461343333303963333335386230343364643135633332316666306537643139333061353232383662656261626462303562333865336433366231396466633162386438356635306437303163383137653461653163336131336335666638313133613261633461313935777530794c713871352f304c416c70685a732f6a6d4f315850522b3454564c4b66304e2f4a31566543465a50355175756132485672596c676d72504a4f48616a2b5359435936766e66377a41376f67684f792b4830373134623476377051334a79687255774d3178506d4539766a414c7a6a5068472b454132445a2b4a45304e223b5f5f63695f766172737c613a313a7b733a31313a226f726465725f666c617368223b733a333a226f6c64223b7d),
('4bih2ueho1gfihls0a8anb5cp4av5abb', '::1', 1659265200, 0x5f5f63695f6c6173745f726567656e65726174657c693a313635393236353230303b7265646972656374696f6e7c733a37323a226148523063446f764c327876593246736147397a6443396964576c755a5730765933567a644739745a58497662334a6b5a584a7a4c335a705a5863764d5459774c334a6c5957513d223b5f5f4143544956455f53455353494f4e5f444154417c733a3235363a2231306437363266363763663434313534323761383339643363343064353461396665623463326636326138626131333464343037326639333139323436333237663234373630333836316662383365636536616162306165653166323639656131373133353731363036313963393538613331346230626439323638313438626b4d552b364d512f654139596a7873614e79697054477235485a764b39534552446868667a32676669596b3851676f3958615a3149547a363457686c58354c426961684149456a57724679416d5a676375453070754b357353456237574e4b6f57712f584d77474e494e7375775956344d794271717954623251304c58552f2b223b),
('ku6kdu8srtacqjfohr6mvbgonnq4j1st', '127.0.0.1', 1659265646, 0x5f5f63695f6c6173745f726567656e65726174657c693a313635393236353634363b7265646972656374696f6e7c4e3b5f5f4143544956455f53455353494f4e5f444154417c733a3235363a2262656639623462323730303839333864613636306565386533366139313037646636636461316234623834303962343561643930646235303461393862323563633161363065313862613230313561313266616233393064323765356438336332663936313238343630326463383365616165613464626637343530643538392f45546565676b4a415835326c6158576b695848354377426741413538333566713438357763316c436d463745495766495a7542706f5177674c5772664148356e30773669334f797a59796d774c757a4639756664775a5876685a2f335a3935347655476451772f6d6e39414f6d627646385553766e65497a63782b4269515a223b6765747c733a333a22313633223b),
('d1qi7vjfl1ag5t62hm63e3e56gc13gj0', '::1', 1659266901, 0x5f5f63695f6c6173745f726567656e65726174657c693a313635393236363930313b7265646972656374696f6e7c733a37323a226148523063446f764c327876593246736147397a6443396964576c755a5730765933567a644739745a58497662334a6b5a584a7a4c335a705a5863764d5459774c334a6c5957513d223b5f5f4143544956455f53455353494f4e5f444154417c733a3235363a2231306437363266363763663434313534323761383339643363343064353461396665623463326636326138626131333464343037326639333139323436333237663234373630333836316662383365636536616162306165653166323639656131373133353731363036313963393538613331346230626439323638313438626b4d552b364d512f654139596a7873614e79697054477235485a764b39534552446868667a32676669596b3851676f3958615a3149547a363457686c58354c426961684149456a57724679416d5a676375453070754b357353456237574e4b6f57712f584d77474e494e7375775956344d794271717954623251304c58552f2b223b),
('q983142jhi14uasoi5co5oij0gi4lp5l', '127.0.0.1', 1659265574, 0x5f5f63695f6c6173745f726567656e65726174657c693a313635393236353537343b),
('55p0dp6m691eav2fonsstm4u38j2p9uv', '127.0.0.1', 1659265574, 0x5f5f63695f6c6173745f726567656e65726174657c693a313635393236353537343b7265646972656374696f6e7c733a36383a226148523063446f764c327876593246736147397a6443396964576c755a5730765933567a644739745a584976634746356257567564484d76593239755a6d6c7962513d3d223b),
('vlv9k2906igmk0lb31scp3gil8uhka9t', '127.0.0.1', 1659265948, 0x5f5f63695f6c6173745f726567656e65726174657c693a313635393236353934383b7265646972656374696f6e7c4e3b5f5f4143544956455f53455353494f4e5f444154417c733a3235363a2262656639623462323730303839333864613636306565386533366139313037646636636461316234623834303962343561643930646235303461393862323563633161363065313862613230313561313266616233393064323765356438336332663936313238343630326463383365616165613464626637343530643538392f45546565676b4a415835326c6158576b695848354377426741413538333566713438357763316c436d463745495766495a7542706f5177674c5772664148356e30773669334f797a59796d774c757a4639756664775a5876685a2f335a3935347655476451772f6d6e39414f6d627646385553766e65497a63782b4269515a223b6765747c733a333a22313633223b),
('pplhauk4t8f41njd4ipjv3sq4r6vnk6r', '127.0.0.1', 1659266264, 0x5f5f63695f6c6173745f726567656e65726174657c693a313635393236363236343b7265646972656374696f6e7c4e3b5f5f4143544956455f53455353494f4e5f444154417c733a3235363a2262656639623462323730303839333864613636306565386533366139313037646636636461316234623834303962343561643930646235303461393862323563633161363065313862613230313561313266616233393064323765356438336332663936313238343630326463383365616165613464626637343530643538392f45546565676b4a415835326c6158576b695848354377426741413538333566713438357763316c436d463745495766495a7542706f5177674c5772664148356e30773669334f797a59796d774c757a4639756664775a5876685a2f335a3935347655476451772f6d6e39414f6d627646385553766e65497a63782b4269515a223b6765747c733a333a22313633223b),
('ggievdr40v9o949ull29eiiav3qp1a47', '127.0.0.1', 1659266634, 0x5f5f63695f6c6173745f726567656e65726174657c693a313635393236363633343b7265646972656374696f6e7c4e3b5f5f4143544956455f53455353494f4e5f444154417c733a3235363a2262656639623462323730303839333864613636306565386533366139313037646636636461316234623834303962343561643930646235303461393862323563633161363065313862613230313561313266616233393064323765356438336332663936313238343630326463383365616165613464626637343530643538392f45546565676b4a415835326c6158576b695848354377426741413538333566713438357763316c436d463745495766495a7542706f5177674c5772664148356e30773669334f797a59796d774c757a4639756664775a5876685a2f335a3935347655476451772f6d6e39414f6d627646385553766e65497a63782b4269515a223b6765747c733a333a22313633223b),
('mt1s5osun4c4idn9lhabkka8kf6ibhav', '127.0.0.1', 1659266977, 0x5f5f63695f6c6173745f726567656e65726174657c693a313635393236363937373b7265646972656374696f6e7c4e3b5f5f4143544956455f53455353494f4e5f444154417c733a3235363a2262656639623462323730303839333864613636306565386533366139313037646636636461316234623834303962343561643930646235303461393862323563633161363065313862613230313561313266616233393064323765356438336332663936313238343630326463383365616165613464626637343530643538392f45546565676b4a415835326c6158576b695848354377426741413538333566713438357763316c436d463745495766495a7542706f5177674c5772664148356e30773669334f797a59796d774c757a4639756664775a5876685a2f335a3935347655476451772f6d6e39414f6d627646385553766e65497a63782b4269515a223b6765747c733a333a22313633223b),
('na6ctmqjd5uablkn5nf7mm2rvi75jpoe', '::1', 1659267016, 0x5f5f63695f6c6173745f726567656e65726174657c693a313635393236363930313b7265646972656374696f6e7c733a37323a226148523063446f764c327876593246736147397a6443396964576c755a5730765933567a644739745a58497662334a6b5a584a7a4c335a705a5863764d5459774c334a6c5957513d223b5f5f4143544956455f53455353494f4e5f444154417c733a3235363a2231306437363266363763663434313534323761383339643363343064353461396665623463326636326138626131333464343037326639333139323436333237663234373630333836316662383365636536616162306165653166323639656131373133353731363036313963393538613331346230626439323638313438626b4d552b364d512f654139596a7873614e79697054477235485a764b39534552446868667a32676669596b3851676f3958615a3149547a363457686c58354c426961684149456a57724679416d5a676375453070754b357353456237574e4b6f57712f584d77474e494e7375775956344d794271717954623251304c58552f2b223b),
('iolo6n7rtr7ajerirmuqb6hms9gn1i1b', '127.0.0.1', 1659267008, 0x5f5f63695f6c6173745f726567656e65726174657c693a313635393236363937373b7265646972656374696f6e7c4e3b5f5f4143544956455f53455353494f4e5f444154417c733a3235363a2262656639623462323730303839333864613636306565386533366139313037646636636461316234623834303962343561643930646235303461393862323563633161363065313862613230313561313266616233393064323765356438336332663936313238343630326463383365616165613464626637343530643538392f45546565676b4a415835326c6158576b695848354377426741413538333566713438357763316c436d463745495766495a7542706f5177674c5772664148356e30773669334f797a59796d774c757a4639756664775a5876685a2f335a3935347655476451772f6d6e39414f6d627646385553766e65497a63782b4269515a223b6765747c733a333a22313632223b7061796d656e745f666c6173687c733a37393a224b6f6e6669726d61736920626572686173696c2064696c616b756b616e2e2041646d696e20616b616e206d656d7665726966696b6173696e79612064616c616d2077616b74752031783234206a616d223b5f5f63695f766172737c613a313a7b733a31333a227061796d656e745f666c617368223b733a333a226f6c64223b7d);

-- --------------------------------------------------------

--
-- Struktur dari tabel `contacts`
--

CREATE TABLE `contacts` (
  `id` int(10) NOT NULL,
  `parent_id` int(10) DEFAULT NULL,
  `name` varchar(32) NOT NULL,
  `subject` varchar(128) DEFAULT NULL,
  `email` varchar(64) NOT NULL,
  `message` mediumtext NOT NULL,
  `contact_date` datetime DEFAULT NULL,
  `status` tinyint(1) DEFAULT 1,
  `reply_at` datetime DEFAULT NULL
) ENGINE=InnoDB DEFAULT CHARSET=utf8mb4;

--
-- Dumping data untuk tabel `contacts`
--

INSERT INTO `contacts` (`id`, `parent_id`, `name`, `subject`, `email`, `message`, `contact_date`, `status`, `reply_at`) VALUES
(8, NULL, 'Saptoni', 'ewq', 'wibowosatrio32@gmail.com', 'ewqewq', NULL, 2, NULL);

-- --------------------------------------------------------

--
-- Struktur dari tabel `coupons`
--

CREATE TABLE `coupons` (
  `id` bigint(20) NOT NULL,
  `name` varchar(191) NOT NULL,
  `code` varchar(32) NOT NULL,
  `credit` decimal(8,2) NOT NULL,
  `start_date` date NOT NULL,
  `expired_date` date NOT NULL,
  `is_active` tinyint(4) DEFAULT 1
) ENGINE=InnoDB DEFAULT CHARSET=utf8mb4;

-- --------------------------------------------------------

--
-- Struktur dari tabel `customers`
--

CREATE TABLE `customers` (
  `id` bigint(20) NOT NULL,
  `user_id` bigint(20) UNSIGNED DEFAULT NULL,
  `name` varchar(191) NOT NULL,
  `phone_number` varchar(32) DEFAULT NULL,
  `address` varchar(191) NOT NULL,
  `profile_picture` varchar(191) DEFAULT NULL
) ENGINE=InnoDB DEFAULT CHARSET=utf8mb4;

--
-- Dumping data untuk tabel `customers`
--

INSERT INTO `customers` (`id`, `user_id`, `name`, `phone_number`, `address`, `profile_picture`) VALUES
(12, 14, 'ropel2', '90-3917317332', 'Griya', 'gambar1.png');

-- --------------------------------------------------------

--
-- Struktur dari tabel `notifikasi`
--

CREATE TABLE `notifikasi` (
  `id` int(100) NOT NULL,
  `user_id` int(10) NOT NULL COMMENT 'user_id',
  `no_order` varchar(60) NOT NULL,
  `tanggal` datetime NOT NULL,
  `status` int(2) NOT NULL,
  `is_read` int(5) NOT NULL
) ENGINE=InnoDB DEFAULT CHARSET=utf8mb4;

--
-- Dumping data untuk tabel `notifikasi`
--

INSERT INTO `notifikasi` (`id`, `user_id`, `no_order`, `tanggal`, `status`, `is_read`) VALUES
(3, 14, 'UFF30422214793', '2022-04-29 16:34:30', 3, 1),
(4, 14, 'XQU30422214143', '2022-04-30 16:44:01', 1, 1),
(5, 14, 'PZZ30422214025', '2022-04-30 17:57:33', 1, 1),
(6, 14, 'SWD30422214780', '2022-04-30 23:05:03', 1, 1),
(7, 14, 'LCB6522214736', '2022-05-06 15:55:11', 1, 1),
(8, 14, 'DPV23522114419', '2022-05-23 13:57:43', 3, 1),
(9, 14, 'HDN4722214275', '2022-07-04 18:12:48', 1, 0),
(10, 14, 'ZZJ4722214057', '2022-07-04 18:27:33', 1, 0),
(11, 14, 'SSF4722214684', '2022-07-04 18:30:06', 1, 1),
(13, 14, 'ADC4722214326', '2022-07-04 19:03:46', 3, 1),
(17, 14, 'VMS17722214064', '2022-07-17 19:21:12', 1, 0),
(18, 14, 'FZU17722214348', '2022-07-17 19:49:09', 1, 1),
(27, 14, 'EGK18722114723', '2022-07-18 13:27:47', 3, 0),
(28, 14, 'SRM18722214152', '2022-07-18 14:29:50', 3, 1),
(30, 14, 'HOF19722214643', '2022-07-20 03:23:05', 3, 0),
(31, 14, 'KTM19722214498', '2022-07-20 03:27:33', 3, 0),
(32, 14, 'VNP19722214710', '2022-07-20 03:29:12', 1, 0),
(33, 14, 'EJW19722214125', '2022-07-20 03:30:11', 3, 0),
(34, 14, 'BNY25722314835', '2022-07-25 15:28:54', 1, 0),
(35, 14, 'AWT25722314720', '2022-07-25 16:16:28', 3, 1),
(37, 14, 'LHT25722314713', '2022-07-25 22:12:12', 1, 1),
(38, 14, 'CXD25722314950', '2022-07-25 22:13:56', 1, 0),
(39, 14, 'WCZ25722314054', '2022-07-25 22:17:00', 1, 1),
(40, 14, 'NCC25722214650', '2022-07-25 22:38:43', 1, 1),
(41, 14, 'CLY25722214671', '2022-07-26 00:48:07', 3, 1),
(49, 14, 'XNY28722314584', '2022-07-28 21:49:42', 2, 1),
(52, 14, 'MAT30722214098', '2022-07-30 13:00:32', 2, 0),
(54, 14, 'BPE30722114405', '2022-07-30 13:09:49', 2, 0),
(56, 14, 'QUF30722114861', '2022-07-30 13:19:10', 2, 0),
(58, 14, 'NJI30722114518', '2022-07-30 13:22:04', 3, 0),
(59, 14, 'FCH30722214901', '2022-07-30 13:43:57', 1, 0),
(62, 14, 'AIT30722114279', '2022-07-30 14:22:51', 2, 0),
(63, 14, 'BJD30722214734', '2022-07-30 14:28:10', 1, 0),
(67, 14, 'MGN30722414954', '2022-07-30 15:34:10', 2, 0),
(70, 14, 'KAI30722114360', '2022-07-30 15:36:42', 2, 0),
(73, 14, 'LIK30722114510', '2022-07-30 15:40:41', 2, 0),
(88, 14, 'NCT30722114260', '2022-07-30 16:00:08', 2, 0),
(91, 14, 'ROX30722114802', '2022-07-30 16:10:20', 2, 0),
(93, 14, 'PIO30722114046', '2022-07-30 17:26:25', 1, 0),
(94, 14, 'JVD30722214429', '2022-07-30 17:38:47', 1, 1),
(95, 14, 'LBT30722114921', '2022-07-30 19:37:46', 1, 0),
(96, 14, 'WYK30722214293', '2022-07-30 22:06:53', 1, 0),
(97, 14, 'HUR30722014701', '2022-07-30 22:06:58', 1, 0),
(98, 14, 'KTC30722114471', '2022-07-30 22:07:21', 1, 0),
(99, 14, 'UGO31722114415', '2022-07-31 17:41:40', 1, 0),
(100, 14, 'TDJ31722114483', '2022-07-31 17:42:59', 1, 0),
(101, 14, 'YDQ31722114670', '2022-07-31 17:59:22', 1, 0);

-- --------------------------------------------------------

--
-- Struktur dari tabel `notifikasi_admin`
--

CREATE TABLE `notifikasi_admin` (
  `id` int(255) NOT NULL,
  `user_id` int(10) NOT NULL,
  `no_order` varchar(60) NOT NULL,
  `tanggal` datetime NOT NULL,
  `status` int(2) NOT NULL,
  `is_read` int(5) NOT NULL
) ENGINE=InnoDB DEFAULT CHARSET=utf8mb4;

--
-- Dumping data untuk tabel `notifikasi_admin`
--

INSERT INTO `notifikasi_admin` (`id`, `user_id`, `no_order`, `tanggal`, `status`, `is_read`) VALUES
(10, 14, 'AIT30722114279', '2022-07-30 14:24:27', 2, 0),
(11, 14, 'AIT30722114279', '2022-07-30 14:24:36', 2, 0),
(12, 14, 'BJD30722214734', '2022-07-30 14:28:55', 2, 0),
(14, 14, 'MGN30722414954', '2022-07-30 15:34:10', 2, 0),
(15, 14, 'KAI30722114360', '2022-07-30 15:36:37', 2, 0),
(17, 14, 'LIK30722114510', '2022-07-30 15:40:09', 2, 0),
(19, 14, 'NCT30722114260', '2022-07-30 15:44:40', 2, 0),
(33, 14, 'ROX30722114802', '2022-07-30 16:10:03', 2, 0),
(35, 14, 'HUR30722014701', '2022-07-30 22:06:58', 2, 1),
(36, 14, 'KTC30722114471', '2022-07-30 22:07:21', 2, 1),
(38, 14, 'TDJ31722114483', '2022-07-31 13:30:08', 1, 0);

-- --------------------------------------------------------

--
-- Struktur dari tabel `ongkir`
--

CREATE TABLE `ongkir` (
  `id` int(255) NOT NULL,
  `wilayah` varchar(255) NOT NULL,
  `tarif` int(6) NOT NULL
) ENGINE=InnoDB DEFAULT CHARSET=utf8mb4;

--
-- Dumping data untuk tabel `ongkir`
--

INSERT INTO `ongkir` (`id`, `wilayah`, `tarif`) VALUES
(1, 'Kelurahan Pasir Angin', 10000),
(2, 'Kelurahan Cipenjo', 15000);

-- --------------------------------------------------------

--
-- Struktur dari tabel `orders`
--

CREATE TABLE `orders` (
  `id` bigint(20) NOT NULL,
  `user_id` bigint(20) UNSIGNED DEFAULT NULL,
  `coupon_id` bigint(20) DEFAULT NULL,
  `order_number` varchar(16) NOT NULL,
  `order_status` enum('1','2','3','4','5') DEFAULT '1',
  `order_date` datetime NOT NULL,
  `total_price` decimal(8,2) DEFAULT NULL,
  `total_items` int(10) DEFAULT NULL,
  `payment_method` int(11) DEFAULT 1,
  `delivery_data` text DEFAULT NULL,
  `delivered_date` datetime DEFAULT NULL,
  `finish_date` datetime DEFAULT NULL
) ENGINE=InnoDB DEFAULT CHARSET=utf8mb4;

--
-- Dumping data untuk tabel `orders`
--

INSERT INTO `orders` (`id`, `user_id`, `coupon_id`, `order_number`, `order_status`, `order_date`, `total_price`, `total_items`, `payment_method`, `delivery_data`, `delivered_date`, `finish_date`) VALUES
(75, 14, NULL, 'FGS4322214845', '1', '2022-03-04 14:54:35', '68985.00', 2, 3, '{\"customer\":{\"name\":\"ropel2\",\"phone_number\":\"90-3917317332\",\"address\":\"Griya\"},\"tipe_payment\":\"CSTORE\",\"waktu_transaksi\":\"2022-03-04 20:54:35\",\"bank\":\"PERMATA BANK\",\"va_number\":\"883917317332\",\"pdf_url\":\"https:\\/\\/app.sandbox.midtrans.com\\/snap\\/v1\\/transactions\\/87d787db-79b2-4756-a377-abc37bd10b2f\\/pdf\",\"status_code\":\"201\",\"note\":\"\"}', NULL, NULL),
(76, 14, NULL, 'CWQ4322214271', '1', '2022-03-04 15:21:07', '57000.00', 2, 3, '{\"customer\":{\"name\":\"ropel2\",\"phone_number\":\"90-3917317332\",\"address\":\"Griya\"},\"tipe_payment\":\"CSTORE\",\"waktu_transaksi\":\"2022-03-04 21:21:08\",\"bank\":\"INDOMARET\",\"va_number\":\"943917317332\",\"pdf_url\":\"https:\\/\\/app.sandbox.midtrans.com\\/snap\\/v1\\/transactions\\/8e414fb3-5657-4386-99da-58ff59e8967b\\/pdf\",\"status_code\":\"201\",\"note\":\"\"}', NULL, NULL),
(77, 14, NULL, 'LCT4322314905', '1', '2022-03-04 17:32:00', '113000.00', 3, 3, '{\"customer\":{\"name\":\"ropel2\",\"phone_number\":\"90-3917317332\",\"address\":\"Griya\"},\"tipe_payment\":\"CSTORE\",\"waktu_transaksi\":\"2022-03-04 23:31:59\",\"bank\":\"ALFAMART\",\"va_number\":\"1284871424046388\",\"pdf_url\":\"https:\\/\\/app.sandbox.midtrans.com\\/snap\\/v1\\/transactions\\/e4f75c64-4749-4007-8c09-f11208ba6083\\/pdf\",\"status_code\":\"201\",\"note\":\"\"}', NULL, NULL),
(78, 14, NULL, 'XJA6322214974', '2', '2022-03-06 13:03:24', '52000.00', 2, 3, '{\"customer\":{\"name\":\"ropel2\",\"phone_number\":\"90-3917317332\",\"address\":\"Griya\"},\"tipe_payment\":\"CSTORE\",\"waktu_transaksi\":\"2022-03-06 19:03:23\",\"bank\":\"INDOMARET\",\"va_number\":\"343917317332\",\"pdf_url\":\"https:\\/\\/app.sandbox.midtrans.com\\/snap\\/v1\\/transactions\\/82847a13-a6f1-43a2-9206-61dc2ca72cae\\/pdf\",\"status_code\":\"201\",\"note\":\"\"}', NULL, NULL),
(79, 14, NULL, 'MXN6322314470', '5', '2022-03-06 16:24:25', '106000.00', 3, 3, '{\"customer\":{\"name\":\"ropel2\",\"phone_number\":\"90-3917317332\",\"address\":\"Griya\"},\"tipe_payment\":\"CSTORE\",\"waktu_transaksi\":\"2022-03-06 22:24:25\",\"bank\":\"INDOMARET\",\"va_number\":\"423917317332\",\"pdf_url\":\"https:\\/\\/app.sandbox.midtrans.com\\/snap\\/v1\\/transactions\\/f8c912a6-984b-4351-9ee3-e7f65e3bde94\\/pdf\",\"status_code\":\"201\",\"note\":\"\"}', NULL, NULL),
(80, 14, NULL, 'LGQ6322214529', '2', '2022-03-06 17:01:07', '57000.00', 2, 1, '{\"customer\":{\"name\":\"ropel2\",\"phone_number\":\"90-3917317332\",\"address\":\"Griya\"},\"note\":\"\"}', NULL, NULL),
(81, 14, NULL, 'PRT6322214409', '2', '2022-03-06 17:04:17', '57000.00', 2, 1, '{\"customer\":{\"name\":\"ropel2\",\"phone_number\":\"90-3917317332\",\"address\":\"Griya\"},\"note\":\"\"}', NULL, NULL),
(82, 14, NULL, 'JMO6322314714', '2', '2022-03-06 17:14:36', '95000.00', 3, 1, '{\"customer\":{\"name\":\"ropel2\",\"phone_number\":\"90-3917317332\",\"address\":\"Griya\"},\"note\":\"\"}', NULL, NULL),
(83, 14, NULL, 'VXT6322214103', '2', '2022-03-06 17:43:05', '57000.00', 2, 1, '{\"customer\":{\"name\":\"ropel2\",\"phone_number\":\"90-3917317332\",\"address\":\"Griya\"},\"note\":\"\"}', NULL, NULL),
(84, 14, NULL, 'VCH6322214741', '2', '2022-03-06 17:51:48', '57000.00', 2, 1, '{\"customer\":{\"name\":\"ropel2\",\"phone_number\":\"90-3917317332\",\"address\":\"Griya\",\"payment_method\":\"1\"},\"note\":\"\"}', NULL, NULL),
(85, 14, NULL, 'MPX6322214048', '1', '2022-03-06 18:07:38', '52000.00', 2, 3, '{\"customer\":{\"name\":\"ropel2\",\"phone_number\":\"90-3917317332\",\"address\":\"Griya\"},\"tipe_payment\":\"BANK TRANSFER\",\"waktu_transaksi\":\"2022-03-07 00:07:39\",\"bank\":\"BCA\",\"va_number\":\"128404539668\",\"pdf_url\":\"https:\\/\\/app.sandbox.midtrans.com\\/snap\\/v1\\/transactions\\/4044735f-090c-4939-8bc8-9e14a520d8a7\\/pdf\",\"status_code\":\"201\",\"note\":\"\"}', NULL, NULL),
(87, 14, NULL, 'AKQ7322214152', '1', '2022-03-07 04:34:06', '57000.00', 2, 1, '{\"customer\":{\"name\":\"ropel2\",\"phone_number\":\"90-3917317332\",\"address\":\"Griya\"},\"note\":\"\"}', NULL, NULL),
(88, 14, NULL, 'PPX7322214792', '1', '2022-03-07 05:51:25', '52000.00', 2, 3, '{\"customer\":{\"name\":\"ropel2\",\"phone_number\":\"90-3917317332\",\"address\":\"Griya\"},\"tipe_payment\":\"BANK TRANSFER\",\"waktu_transaksi\":\"2022-03-07 11:51:24\",\"bank\":\"BCA\",\"va_number\":\"128404620546\",\"pdf_url\":\"https:\\/\\/app.sandbox.midtrans.com\\/snap\\/v1\\/transactions\\/0ee252bd-75f5-4fa8-96f5-331274d8c18d\\/pdf\",\"status_code\":\"201\",\"note\":\"\"}', NULL, NULL),
(89, 14, NULL, 'CPV7322214810', '2', '2022-03-07 05:52:23', '57000.00', 2, 1, '{\"customer\":{\"name\":\"ropel2\",\"phone_number\":\"90-3917317332\",\"address\":\"Griya\"},\"note\":\"\"}', NULL, NULL),
(90, 14, NULL, 'WMU7322214547', '5', '2022-03-07 05:55:28', '57000.00', 2, 3, '{\"customer\":{\"name\":\"ropel2\",\"phone_number\":\"90-3917317332\",\"address\":\"Griya\"},\"tipe_payment\":\"\",\"waktu_transaksi\":null,\"bank\":\"PERMATA BANK\",\"va_number\":null,\"pdf_url\":null,\"status_code\":\"500\",\"note\":\"\"}', NULL, NULL),
(91, 14, NULL, 'YWE7322214679', '1', '2022-03-07 06:07:18', '57000.00', 2, 3, '{\"customer\":{\"name\":\"ropel2\",\"phone_number\":\"90-3917317332\",\"address\":\"Griya\"},\"tipe_payment\":\"BANK TRANSFER\",\"waktu_transaksi\":\"2022-03-07 12:07:16\",\"bank\":\"BCA\",\"va_number\":\"128404480961\",\"pdf_url\":\"https:\\/\\/app.sandbox.midtrans.com\\/snap\\/v1\\/transactions\\/4a537f9c-4645-436f-ae7a-7ba704b0799d\\/pdf\",\"status_code\":\"201\",\"note\":\"\"}', NULL, NULL),
(92, 14, NULL, 'VFB7322214287', '2', '2022-03-07 12:48:03', '68985.00', 2, 3, '{\"customer\":{\"name\":\"ropel2\",\"phone_number\":\"90-3917317332\",\"address\":\"Griya\"},\"tipe_payment\":\"CSTORE\",\"waktu_transaksi\":\"2022-03-07 18:48:02\",\"bank\":\"INDOMARET\",\"va_number\":\"373917317332\",\"pdf_url\":\"https:\\/\\/app.sandbox.midtrans.com\\/snap\\/v1\\/transactions\\/de358f8f-c8d5-402c-99c8-69d1a7de8a00\\/pdf\",\"status_code\":\"201\",\"note\":\"\"}', NULL, NULL),
(93, 14, NULL, 'KPR7322214398', '2', '2022-03-07 12:49:19', '68985.00', 2, 1, '{\"customer\":{\"name\":\"ropel2\",\"phone_number\":\"90-3917317332\",\"address\":\"Griya\"},\"note\":\"\"}', NULL, NULL),
(95, 14, NULL, 'DVX26322214159', '1', '2022-03-26 10:36:58', '52000.00', 2, 1, '{\"customer\":{\"name\":\"ropel2\",\"phone_number\":\"90-3917317332\",\"address\":\"Griya\"},\"note\":\"\"}', NULL, NULL),
(96, 14, NULL, 'PXN26322214607', '1', '2022-03-26 10:37:41', '57000.00', 2, 1, '{\"customer\":{\"name\":\"ropel2\",\"phone_number\":\"90-3917317332\",\"address\":\"Griya\"},\"note\":\"\"}', NULL, NULL),
(97, 14, NULL, 'VVH26322214439', '1', '2022-03-26 10:38:33', '52000.00', 2, 1, '{\"customer\":{\"name\":\"ropel2\",\"phone_number\":\"90-3917317332\",\"address\":\"Griya\"},\"note\":\"\"}', NULL, NULL),
(98, 14, NULL, 'GYE26322214306', '1', '2022-03-26 10:47:09', '71000.00', 2, 1, '{\"customer\":{\"name\":\"ropel2\",\"phone_number\":\"90-3917317332\",\"address\":\"Griya\"},\"note\":\"\"}', NULL, NULL),
(99, 14, NULL, 'MYD26322214640', '1', '2022-03-26 10:48:06', '52000.00', 2, 1, '{\"customer\":{\"name\":\"ropel2\",\"phone_number\":\"90-3917317332\",\"address\":\"Griya\"},\"note\":\"\"}', NULL, NULL),
(100, 14, NULL, 'SAI26322014980', '1', '2022-03-26 12:31:21', '14000.00', 0, 1, '{\"customer\":{\"name\":\"ropel2\",\"phone_number\":\"90-3917317332\",\"address\":\"Griya\"},\"note\":\"\"}', NULL, NULL),
(101, 14, NULL, 'DYV26322214759', '1', '2022-03-26 14:20:20', '77000.00', 2, 1, '{\"customer\":{\"name\":\"ropel2\",\"phone_number\":\"90-3917317332\",\"address\":\"Griya\"},\"note\":\"\"}', NULL, NULL),
(102, 14, NULL, 'KBP26322214298', '1', '2022-03-26 14:24:40', '57000.00', 2, 1, '{\"customer\":{\"name\":\"ropel2\",\"phone_number\":\"90-3917317332\",\"address\":\"Griya\"},\"note\":\"\"}', NULL, NULL),
(103, 14, NULL, 'PJA24422214271', '2', '2022-04-24 09:25:17', '57000.00', 2, 1, '{\"customer\":{\"name\":\"ropel2\",\"phone_number\":\"90-3917317332\",\"address\":\"Griya\"},\"note\":\"\"}', NULL, NULL),
(104, 14, NULL, 'FPK26422214490', '1', '2022-04-26 17:11:31', '57000.00', 2, 1, '{\"customer\":{\"name\":\"ropel2\",\"phone_number\":\"90-3917317332\",\"address\":\"Griya\"},\"note\":\"\"}', NULL, NULL),
(105, 14, NULL, 'UFF30422214793', '1', '2022-04-30 16:34:30', '77000.00', 2, 1, '{\"customer\":{\"name\":\"ropel2\",\"phone_number\":\"90-3917317332\",\"address\":\"Griya\"},\"note\":\"\"}', NULL, NULL),
(106, 14, NULL, 'XQU30422214143', '1', '2022-04-30 16:44:01', '57000.00', 2, 1, '{\"customer\":{\"name\":\"ropel2\",\"phone_number\":\"90-3917317332\",\"address\":\"Griya\"},\"note\":\"\"}', NULL, NULL),
(107, 14, NULL, 'PZZ30422214025', '1', '2022-04-30 17:57:33', '57000.00', 2, 1, '{\"customer\":{\"name\":\"ropel2\",\"phone_number\":\"90-3917317332\",\"address\":\"Griya\"},\"note\":\"\"}', NULL, NULL),
(108, 14, NULL, 'SWD30422214780', '1', '2022-04-30 23:05:03', '52000.00', 2, 1, '{\"customer\":{\"name\":\"ropel2\",\"phone_number\":\"90-3917317332\",\"address\":\"Griya\"},\"note\":\"\"}', NULL, NULL),
(109, 14, NULL, 'LCB6522214736', '1', '2022-05-06 15:55:11', '68985.00', 2, 1, '{\"customer\":{\"name\":\"ropel2\",\"phone_number\":\"90-3917317332\",\"address\":\"Griya\"},\"note\":\"\"}', NULL, NULL),
(110, 14, NULL, 'DPV23522114419', '5', '2022-05-23 13:57:43', '37000.00', 1, 3, '{\"customer\":{\"name\":\"ropel2\",\"phone_number\":\"90-3917317332\",\"address\":\"Griya\"},\"tipe_payment\":\"GOPAY\",\"waktu_transaksi\":\"2022-05-23 13:57:30\",\"bank\":\"PERMATA BANK\",\"va_number\":null,\"pdf_url\":null,\"status_code\":\"201\",\"note\":\"\"}', NULL, NULL),
(111, 14, NULL, 'HDN4722214275', '5', '2022-07-04 18:12:48', '49000.00', 2, 3, '{\"customer\":{\"name\":\"ropel2\",\"phone_number\":\"90-3917317332\",\"address\":\"Griyaewqewq\"},\"tipe_payment\":\"GOPAY\",\"waktu_transaksi\":\"2022-07-04 18:12:38\",\"bank\":\"PERMATA BANK\",\"va_number\":null,\"pdf_url\":null,\"status_code\":\"201\",\"note\":\"ewqewqewqewq\"}', NULL, NULL),
(112, 14, NULL, 'ZZJ4722214057', '5', '2022-07-04 18:27:33', '57000.00', 2, 3, '{\"customer\":{\"name\":\"ropel2\",\"phone_number\":\"90-3917317332\",\"address\":\"Griya\"},\"tipe_payment\":\"BANK TRANSFER\",\"waktu_transaksi\":\"2022-07-04 18:27:30\",\"bank\":\"BCA\",\"va_number\":\"128404055653\",\"pdf_url\":\"https:\\/\\/app.sandbox.midtrans.com\\/snap\\/v1\\/transactions\\/d09284c4-3f05-4dfb-964e-05cd85745a0e\\/pdf\",\"status_code\":\"201\",\"note\":\"\"}', NULL, NULL),
(113, 14, NULL, 'SSF4722214684', '5', '2022-07-04 18:30:06', '52000.00', 2, 3, '{\"customer\":{\"name\":\"ropel2\",\"phone_number\":\"90-3917317332\",\"address\":\"Griya\"},\"tipe_payment\":\"BANK TRANSFER\",\"waktu_transaksi\":\"2022-07-04 18:30:03\",\"bank\":\"BCA\",\"va_number\":\"128404814667\",\"pdf_url\":\"https:\\/\\/app.sandbox.midtrans.com\\/snap\\/v1\\/transactions\\/9d1445b7-f028-42a7-9a2b-f2d8ec4f398c\\/pdf\",\"status_code\":\"201\",\"note\":\"\"}', NULL, NULL),
(115, 14, NULL, 'ADC4722214326', '5', '2022-07-04 19:03:46', '62000.00', 2, 1, '{\"customer\":{\"name\":\"ropel2\",\"phone_number\":\"90-3917317332\",\"address\":\"Griya\"},\"note\":\"\"}', NULL, NULL),
(119, 14, NULL, 'VMS17722214064', '2', '2022-07-17 19:21:12', '57000.00', 2, 1, '{\"customer\":{\"name\":\"ropel2\",\"phone_number\":\"90-3917317332\",\"address\":\"Griya\"},\"note\":\"\"}', NULL, NULL),
(120, 14, NULL, 'FZU17722214348', '2', '2022-07-17 19:49:09', '57000.00', 2, 3, '{\"customer\":{\"name\":\"ropel2\",\"phone_number\":\"90-3917317332\",\"address\":\"Griya\"},\"tipe_payment\":\"BANK TRANSFER\",\"waktu_transaksi\":\"2022-07-17 19:49:08\",\"bank\":\"BCA\",\"va_number\":\"128404293769\",\"pdf_url\":\"https:\\/\\/app.sandbox.midtrans.com\\/snap\\/v1\\/transactions\\/841940a3-2474-47a6-b36d-ad5779a56337\\/pdf\",\"status_code\":\"201\",\"note\":\"\"}', NULL, NULL),
(123, 14, NULL, 'EGK18722114723', '5', '2022-07-18 13:27:47', '34000.00', 1, 3, '{\"customer\":{\"name\":\"ropel2\",\"phone_number\":\"90-3917317332\",\"address\":\"Griya\"},\"tipe_payment\":\"ECHANNEL\",\"waktu_transaksi\":\"2022-07-18 13:27:45\",\"bank\":\"MANDIRI\",\"va_number\":\"983825402841\",\"pdf_url\":\"https:\\/\\/app.sandbox.midtrans.com\\/snap\\/v1\\/transactions\\/d0f30a66-db50-4ecf-a9a4-bd2e519519d6\\/pdf\",\"status_code\":\"201\",\"note\":\"\"}', NULL, NULL),
(124, 14, NULL, 'SRM18722214152', '5', '2022-07-18 14:29:50', '52000.00', 2, 3, '{\"customer\":{\"name\":\"ropel2\",\"phone_number\":\"90-3917317332\",\"address\":\"Griya\"},\"tipe_payment\":\"ECHANNEL\",\"waktu_transaksi\":\"2022-07-18 14:29:49\",\"bank\":\"MANDIRI\",\"va_number\":\"238777892167\",\"pdf_url\":\"https:\\/\\/app.sandbox.midtrans.com\\/snap\\/v1\\/transactions\\/7bb1063e-bd47-4190-b3e8-6b662e5bbed6\\/pdf\",\"status_code\":\"201\",\"note\":\"\"}', NULL, NULL),
(126, 14, NULL, 'HOF19722214643', '5', '2022-07-20 03:23:05', '52000.00', 2, 3, '{\"customer\":{\"name\":\"ropel2\",\"phone_number\":\"90-3917317332\",\"address\":\"Griya\"},\"tipe_payment\":\"BANK TRANSFER\",\"waktu_transaksi\":\"2022-07-20 03:23:04\",\"bank\":\"BCA\",\"va_number\":\"128404189487\",\"pdf_url\":\"https:\\/\\/app.sandbox.midtrans.com\\/snap\\/v1\\/transactions\\/7a91377c-8600-41a0-9816-a81d15cad92e\\/pdf\",\"status_code\":\"201\",\"note\":\"\"}', NULL, NULL),
(127, 14, NULL, 'KTM19722214498', '5', '2022-07-20 03:27:33', '52000.00', 2, 3, '{\"customer\":{\"name\":\"ropel2\",\"phone_number\":\"90-3917317332\",\"address\":\"Griya\"},\"tipe_payment\":\"ECHANNEL\",\"waktu_transaksi\":\"2022-07-20 03:27:32\",\"bank\":\"MANDIRI\",\"va_number\":\"464731811726\",\"pdf_url\":\"https:\\/\\/app.sandbox.midtrans.com\\/snap\\/v1\\/transactions\\/8c18e204-ec7a-4ed6-9563-3f5a2d71d227\\/pdf\",\"status_code\":\"201\",\"note\":\"\"}', NULL, NULL),
(128, 14, NULL, 'VNP19722214710', '1', '2022-07-20 03:29:12', '52000.00', 2, 1, '{\"customer\":{\"name\":\"ropel2\",\"phone_number\":\"90-3917317332\",\"address\":\"Griya\"},\"note\":\"\"}', NULL, NULL),
(129, 14, NULL, 'EJW19722214125', '5', '2022-07-20 03:30:11', '68985.00', 2, 3, '{\"customer\":{\"name\":\"ropel2\",\"phone_number\":\"90-3917317332\",\"address\":\"Griya\"},\"tipe_payment\":\"CSTORE\",\"waktu_transaksi\":\"2022-07-20 03:30:09\",\"bank\":\"INDOMARET\",\"va_number\":\"053917317332\",\"pdf_url\":\"https:\\/\\/app.sandbox.midtrans.com\\/snap\\/v1\\/transactions\\/ec19fbe5-52d4-4a14-8ce5-07151432bfd3\\/pdf\",\"status_code\":\"201\",\"note\":\"\"}', NULL, NULL),
(130, 14, NULL, 'BNY25722314835', '1', '2022-07-25 15:28:54', '73000.00', 3, 1, '{\"customer\":{\"name\":\"ropel2\",\"phone_number\":\"90-3917317332\",\"address\":\"Griya\"},\"note\":\"\"}', NULL, NULL),
(131, 14, NULL, 'AWT25722314720', '5', '2022-07-25 16:16:28', '68000.00', 3, 3, '{\"customer\":{\"name\":\"ropel2\",\"phone_number\":\"90-3917317332\",\"address\":\"Griya\"},\"tipe_payment\":\"BANK TRANSFER\",\"waktu_transaksi\":\"2022-07-25 16:16:27\",\"bank\":\"BCA\",\"va_number\":\"128404087202\",\"pdf_url\":\"https:\\/\\/app.sandbox.midtrans.com\\/snap\\/v1\\/transactions\\/8df70425-c028-47c0-8f95-5edec8a4c607\\/pdf\",\"status_code\":\"201\",\"note\":\"\"}', NULL, NULL),
(133, 14, NULL, 'LHT25722314713', '1', '2022-07-25 22:12:12', '68000.00', 3, 1, '{\"customer\":{\"name\":\"ropel2\",\"phone_number\":\"90-3917317332\",\"address\":\"Griya\"},\"note\":\"\"}', NULL, NULL),
(134, 14, NULL, 'CXD25722314950', '1', '2022-07-25 22:13:56', '82985.00', 3, 1, '{\"customer\":{\"name\":\"ropel2\",\"phone_number\":\"90-3917317332\",\"address\":\"Griya\"},\"note\":\"\"}', NULL, NULL),
(135, 14, NULL, 'WCZ25722314054', '1', '2022-07-25 22:17:00', '82985.00', 3, 1, '{\"customer\":{\"name\":\"ropel2\",\"phone_number\":\"90-3917317332\",\"address\":\"Griya\"},\"note\":\"\"}', NULL, NULL),
(136, 14, NULL, 'NCC25722214650', '1', '2022-07-25 22:38:43', '67985.00', 2, 1, '{\"customer\":{\"name\":\"ropel2\",\"phone_number\":\"90-3917317332\",\"address\":\"Griya\"},\"note\":\"\"}', NULL, NULL),
(137, 14, NULL, 'CLY25722214671', '5', '2022-07-26 00:48:07', '48000.00', 2, 3, '{\"customer\":{\"name\":\"ropel2\",\"phone_number\":\"90-3917317332\",\"address\":\"Griya\"},\"tipe_payment\":\"BANK TRANSFER\",\"waktu_transaksi\":\"2022-07-26 00:48:06\",\"bank\":\"BCA\",\"va_number\":\"128404540902\",\"pdf_url\":\"https:\\/\\/app.sandbox.midtrans.com\\/snap\\/v1\\/transactions\\/20bb39f2-b835-4085-8656-b32d1b9eab03\\/pdf\",\"status_code\":\"201\",\"note\":\"\"}', NULL, NULL),
(141, 14, NULL, 'XNY28722314584', '2', '2022-07-28 21:41:00', '68000.00', 3, 1, '{\"customer\":{\"name\":\"ropel2\",\"phone_number\":\"90-3917317332\",\"address\":\"Griya\"},\"note\":\"\"}', NULL, NULL),
(142, 14, NULL, 'MAT30722214098', '2', '2022-07-30 12:59:16', '64985.00', 2, 1, '{\"customer\":{\"name\":\"ropel2\",\"phone_number\":\"90-3917317332\",\"address\":\"Griya\"},\"note\":\"\"}', NULL, NULL),
(143, 14, NULL, 'BPE30722114405', '2', '2022-07-30 13:08:54', '35000.00', 1, 1, '{\"customer\":{\"name\":\"ropel2\",\"phone_number\":\"90-3917317332\",\"address\":\"Griya\"},\"note\":\"\"}', NULL, NULL),
(144, 14, NULL, 'QUF30722114861', '2', '2022-07-30 13:18:19', '30000.00', 1, 1, '{\"customer\":{\"name\":\"ropel2\",\"phone_number\":\"90-3917317332\",\"address\":\"Griya\"},\"note\":\"\"}', NULL, NULL),
(145, 14, NULL, 'NJI30722114518', '5', '2022-07-30 13:21:21', '38000.00', 1, 1, '{\"customer\":{\"name\":\"ropel2\",\"phone_number\":\"90-3917317332\",\"address\":\"Griya\"},\"note\":\"\"}', NULL, NULL),
(146, 14, NULL, 'FCH30722214901', '2', '2022-07-30 13:43:57', '53000.00', 2, 3, '{\"customer\":{\"name\":\"ropel2\",\"phone_number\":\"90-3917317332\",\"address\":\"Griya\"},\"tipe_payment\":\"BANK TRANSFER\",\"waktu_transaksi\":\"2022-07-30 13:43:55\",\"bank\":\"BCA\",\"va_number\":\"128404747006\",\"pdf_url\":\"https:\\/\\/app.sandbox.midtrans.com\\/snap\\/v1\\/transactions\\/c9862fd0-fdf8-42d4-a72d-bcc92d9f252e\\/pdf\",\"status_code\":\"201\",\"note\":\"\"}', NULL, NULL),
(147, 14, NULL, 'AIT30722114279', '2', '2022-07-30 14:22:51', '38000.00', 1, 3, '{\"customer\":{\"name\":\"ropel2\",\"phone_number\":\"90-3917317332\",\"address\":\"Griya\"},\"tipe_payment\":\"BANK TRANSFER\",\"waktu_transaksi\":\"2022-07-30 14:22:49\",\"bank\":\"BCA\",\"va_number\":\"128404492945\",\"pdf_url\":\"https:\\/\\/app.sandbox.midtrans.com\\/snap\\/v1\\/transactions\\/e13f0b24-0fa8-4571-8e9b-08238099c022\\/pdf\",\"status_code\":\"201\",\"note\":\"\"}', NULL, NULL),
(148, 14, NULL, 'BJD30722214734', '2', '2022-07-30 14:28:10', '58000.00', 2, 3, '{\"customer\":{\"name\":\"ropel2\",\"phone_number\":\"90-3917317332\",\"address\":\"Griya\"},\"tipe_payment\":\"ECHANNEL\",\"waktu_transaksi\":\"2022-07-30 14:28:08\",\"bank\":\"MANDIRI\",\"va_number\":\"960751809872\",\"pdf_url\":\"https:\\/\\/app.sandbox.midtrans.com\\/snap\\/v1\\/transactions\\/29727268-440c-45fb-a3f9-3e0e1bfae4ea\\/pdf\",\"status_code\":\"201\",\"note\":\"\"}', NULL, NULL),
(150, 14, NULL, 'MGN30722414954', '2', '2022-07-30 15:31:57', '110000.00', 4, 3, '{\"customer\":{\"name\":\"ropel2\",\"phone_number\":\"90-3917317332\",\"address\":\"Griya\"},\"tipe_payment\":\"BANK TRANSFER\",\"waktu_transaksi\":\"2022-07-30 15:31:56\",\"bank\":\"BCA\",\"va_number\":\"128404714381\",\"pdf_url\":\"https:\\/\\/app.sandbox.midtrans.com\\/snap\\/v1\\/transactions\\/e12d198a-158b-4c17-93fb-3acde20d969e\\/pdf\",\"status_code\":\"201\",\"note\":\"\"}', NULL, NULL),
(151, 14, NULL, 'KAI30722114360', '2', '2022-07-30 15:35:41', '33000.00', 1, 3, '{\"customer\":{\"name\":\"ropel2\",\"phone_number\":\"90-3917317332\",\"address\":\"Griya\"},\"tipe_payment\":\"BANK TRANSFER\",\"waktu_transaksi\":\"2022-07-30 15:35:40\",\"bank\":\"BCA\",\"va_number\":\"128404975825\",\"pdf_url\":\"https:\\/\\/app.sandbox.midtrans.com\\/snap\\/v1\\/transactions\\/33d2fd76-120e-4e49-8fe4-3f294aa93311\\/pdf\",\"status_code\":\"201\",\"note\":\"\"}', NULL, NULL),
(152, 14, NULL, 'LIK30722114510', '2', '2022-07-30 15:38:55', '35000.00', 1, 3, '{\"customer\":{\"name\":\"ropel2\",\"phone_number\":\"90-3917317332\",\"address\":\"Griya\"},\"tipe_payment\":\"BANK TRANSFER\",\"waktu_transaksi\":\"2022-07-30 15:38:53\",\"bank\":\"BCA\",\"va_number\":\"128404274343\",\"pdf_url\":\"https:\\/\\/app.sandbox.midtrans.com\\/snap\\/v1\\/transactions\\/4f8dcdf1-74be-463b-aabd-f36685d33756\\/pdf\",\"status_code\":\"201\",\"note\":\"\"}', NULL, NULL),
(153, 14, NULL, 'NCT30722114260', '2', '2022-07-30 15:44:12', '30000.00', 1, 3, '{\"customer\":{\"name\":\"ropel2\",\"phone_number\":\"90-3917317332\",\"address\":\"Griya\"},\"tipe_payment\":\"BANK TRANSFER\",\"waktu_transaksi\":\"2022-07-30 15:44:12\",\"bank\":\"BCA\",\"va_number\":\"128404021097\",\"pdf_url\":\"https:\\/\\/app.sandbox.midtrans.com\\/snap\\/v1\\/transactions\\/c157404b-e638-422d-b40c-a421fcc421e4\\/pdf\",\"status_code\":\"201\",\"note\":\"\"}', NULL, NULL),
(154, 14, NULL, 'ROX30722114802', '2', '2022-07-30 16:09:44', '35000.00', 1, 3, '{\"customer\":{\"name\":\"ropel2\",\"phone_number\":\"90-3917317332\",\"address\":\"Griya\"},\"tipe_payment\":\"BANK TRANSFER\",\"waktu_transaksi\":\"2022-07-30 16:09:43\",\"bank\":\"BCA\",\"va_number\":\"128404985033\",\"pdf_url\":\"https:\\/\\/app.sandbox.midtrans.com\\/snap\\/v1\\/transactions\\/466452e3-64ea-4a02-8ef8-ae986fb777d3\\/pdf\",\"status_code\":\"201\",\"note\":\"\"}', NULL, NULL),
(155, 14, NULL, 'PIO30722114046', '1', '2022-07-30 17:26:25', '38000.00', 1, 3, '{\"customer\":{\"name\":\"ropel2\",\"phone_number\":\"90-3917317332\",\"address\":\"Griya\"},\"tipe_payment\":\"BANK TRANSFER\",\"waktu_transaksi\":\"2022-07-30 17:26:22\",\"bank\":\"BCA\",\"va_number\":\"128404773738\",\"pdf_url\":\"https:\\/\\/app.sandbox.midtrans.com\\/snap\\/v1\\/transactions\\/81c1a71b-5835-44f2-9d2a-0472964ba81a\\/pdf\",\"status_code\":\"201\",\"note\":\"\"}', NULL, NULL),
(156, 14, NULL, 'JVD30722214429', '1', '2022-07-30 17:38:47', '48000.00', 2, 3, '{\"customer\":{\"name\":\"ropel2\",\"phone_number\":\"90-3917317332\",\"address\":\"Griya\"},\"tipe_payment\":\"ECHANNEL\",\"waktu_transaksi\":\"2022-07-30 17:38:47\",\"bank\":\"MANDIRI\",\"va_number\":\"244137087403\",\"pdf_url\":\"https:\\/\\/app.sandbox.midtrans.com\\/snap\\/v1\\/transactions\\/3a7f0060-31ca-41bd-8828-2e64f10ef588\\/pdf\",\"status_code\":\"201\",\"note\":\"\"}', NULL, NULL),
(157, 14, NULL, 'LBT30722114921', '1', '2022-07-30 19:37:46', '38000.00', 1, 2, '{\"customer\":{\"name\":\"ropel2\",\"phone_number\":\"90-3917317332\",\"address\":\"Griya\"},\"note\":\"\"}', NULL, NULL),
(158, 14, NULL, 'WYK30722214293', '1', '2022-07-30 22:06:53', '53000.00', 2, 1, '{\"customer\":{\"name\":\"ropel2\",\"phone_number\":\"90-3917317332\",\"address\":\"Griya\"},\"note\":\"\"}', NULL, NULL),
(159, 14, NULL, 'HUR30722014701', '1', '2022-07-30 22:06:58', NULL, 0, 2, '{\"customer\":{\"name\":\"ropel2\",\"phone_number\":\"90-3917317332\",\"address\":\"Griya\"},\"note\":\"\"}', NULL, NULL),
(160, 14, NULL, 'KTC30722114471', '1', '2022-07-30 22:07:21', '33000.00', 1, 2, '{\"customer\":{\"name\":\"ropel2\",\"phone_number\":\"90-3917317332\",\"address\":\"Griya\"},\"note\":\"\"}', NULL, NULL),
(161, 14, NULL, 'UGO31722114415', '1', '2022-07-31 17:41:40', '33000.00', 1, 1, '{\"customer\":{\"name\":\"ropel2\",\"phone_number\":\"90-3917317332\",\"address\":\"Griya\"},\"note\":\"\"}', NULL, NULL),
(162, 14, NULL, 'TDJ31722114483', '2', '2022-07-31 17:42:59', '30000.00', 1, 1, '{\"customer\":{\"name\":\"ropel2\",\"phone_number\":\"90-3917317332\",\"address\":\"Griya\"},\"note\":\"\"}', NULL, NULL),
(163, 14, NULL, 'YDQ31722114670', '2', '2022-07-31 17:59:22', '33000.00', 1, 1, '{\"customer\":{\"name\":\"ropel2\",\"phone_number\":\"90-3917317332\",\"address\":\"Griya\"},\"note\":\"\"}', NULL, NULL);

-- --------------------------------------------------------

--
-- Struktur dari tabel `order_items`
--

CREATE TABLE `order_items` (
  `id` bigint(20) NOT NULL,
  `order_id` bigint(20) DEFAULT NULL,
  `product_id` bigint(20) DEFAULT NULL,
  `order_qty` int(10) NOT NULL,
  `order_price` decimal(8,2) DEFAULT NULL
) ENGINE=InnoDB DEFAULT CHARSET=utf8mb4;

--
-- Dumping data untuk tabel `order_items`
--

INSERT INTO `order_items` (`id`, `order_id`, `product_id`, `order_qty`, `order_price`) VALUES
(148, 75, 17, 1, '20000.00'),
(149, 75, 16, 1, '34985.00'),
(150, 76, 18, 1, '23000.00'),
(151, 76, 17, 1, '20000.00'),
(152, 77, 20, 2, '18000.00'),
(153, 77, 21, 1, '35000.00'),
(154, 77, 22, 1, '28000.00'),
(155, 78, 18, 1, '23000.00'),
(156, 78, 19, 1, '15000.00'),
(157, 79, 22, 1, '28000.00'),
(158, 79, 23, 1, '29000.00'),
(159, 79, 21, 1, '35000.00'),
(160, 80, 17, 1, '20000.00'),
(161, 80, 18, 1, '23000.00'),
(162, 81, 18, 1, '23000.00'),
(163, 81, 17, 1, '20000.00'),
(164, 82, 18, 2, '23000.00'),
(165, 82, 19, 1, '15000.00'),
(166, 82, 17, 1, '20000.00'),
(167, 83, 17, 1, '20000.00'),
(168, 83, 18, 1, '23000.00'),
(169, 84, 18, 1, '23000.00'),
(170, 84, 17, 1, '20000.00'),
(171, 85, 18, 1, '23000.00'),
(172, 85, 19, 1, '15000.00'),
(175, 87, 17, 1, '20000.00'),
(176, 87, 18, 1, '23000.00'),
(177, 88, 18, 1, '23000.00'),
(178, 88, 19, 1, '15000.00'),
(179, 89, 17, 1, '20000.00'),
(180, 89, 18, 1, '23000.00'),
(181, 90, 17, 1, '20000.00'),
(182, 90, 18, 1, '23000.00'),
(183, 91, 17, 1, '20000.00'),
(184, 91, 18, 1, '23000.00'),
(185, 92, 17, 1, '20000.00'),
(186, 92, 16, 1, '34985.00'),
(187, 93, 16, 1, '34985.00'),
(188, 93, 17, 1, '20000.00'),
(191, 95, 18, 1, '23000.00'),
(192, 95, 19, 1, '15000.00'),
(193, 96, 17, 1, '20000.00'),
(194, 96, 18, 1, '23000.00'),
(195, 97, 18, 1, '23000.00'),
(196, 97, 19, 1, '15000.00'),
(197, 98, 22, 1, '28000.00'),
(198, 98, 23, 1, '29000.00'),
(199, 99, 18, 1, '23000.00'),
(200, 99, 19, 1, '15000.00'),
(201, 101, 22, 1, '28000.00'),
(202, 101, 21, 1, '35000.00'),
(203, 102, 17, 1, '20000.00'),
(204, 102, 18, 1, '23000.00'),
(205, 103, 17, 1, '20000.00'),
(206, 103, 18, 1, '23000.00'),
(207, 104, 17, 1, '20000.00'),
(208, 104, 18, 1, '23000.00'),
(209, 105, 17, 2, '20000.00'),
(210, 105, 18, 1, '23000.00'),
(211, 106, 17, 1, '20000.00'),
(212, 106, 18, 1, '23000.00'),
(213, 107, 17, 1, '20000.00'),
(214, 107, 18, 1, '23000.00'),
(215, 108, 18, 1, '23000.00'),
(216, 108, 19, 1, '15000.00'),
(217, 109, 17, 1, '20000.00'),
(218, 109, 16, 1, '34985.00'),
(219, 110, 18, 1, '23000.00'),
(220, 111, 19, 1, '15000.00'),
(221, 111, 17, 1, '20000.00'),
(222, 112, 17, 1, '20000.00'),
(223, 112, 18, 1, '23000.00'),
(224, 113, 18, 1, '23000.00'),
(225, 113, 19, 1, '15000.00'),
(227, 115, 17, 1, '20000.00'),
(228, 115, 22, 1, '28000.00'),
(234, 119, 17, 1, '20000.00'),
(235, 119, 18, 1, '23000.00'),
(236, 120, 17, 1, '20000.00'),
(237, 120, 18, 1, '23000.00'),
(240, 123, 17, 1, '20000.00'),
(241, 124, 18, 1, '23000.00'),
(242, 124, 19, 1, '15000.00'),
(247, 126, 18, 1, '23000.00'),
(248, 126, 19, 1, '15000.00'),
(249, 127, 18, 1, '23000.00'),
(250, 127, 19, 1, '15000.00'),
(251, 128, 18, 1, '23000.00'),
(252, 128, 19, 1, '15000.00'),
(253, 129, 16, 1, '34985.00'),
(254, 129, 17, 1, '20000.00'),
(255, 130, 17, 1, '20000.00'),
(256, 130, 18, 1, '23000.00'),
(257, 130, 19, 1, '15000.00'),
(258, 131, 17, 1, '20000.00'),
(259, 131, 18, 1, '23000.00'),
(260, 131, 19, 1, '15000.00'),
(261, 133, 17, 1, '20000.00'),
(262, 133, 18, 1, '23000.00'),
(263, 133, 19, 1, '15000.00'),
(264, 135, 16, 1, '34985.00'),
(265, 135, 18, 1, '23000.00'),
(266, 135, 19, 1, '15000.00'),
(267, 136, 16, 1, '34985.00'),
(268, 136, 18, 1, '23000.00'),
(269, 137, 18, 1, '23000.00'),
(270, 137, 19, 1, '15000.00'),
(278, 141, 17, 1, '20000.00'),
(279, 141, 18, 1, '23000.00'),
(280, 141, 19, 1, '15000.00'),
(281, 142, 16, 1, '34985.00'),
(282, 142, 17, 1, '20000.00'),
(283, 143, 17, 1, '20000.00'),
(284, 144, 17, 1, '20000.00'),
(285, 145, 22, 1, '28000.00'),
(286, 146, 18, 1, '23000.00'),
(287, 146, 19, 1, '15000.00'),
(288, 147, 18, 1, '23000.00'),
(289, 148, 17, 1, '20000.00'),
(290, 148, 18, 1, '23000.00'),
(293, 150, 22, 1, '28000.00'),
(294, 150, 23, 1, '29000.00'),
(295, 150, 17, 1, '20000.00'),
(296, 150, 18, 1, '23000.00'),
(297, 151, 18, 1, '23000.00'),
(298, 152, 17, 1, '20000.00'),
(299, 153, 19, 1, '15000.00'),
(300, 154, 17, 1, '20000.00'),
(301, 155, 18, 1, '23000.00'),
(302, 156, 18, 1, '23000.00'),
(303, 156, 19, 1, '15000.00'),
(304, 157, 18, 1, '23000.00'),
(305, 158, 17, 1, '20000.00'),
(306, 158, 18, 1, '23000.00'),
(307, 160, 18, 1, '23000.00'),
(308, 161, 18, 1, '23000.00'),
(309, 162, 17, 1, '20000.00'),
(310, 163, 18, 1, '23000.00');

-- --------------------------------------------------------

--
-- Struktur dari tabel `payments`
--

CREATE TABLE `payments` (
  `id` bigint(20) NOT NULL,
  `order_id` bigint(20) DEFAULT NULL,
  `payment_price` decimal(8,2) DEFAULT NULL,
  `payment_date` datetime NOT NULL,
  `picture_name` varchar(191) DEFAULT NULL,
  `payment_status` int(20) DEFAULT NULL,
  `confirmed_date` datetime DEFAULT NULL,
  `payment_data` text DEFAULT NULL
) ENGINE=InnoDB DEFAULT CHARSET=utf8mb4;

--
-- Dumping data untuk tabel `payments`
--

INSERT INTO `payments` (`id`, `order_id`, `payment_price`, `payment_date`, `picture_name`, `payment_status`, `confirmed_date`, `payment_data`) VALUES
(18, 82, '20000.00', '2022-03-06 17:32:41', 'pb.jpg', 1, NULL, '{\"transfer_to\":\"bank-bri\",\"source\":{\"bank\":\"ewq\",\"name\":\"Saptoni\",\"number\":\"ewqewq\"}}'),
(19, 83, '20000.00', '2022-03-06 17:44:05', 'valorant1.jpg', 1, NULL, '{\"transfer_to\":\"bank-bca\",\"source\":{\"bank\":\"ewq\",\"name\":\"Saptoni\",\"number\":\"ewqewq\"}}'),
(20, 84, '20000.00', '2022-03-06 17:52:57', 'valorant2.jpg', 1, NULL, '{\"transfer_to\":\"bank-bca\",\"source\":{\"bank\":\"ewq\",\"name\":\"Saptoni\",\"number\":\"ewqewq\"}}'),
(21, 85, '52000.00', '2022-03-06 18:07:38', NULL, 0, NULL, '{\"transfer_to\":\"BCA\",\"source\":{\"bank\":\"BCA\",\"name\":\"ropel2\",\"number\":\"128404539668\"}}'),
(22, 88, '52000.00', '2022-03-07 05:51:25', NULL, 0, NULL, '{\"transfer_to\":\"BCA\",\"source\":{\"bank\":\"BCA\",\"name\":\"ropel2\",\"number\":\"128404620546\"}}'),
(23, 89, '20000.00', '2022-03-07 05:52:44', 'valorant3.jpg', 1, NULL, '{\"transfer_to\":\"bank-bca\",\"source\":{\"bank\":\"32\",\"name\":\"Saptoni\",\"number\":\"ewqewq\"}}'),
(24, 90, '57000.00', '2022-03-07 05:55:28', NULL, 2, NULL, '{\"transfer_to\":\"PERMATA BANK\",\"source\":{\"bank\":\"PERMATA BANK\",\"name\":\"ropel2\",\"number\":null}}'),
(25, 91, '57000.00', '2022-03-07 06:07:18', NULL, 2, NULL, '{\"transfer_to\":\"BCA\",\"source\":{\"bank\":\"BCA\",\"name\":\"ropel2\",\"number\":\"128404480961\"}}'),
(26, 92, '68985.00', '2022-03-07 12:48:03', NULL, 0, NULL, '{\"transfer_to\":\"INDOMARET\",\"source\":{\"bank\":\"INDOMARET\",\"name\":\"ropel2\",\"number\":\"373917317332\"}}'),
(27, 93, '20000.00', '2022-03-07 12:49:55', 'tes.jpg', 2, NULL, '{\"transfer_to\":\"bank-bri\",\"source\":{\"bank\":\"ewq\",\"name\":\"Saptoni\",\"number\":\"128404519405\"}}'),
(28, 103, '20000.00', '2022-04-24 09:30:25', 'gambar1.png', 2, NULL, '{\"transfer_to\":\"bank-bca\",\"source\":{\"bank\":\"ewq\",\"name\":\"Saptoni\",\"number\":\"128404519405\"}}'),
(29, 110, '37000.00', '2022-05-23 13:57:43', NULL, 3, NULL, '{\"transfer_to\":\"PERMATA BANK\",\"source\":{\"bank\":\"PERMATA BANK\",\"name\":\"ropel2\",\"number\":null}}'),
(30, 111, '49000.00', '2022-07-04 18:12:48', NULL, 3, NULL, '{\"transfer_to\":\"PERMATA BANK\",\"source\":{\"bank\":\"PERMATA BANK\",\"name\":\"ropel2\",\"number\":null}}'),
(31, 112, '57000.00', '2022-07-04 18:27:33', NULL, 3, NULL, '{\"transfer_to\":\"BCA\",\"source\":{\"bank\":\"BCA\",\"name\":\"ropel2\",\"number\":\"128404055653\"}}'),
(32, 113, '52000.00', '2022-07-04 18:30:06', NULL, 3, NULL, '{\"transfer_to\":\"BCA\",\"source\":{\"bank\":\"BCA\",\"name\":\"ropel2\",\"number\":\"128404814667\"}}'),
(36, 120, '57000.00', '2022-07-17 19:49:09', NULL, 0, NULL, '{\"transfer_to\":\"BCA\",\"source\":{\"bank\":\"BCA\",\"name\":\"ropel2\",\"number\":\"128404293769\"}}'),
(38, 123, '34000.00', '2022-07-18 13:27:50', NULL, 3, NULL, '{\"transfer_to\":\"MANDIRI\",\"source\":{\"bank\":\"MANDIRI\",\"name\":\"ropel2\",\"number\":\"983825402841\"}}'),
(39, 124, '52000.00', '2022-07-18 14:29:53', NULL, 3, NULL, '{\"transfer_to\":\"MANDIRI\",\"source\":{\"bank\":\"MANDIRI\",\"name\":\"ropel2\",\"number\":\"238777892167\"}}'),
(41, 119, '321321.00', '2022-07-18 11:57:10', 'me.jpeg', 2, NULL, '{\"transfer_to\":\"bank-bca\",\"source\":{\"bank\":\"312\",\"name\":\"321\",\"number\":\"321\"}}'),
(42, 126, '52000.00', '2022-07-20 03:23:06', NULL, 3, NULL, '{\"transfer_to\":\"BCA\",\"source\":{\"bank\":\"BCA\",\"name\":\"ropel2\",\"number\":\"128404189487\"}}'),
(43, 127, '52000.00', '2022-07-20 03:27:37', NULL, 3, NULL, '{\"transfer_to\":\"MANDIRI\",\"source\":{\"bank\":\"MANDIRI\",\"name\":\"ropel2\",\"number\":\"464731811726\"}}'),
(44, 129, '68985.00', '2022-07-20 03:30:14', NULL, 3, NULL, '{\"transfer_to\":\"INDOMARET\",\"source\":{\"bank\":\"INDOMARET\",\"name\":\"ropel2\",\"number\":\"053917317332\"}}'),
(45, 131, '68000.00', '2022-07-25 16:16:31', NULL, 3, NULL, '{\"transfer_to\":\"BCA\",\"source\":{\"bank\":\"BCA\",\"name\":\"ropel2\",\"number\":\"128404087202\"}}'),
(46, 137, '48000.00', '2022-07-26 00:48:10', NULL, 3, NULL, '{\"transfer_to\":\"BCA\",\"source\":{\"bank\":\"BCA\",\"name\":\"ropel2\",\"number\":\"128404540902\"}}'),
(49, 141, '32131.00', '2022-07-28 16:49:14', '100brl2.jpg', 2, NULL, '{\"transfer_to\":\"bank-bca\",\"source\":{\"bank\":\"231321\",\"name\":\"weqewqewq\",\"number\":\"3213131\"}}'),
(50, 142, '999999.99', '2022-07-30 07:59:35', '100brl3.jpg', 2, NULL, '{\"transfer_to\":\"bank-bca\",\"source\":{\"bank\":\"weqewq\",\"name\":\"31233\",\"number\":\"ewqewq\"}}'),
(51, 143, '999999.99', '2022-07-30 08:09:24', '100brl4.jpg', 2, NULL, '{\"transfer_to\":\"bank-bca\",\"source\":{\"bank\":\"ewq\",\"name\":\"qweqewq\",\"number\":\"ewqewq\"}}'),
(52, 144, '999999.99', '2022-07-30 08:18:50', 'bukti3_txt1.jpg', 2, NULL, '{\"transfer_to\":\"bank-bca\",\"source\":{\"bank\":\"3122321222222222\",\"name\":\"ewqewqewq\",\"number\":\"23123131\"}}'),
(53, 145, '231321.00', '2022-07-30 08:21:41', '100brl5.jpg', 3, NULL, '{\"transfer_to\":\"bank-bca\",\"source\":{\"bank\":\"ewqewq\",\"name\":\"ewqewq\",\"number\":\"weqewq\"}}'),
(54, 146, '53000.00', '2022-07-30 13:44:00', NULL, 2, NULL, '{\"transfer_to\":\"BCA\",\"source\":{\"bank\":\"BCA\",\"name\":\"ropel2\",\"number\":\"128404747006\"}}'),
(55, 147, '38000.00', '2022-07-30 14:22:54', NULL, 2, NULL, '{\"transfer_to\":\"BCA\",\"source\":{\"bank\":\"BCA\",\"name\":\"ropel2\",\"number\":\"128404492945\"}}'),
(56, 148, '58000.00', '2022-07-30 14:28:13', NULL, 2, NULL, '{\"transfer_to\":\"MANDIRI\",\"source\":{\"bank\":\"MANDIRI\",\"name\":\"ropel2\",\"number\":\"960751809872\"}}'),
(58, 150, '110000.00', '2022-07-30 15:31:57', NULL, 2, NULL, '{\"transfer_to\":\"BCA\",\"source\":{\"bank\":\"BCA\",\"name\":\"ropel2\",\"number\":\"128404714381\"}}'),
(59, 151, '33000.00', '2022-07-30 15:35:44', NULL, 2, NULL, '{\"transfer_to\":\"BCA\",\"source\":{\"bank\":\"BCA\",\"name\":\"ropel2\",\"number\":\"128404975825\"}}'),
(60, 152, '35000.00', '2022-07-30 15:38:57', NULL, 2, NULL, '{\"transfer_to\":\"BCA\",\"source\":{\"bank\":\"BCA\",\"name\":\"ropel2\",\"number\":\"128404274343\"}}'),
(61, 153, '30000.00', '2022-07-30 15:44:15', NULL, 2, NULL, '{\"transfer_to\":\"BCA\",\"source\":{\"bank\":\"BCA\",\"name\":\"ropel2\",\"number\":\"128404021097\"}}'),
(62, 154, '35000.00', '2022-07-30 16:09:47', NULL, 2, NULL, '{\"transfer_to\":\"BCA\",\"source\":{\"bank\":\"BCA\",\"name\":\"ropel2\",\"number\":\"128404985033\"}}'),
(63, 155, '38000.00', '2022-07-30 17:26:28', NULL, 0, NULL, '{\"transfer_to\":\"BCA\",\"source\":{\"bank\":\"BCA\",\"name\":\"ropel2\",\"number\":\"128404773738\"}}'),
(64, 156, '48000.00', '2022-07-30 17:38:50', NULL, 0, NULL, '{\"transfer_to\":\"MANDIRI\",\"source\":{\"bank\":\"MANDIRI\",\"name\":\"ropel2\",\"number\":\"244137087403\"}}'),
(65, 163, '123123.00', '2022-07-31 12:59:50', '100brl6.jpg', 1, NULL, '{\"transfer_to\":\"bank-bca\",\"source\":{\"bank\":\"ewqewq\",\"name\":\"wqewqe\",\"number\":\"ewqewq\"}}'),
(66, 162, '999999.99', '2022-07-31 13:30:08', '100brl7.jpg', 1, NULL, '{\"transfer_to\":\"bank-bca\",\"source\":{\"bank\":\"ewqeqw\",\"name\":\"wqeqwe\",\"number\":\"ewqe\"}}');

-- --------------------------------------------------------

--
-- Struktur dari tabel `products`
--

CREATE TABLE `products` (
  `id` bigint(20) NOT NULL,
  `category_id` int(10) DEFAULT NULL,
  `sku` varchar(32) DEFAULT NULL,
  `name` varchar(191) NOT NULL,
  `description` varchar(191) DEFAULT NULL,
  `picture_name` varchar(191) DEFAULT NULL,
  `price` decimal(8,2) NOT NULL,
  `current_discount` decimal(8,2) DEFAULT 0.00,
  `stock` int(10) NOT NULL,
  `product_unit` varchar(32) DEFAULT NULL,
  `is_available` tinyint(1) DEFAULT 1,
  `add_date` datetime DEFAULT NULL
) ENGINE=InnoDB DEFAULT CHARSET=utf8mb4;

--
-- Dumping data untuk tabel `products`
--

INSERT INTO `products` (`id`, `category_id`, `sku`, `name`, `description`, `picture_name`, `price`, `current_discount`, `stock`, `product_unit`, `is_available`, `add_date`) VALUES
(16, 11, 'BMS610577', 'BRONIS COKLAT MELAR', NULL, 'bg_71.jpg', '35000.00', '15.00', 21, '35000', 1, '2021-06-03 08:09:37'),
(17, 10, 'SBSS220754', 'SALAD BUAH SUSU', NULL, 'bg_9.jpg', '25000.00', '5000.00', 20, '25000', 1, '2021-06-03 08:12:34'),
(18, 10, 'EJ620795', 'SALAD CREAM STOBERRY', NULL, 'bg_10.jpg', '25000.00', '2000.00', 17, '25000', 1, '2021-06-03 08:13:15'),
(19, 9, 'PJCDP120313', 'PUDING   JELLY  CUSTURD DH22', NULL, 'bg_13.jpeg', '15000.00', '0.00', 20, '15000', 1, '2021-06-03 15:18:32'),
(20, 12, 'EKMEK110612', 'ES KRIM MANGGA', NULL, 'bg_13.jpeg', '18000.00', '0.00', 10, '18000', 1, '2021-06-03 15:23:32'),
(21, 11, 'BBICCK330873', 'BRONES BOTTOMED  ICE CRAM CAKE', NULL, 'bg_14.jpg', '35000.00', '0.00', 30, '35000', 1, '2021-06-03 15:27:53'),
(22, 12, 'ICOIC212151', 'ICE CREM OREO', NULL, 'bg_151.jpg', '28000.00', '0.00', 12, '28000', 1, '2021-06-03 15:32:31'),
(23, 9, 'PCSKP212730', 'PUDING COKLAT SUSU KENTAL', NULL, '3.jpg', '29000.00', '0.00', 12, '29000', 1, '2021-06-03 15:42:10');

-- --------------------------------------------------------

--
-- Struktur dari tabel `product_category`
--

CREATE TABLE `product_category` (
  `id` int(10) NOT NULL,
  `name` varchar(191) NOT NULL
) ENGINE=InnoDB DEFAULT CHARSET=utf8mb4;

--
-- Dumping data untuk tabel `product_category`
--

INSERT INTO `product_category` (`id`, `name`) VALUES
(9, 'PUDING'),
(10, 'SALAD'),
(11, 'KUEE'),
(12, 'ICE CREM');

-- --------------------------------------------------------

--
-- Struktur dari tabel `reviews`
--

CREATE TABLE `reviews` (
  `id` bigint(20) NOT NULL,
  `user_id` bigint(20) UNSIGNED DEFAULT NULL,
  `order_id` bigint(20) DEFAULT NULL,
  `title` varchar(191) DEFAULT NULL,
  `review_text` mediumtext NOT NULL,
  `review_date` datetime NOT NULL,
  `status` tinyint(1) NOT NULL DEFAULT 1
) ENGINE=InnoDB DEFAULT CHARSET=utf8mb4;

--
-- Dumping data untuk tabel `reviews`
--

INSERT INTO `reviews` (`id`, `user_id`, `order_id`, `title`, `review_text`, `review_date`, `status`) VALUES
(4, 13, 13, 'BRONIS', 'BRONISNYA MANIS SEPERTI SAYA HAHAHAHAH', '2021-06-03 22:59:15', 1),
(5, 14, 14, 'Mantap gan', 'Mantap Brownis Enak', '2022-02-21 14:41:28', 1);

-- --------------------------------------------------------

--
-- Struktur dari tabel `settings`
--

CREATE TABLE `settings` (
  `id` int(10) NOT NULL,
  `key` varchar(32) NOT NULL,
  `content` text NOT NULL
) ENGINE=InnoDB DEFAULT CHARSET=utf8mb4;

--
-- Dumping data untuk tabel `settings`
--

INSERT INTO `settings` (`id`, `key`, `content`) VALUES
(1, 'current_theme_name', 'vegefoods'),
(2, 'store_name', 'Rumah Makan Bu Inem'),
(3, 'store_phone_number', '081283458037'),
(4, 'store_email', 'hicoder224@gmail.com'),
(5, 'store_tagline', 'TOKO OPEN 08.00 - 17.00'),
(6, 'store_logo', 'Logo.png'),
(7, 'max_product_image_size', '20000'),
(8, 'store_description', 'Belanja makanan penutup dengan murah, mudah dan cepat'),
(9, 'store_address', 'Perum Griya Alam Sentosa Blok L19 N0.04'),
(10, 'min_shop_to_free_shipping_cost', '200000'),
(11, 'shipping_cost', '14000'),
(12, 'payment_banks', '{\"bank-bca\":{\"bank\":\"BANK BCA\",\"number\":\"123\",\"name\":\"Jastim Biber\"},\"bank-bri\":{\"bank\":\"BANK BRI\",\"number\":\"221\",\"name\":\"Ropel\"},\"bank-bni\":{\"bank\":\"BANK BNI\",\"number\":\"asd\",\"name\":\"Admin Koramil\"}}'),
(13, 'sender', 'hicoder224@gmail.com'),
(14, 'pass_mail', 'pkadliooghsdelxk');

-- --------------------------------------------------------

--
-- Struktur dari tabel `users`
--

CREATE TABLE `users` (
  `id` bigint(20) UNSIGNED NOT NULL,
  `name` varchar(50) COLLATE utf8mb4_unicode_ci DEFAULT NULL,
  `email` varchar(191) COLLATE utf8mb4_unicode_ci NOT NULL,
  `email_verified_at` timestamp NULL DEFAULT NULL,
  `username` varchar(16) COLLATE utf8mb4_unicode_ci NOT NULL,
  `password` varchar(191) COLLATE utf8mb4_unicode_ci NOT NULL,
  `profile_picture` varchar(128) COLLATE utf8mb4_unicode_ci DEFAULT NULL,
  `role` varchar(32) COLLATE utf8mb4_unicode_ci DEFAULT '0' COMMENT '1 = admin, 2 = customer',
  `register_date` datetime DEFAULT NULL
) ENGINE=InnoDB DEFAULT CHARSET=utf8mb4 COLLATE=utf8mb4_unicode_ci;

--
-- Dumping data untuk tabel `users`
--

INSERT INTO `users` (`id`, `name`, `email`, `email_verified_at`, `username`, `password`, `profile_picture`, `role`, `register_date`) VALUES
(13, 'Saptoni', 'wibowosatrio322@gmail.com', NULL, 'ropel2', '$2y$10$hFnm9LW.XztV2C7YPJZrkOGdAVCcA5theKlQ7OPCqXB62eo4UJkdq', 'indogame_store.png', 'admin', '2021-06-03 21:45:48'),
(14, NULL, 'indogaming170@gmail.com', NULL, 'ropel1', '$2y$10$hFnm9LW.XztV2C7YPJZrkOGdAVCcA5theKlQ7OPCqXB62eo4UJkdq', NULL, 'customer', '2021-06-03 22:49:49');

--
-- Indexes for dumped tables
--

--
-- Indeks untuk tabel `ci_sessions`
--
ALTER TABLE `ci_sessions`
  ADD KEY `ci_sessions_timestamp` (`timestamp`);

--
-- Indeks untuk tabel `contacts`
--
ALTER TABLE `contacts`
  ADD PRIMARY KEY (`id`),
  ADD KEY `FK_contacts_contacts` (`parent_id`);

--
-- Indeks untuk tabel `coupons`
--
ALTER TABLE `coupons`
  ADD PRIMARY KEY (`id`);

--
-- Indeks untuk tabel `customers`
--
ALTER TABLE `customers`
  ADD PRIMARY KEY (`id`),
  ADD KEY `FK_customers_users` (`user_id`);

--
-- Indeks untuk tabel `notifikasi`
--
ALTER TABLE `notifikasi`
  ADD PRIMARY KEY (`id`);

--
-- Indeks untuk tabel `notifikasi_admin`
--
ALTER TABLE `notifikasi_admin`
  ADD PRIMARY KEY (`id`);

--
-- Indeks untuk tabel `ongkir`
--
ALTER TABLE `ongkir`
  ADD PRIMARY KEY (`id`);

--
-- Indeks untuk tabel `orders`
--
ALTER TABLE `orders`
  ADD PRIMARY KEY (`id`),
  ADD KEY `FK_orders_users` (`user_id`),
  ADD KEY `FK_orders_coupons` (`coupon_id`);

--
-- Indeks untuk tabel `order_items`
--
ALTER TABLE `order_items`
  ADD PRIMARY KEY (`id`),
  ADD KEY `order_id` (`order_id`),
  ADD KEY `product_id` (`product_id`);

--
-- Indeks untuk tabel `payments`
--
ALTER TABLE `payments`
  ADD PRIMARY KEY (`id`),
  ADD KEY `order_id` (`order_id`);

--
-- Indeks untuk tabel `products`
--
ALTER TABLE `products`
  ADD PRIMARY KEY (`id`),
  ADD KEY `FK_products_product_category` (`category_id`);

--
-- Indeks untuk tabel `product_category`
--
ALTER TABLE `product_category`
  ADD PRIMARY KEY (`id`);

--
-- Indeks untuk tabel `reviews`
--
ALTER TABLE `reviews`
  ADD PRIMARY KEY (`id`),
  ADD KEY `FK_reviews_users` (`user_id`),
  ADD KEY `FK_reviews_orders` (`order_id`);

--
-- Indeks untuk tabel `settings`
--
ALTER TABLE `settings`
  ADD PRIMARY KEY (`id`) USING BTREE;

--
-- Indeks untuk tabel `users`
--
ALTER TABLE `users`
  ADD PRIMARY KEY (`id`) USING BTREE,
  ADD UNIQUE KEY `users_email_unique` (`email`) USING BTREE;

--
-- AUTO_INCREMENT untuk tabel yang dibuang
--

--
-- AUTO_INCREMENT untuk tabel `contacts`
--
ALTER TABLE `contacts`
  MODIFY `id` int(10) NOT NULL AUTO_INCREMENT, AUTO_INCREMENT=10;

--
-- AUTO_INCREMENT untuk tabel `coupons`
--
ALTER TABLE `coupons`
  MODIFY `id` bigint(20) NOT NULL AUTO_INCREMENT, AUTO_INCREMENT=7;

--
-- AUTO_INCREMENT untuk tabel `customers`
--
ALTER TABLE `customers`
  MODIFY `id` bigint(20) NOT NULL AUTO_INCREMENT, AUTO_INCREMENT=14;

--
-- AUTO_INCREMENT untuk tabel `notifikasi`
--
ALTER TABLE `notifikasi`
  MODIFY `id` int(100) NOT NULL AUTO_INCREMENT, AUTO_INCREMENT=102;

--
-- AUTO_INCREMENT untuk tabel `notifikasi_admin`
--
ALTER TABLE `notifikasi_admin`
  MODIFY `id` int(255) NOT NULL AUTO_INCREMENT, AUTO_INCREMENT=39;

--
-- AUTO_INCREMENT untuk tabel `ongkir`
--
ALTER TABLE `ongkir`
  MODIFY `id` int(255) NOT NULL AUTO_INCREMENT, AUTO_INCREMENT=3;

--
-- AUTO_INCREMENT untuk tabel `orders`
--
ALTER TABLE `orders`
  MODIFY `id` bigint(20) NOT NULL AUTO_INCREMENT, AUTO_INCREMENT=164;

--
-- AUTO_INCREMENT untuk tabel `order_items`
--
ALTER TABLE `order_items`
  MODIFY `id` bigint(20) NOT NULL AUTO_INCREMENT, AUTO_INCREMENT=311;

--
-- AUTO_INCREMENT untuk tabel `payments`
--
ALTER TABLE `payments`
  MODIFY `id` bigint(20) NOT NULL AUTO_INCREMENT, AUTO_INCREMENT=67;

--
-- AUTO_INCREMENT untuk tabel `products`
--
ALTER TABLE `products`
  MODIFY `id` bigint(20) NOT NULL AUTO_INCREMENT, AUTO_INCREMENT=24;

--
-- AUTO_INCREMENT untuk tabel `product_category`
--
ALTER TABLE `product_category`
  MODIFY `id` int(10) NOT NULL AUTO_INCREMENT, AUTO_INCREMENT=13;

--
-- AUTO_INCREMENT untuk tabel `reviews`
--
ALTER TABLE `reviews`
  MODIFY `id` bigint(20) NOT NULL AUTO_INCREMENT, AUTO_INCREMENT=6;

--
-- AUTO_INCREMENT untuk tabel `settings`
--
ALTER TABLE `settings`
  MODIFY `id` int(10) NOT NULL AUTO_INCREMENT, AUTO_INCREMENT=15;

--
-- AUTO_INCREMENT untuk tabel `users`
--
ALTER TABLE `users`
  MODIFY `id` bigint(20) UNSIGNED NOT NULL AUTO_INCREMENT, AUTO_INCREMENT=16;

--
-- Ketidakleluasaan untuk tabel pelimpahan (Dumped Tables)
--

--
-- Ketidakleluasaan untuk tabel `contacts`
--
ALTER TABLE `contacts`
  ADD CONSTRAINT `FK_contacts_contacts` FOREIGN KEY (`parent_id`) REFERENCES `contacts` (`id`) ON DELETE CASCADE ON UPDATE NO ACTION;

--
-- Ketidakleluasaan untuk tabel `customers`
--
ALTER TABLE `customers`
  ADD CONSTRAINT `FK_customers_users` FOREIGN KEY (`user_id`) REFERENCES `users` (`id`) ON DELETE CASCADE ON UPDATE CASCADE;

--
-- Ketidakleluasaan untuk tabel `orders`
--
ALTER TABLE `orders`
  ADD CONSTRAINT `FK_orders_coupons` FOREIGN KEY (`coupon_id`) REFERENCES `coupons` (`id`) ON DELETE SET NULL ON UPDATE CASCADE,
  ADD CONSTRAINT `FK_orders_users` FOREIGN KEY (`user_id`) REFERENCES `users` (`id`) ON DELETE NO ACTION ON UPDATE CASCADE;

--
-- Ketidakleluasaan untuk tabel `order_items`
--
ALTER TABLE `order_items`
  ADD CONSTRAINT `order_items_ibfk_1` FOREIGN KEY (`order_id`) REFERENCES `orders` (`id`) ON DELETE CASCADE ON UPDATE NO ACTION,
  ADD CONSTRAINT `order_items_ibfk_2` FOREIGN KEY (`product_id`) REFERENCES `products` (`id`) ON DELETE CASCADE ON UPDATE NO ACTION;
COMMIT;

/*!40101 SET CHARACTER_SET_CLIENT=@OLD_CHARACTER_SET_CLIENT */;
/*!40101 SET CHARACTER_SET_RESULTS=@OLD_CHARACTER_SET_RESULTS */;
/*!40101 SET COLLATION_CONNECTION=@OLD_COLLATION_CONNECTION */;
