-- phpMyAdmin SQL Dump
-- version 5.1.0
-- https://www.phpmyadmin.net/
--
-- Host: 127.0.0.1
-- Waktu pembuatan: 08 Jun 2021 pada 02.13
-- Versi server: 10.4.19-MariaDB
-- Versi PHP: 7.4.19

SET SQL_MODE = "NO_AUTO_VALUE_ON_ZERO";
START TRANSACTION;
SET time_zone = "+00:00";


/*!40101 SET @OLD_CHARACTER_SET_CLIENT=@@CHARACTER_SET_CLIENT */;
/*!40101 SET @OLD_CHARACTER_SET_RESULTS=@@CHARACTER_SET_RESULTS */;
/*!40101 SET @OLD_COLLATION_CONNECTION=@@COLLATION_CONNECTION */;
/*!40101 SET NAMES utf8mb4 */;

--
-- Database: `penjualan`
--

-- --------------------------------------------------------

--
-- Struktur dari tabel `ci_sessions`
--

CREATE TABLE `ci_sessions` (
  `id` varchar(128) NOT NULL,
  `ip_address` varchar(45) NOT NULL,
  `timestamp` int(10) UNSIGNED NOT NULL DEFAULT 0,
  `data` blob NOT NULL
) ENGINE=InnoDB DEFAULT CHARSET=utf8mb4;

--
-- Dumping data untuk tabel `ci_sessions`
--

INSERT INTO `ci_sessions` (`id`, `ip_address`, `timestamp`, `data`) VALUES
('nh2h85rl0sug37e8dtcfgqrc4d7o9c27', '::1', 1619971464, 0x5f5f63695f6c6173745f726567656e65726174657c693a313631393937313436343b),
('p1r5m6ad0gho44noleiu3vf40sq4qbk7', '::1', 1619973639, 0x5f5f63695f6c6173745f726567656e65726174657c693a313631393937333633393b),
('glb8ltfrvc6r0uoa4ivpihqs526o8v3p', '::1', 1619974000, 0x5f5f63695f6c6173745f726567656e65726174657c693a313631393937343030303b7265646972656374696f6e7c4e3b),
('60pa6bnm27hl15arm4qfdnsrj216sac1', '::1', 1619974607, 0x5f5f63695f6c6173745f726567656e65726174657c693a313631393937343630373b7265646972656374696f6e7c4e3b5f5f4143544956455f53455353494f4e5f444154417c733a3235363a2262643634333163646339353634393364663062346535643131663436343638333237666630393330373062626637303634616266323434383334656332383433653831313035333438623631306435306131333663333465373161346163346135633531373031626639383465613730623966353436646236326634313432354e577a71446f3946392f72545037444a4b4733506e4a4e713174544e7157714f6c64544649334c6e4454675545444f504976775933714d4e337670777a556758714e645a66715a44576e722f6b414679506b652b69744670384635655448476c512b4777644f776f714b39335a4e3175364334506f363847445a545162766d33223b),
('6jj4htoa08uds4ipl88oar78uib9mic0', '::1', 1619974947, 0x5f5f63695f6c6173745f726567656e65726174657c693a313631393937343934373b5f5f4143544956455f53455353494f4e5f444154417c733a3235363a22616334633737653032653531663034653162616331313633303932623438313430323964623666316232303566326331616561616462303335643339616631363036393233643762663264373364363138323536613965323266623737343336356631353165313235346333396236386466393062336662646531343337396561412f67454149716b575a304e325435584a4175534952344244776b6638584241723876524e3468434a77505576485462654379423430346c334b732f496b4b436e4d4d357a707558454b7836627943587737757650527a31396e735a595173312b6e526d6c74687033694e5853363531446c2b336e7971344a674d4b704c45223b),
('mkpfag5t076lvkraup4j1hl4er3sjbn0', '::1', 1619975084, 0x5f5f63695f6c6173745f726567656e65726174657c693a313631393937343934373b5f5f4143544956455f53455353494f4e5f444154417c733a3235363a2231613663363865316538623564316534326531303630633737653562316266643763333736373065393063363730663131346430323337383430386437613938363833336134613431333139636561316662323730313236363938356337666261366561383739333461613935333965663865313638376265326365313662304b757a5653494c62434e73366f61427a776e3273505158574f7a45304e4a5857704a6d47506458786c643239527731394446585a546141563265755143516e6f4f667746666f31594249346b444d6964636f347845726f6a492f6c4e564b775249476d435a716831326e52547a5a74676738686d507554527442595946325062223b7265646972656374696f6e7c4e3b6f726465725f666c6173687c733a32363a2253746174757320626572686173696c2064697065726261727569223b5f5f63695f766172737c613a313a7b733a31313a226f726465725f666c617368223b733a333a226f6c64223b7d),
('ojam30rdjfof9fubdov3bdb48s0520i6', '127.0.0.1', 1619975089, 0x5f5f63695f6c6173745f726567656e65726174657c693a313631393937343936393b5f5f4143544956455f53455353494f4e5f444154417c733a3235363a223433336436373235323135626562616438303562366632383166656266306664396430356639656464306462613661643032303230353463323630303138323863633561383630333337323433393930346165653766616536306439646264646333616435383765366335333237643966356133323631626139373036643537365754705675797258396a4d4a306a73456e54744e4e48495771796136334c4c59432b4a5a586a58752b4555726b6c506738466c5856346d637a6763656546794134446741455570793746693857784e51336373745247526c366447704a7a72395573703745657139657633536759564a30586349627161464e326b4c397433223b),
('kgqhae3rr2r9cm1bhvk638dhf4c0o7nl', '::1', 1620051916, 0x5f5f63695f6c6173745f726567656e65726174657c693a313632303035313931363b5f5f4143544956455f53455353494f4e5f444154417c733a3235363a223339366463376662333664363165663566643835356232626439656466633563336366303539336436616634353038396162313561316533643339636233663632346330393464646136346430376338336530336534613536356438633337323062393338656231333666313861333966353732313239663538313839303333615154305146444843447942784b686c7076555a7a4953765a72426f353653584877726735646e7850615865766a576f464576414e795555567066654b30436a706f6f55726a687a626e7536413977484c322b412f7169324d4d784f74615670685841316c716a75306b555238304c6f3968457177656c3578474877674b2b71223b),
('6bausplen2lq1d009rgus6hv299i6svp', '::1', 1620052604, 0x5f5f63695f6c6173745f726567656e65726174657c693a313632303035323630343b5f5f4143544956455f53455353494f4e5f444154417c733a3235363a223339366463376662333664363165663566643835356232626439656466633563336366303539336436616634353038396162313561316533643339636233663632346330393464646136346430376338336530336534613536356438633337323062393338656231333666313861333966353732313239663538313839303333615154305146444843447942784b686c7076555a7a4953765a72426f353653584877726735646e7850615865766a576f464576414e795555567066654b30436a706f6f55726a687a626e7536413977484c322b412f7169324d4d784f74615670685841316c716a75306b555238304c6f3968457177656c3578474877674b2b71223b73657474696e67735f666c6173687c733a33303a2250656e6761747572616e20626572686173696c2064697065726261727569223b5f5f63695f766172737c613a313a7b733a31343a2273657474696e67735f666c617368223b733a333a226f6c64223b7d),
('c1n7ncbf2dlvmeqhjnrr307cjmfvc7r5', '::1', 1620052604, 0x5f5f63695f6c6173745f726567656e65726174657c693a313632303035323630343b5f5f4143544956455f53455353494f4e5f444154417c733a3235363a223339366463376662333664363165663566643835356232626439656466633563336366303539336436616634353038396162313561316533643339636233663632346330393464646136346430376338336530336534613536356438633337323062393338656231333666313861333966353732313239663538313839303333615154305146444843447942784b686c7076555a7a4953765a72426f353653584877726735646e7850615865766a576f464576414e795555567066654b30436a706f6f55726a687a626e7536413977484c322b412f7169324d4d784f74615670685841316c716a75306b555238304c6f3968457177656c3578474877674b2b71223b73657474696e67735f666c6173687c733a33303a2250656e6761747572616e20626572686173696c2064697065726261727569223b5f5f63695f766172737c613a313a7b733a31343a2273657474696e67735f666c617368223b733a333a226f6c64223b7d),
('vg1tu1jhp75b2u837uv1585em9rb1n3i', '::1', 1620094106, 0x5f5f63695f6c6173745f726567656e65726174657c693a313632303039343130363b5f5f4143544956455f53455353494f4e5f444154417c733a3235363a2232376365633962316662393434316330366364623036383132346630333364306562393334313864376361346163313337373265643238333564346330323462623135666261373434346539353764643034336631303230383363376432613561376632303730633134653833623734393131333864663230396462343937634a587259724948465657516a443877445547614d7478784256544672615956454430734530396f49486d553369696b77416c54723472663773726a4e4931523576316176544c48654a64736949696d5159424e4a6972794e5a78784968564634666d4261446a765a7439756c426d4d387955595a762f4a6c6838564a72763176223b),
('n54run55igev998b7234roh5e4kn9dah', '::1', 1620094427, 0x5f5f63695f6c6173745f726567656e65726174657c693a313632303039343432373b5f5f4143544956455f53455353494f4e5f444154417c733a3235363a2232376365633962316662393434316330366364623036383132346630333364306562393334313864376361346163313337373265643238333564346330323462623135666261373434346539353764643034336631303230383363376432613561376632303730633134653833623734393131333864663230396462343937634a587259724948465657516a443877445547614d7478784256544672615956454430734530396f49486d553369696b77416c54723472663773726a4e4931523576316176544c48654a64736949696d5159424e4a6972794e5a78784968564634666d4261446a765a7439756c426d4d387955595a762f4a6c6838564a72763176223b),
('i8d4edpmuripoalua25afphsmpa3fptm', '::1', 1620096086, 0x5f5f63695f6c6173745f726567656e65726174657c693a313632303039363038363b5f5f4143544956455f53455353494f4e5f444154417c733a3235363a2232376365633962316662393434316330366364623036383132346630333364306562393334313864376361346163313337373265643238333564346330323462623135666261373434346539353764643034336631303230383363376432613561376632303730633134653833623734393131333864663230396462343937634a587259724948465657516a443877445547614d7478784256544672615956454430734530396f49486d553369696b77416c54723472663773726a4e4931523576316176544c48654a64736949696d5159424e4a6972794e5a78784968564634666d4261446a765a7439756c426d4d387955595a762f4a6c6838564a72763176223b),
('qp76qqrj9epp0qdo3ab6tciakr12gl2h', '::1', 1620097330, 0x5f5f63695f6c6173745f726567656e65726174657c693a313632303039373333303b5f5f4143544956455f53455353494f4e5f444154417c733a3235363a2232376365633962316662393434316330366364623036383132346630333364306562393334313864376361346163313337373265643238333564346330323462623135666261373434346539353764643034336631303230383363376432613561376632303730633134653833623734393131333864663230396462343937634a587259724948465657516a443877445547614d7478784256544672615956454430734530396f49486d553369696b77416c54723472663773726a4e4931523576316176544c48654a64736949696d5159424e4a6972794e5a78784968564634666d4261446a765a7439756c426d4d387955595a762f4a6c6838564a72763176223b),
('d9ovji9rold82610pkd4c88gcagoa3hk', '::1', 1620097639, 0x5f5f63695f6c6173745f726567656e65726174657c693a313632303039373633393b5f5f4143544956455f53455353494f4e5f444154417c733a3235363a2232376365633962316662393434316330366364623036383132346630333364306562393334313864376361346163313337373265643238333564346330323462623135666261373434346539353764643034336631303230383363376432613561376632303730633134653833623734393131333864663230396462343937634a587259724948465657516a443877445547614d7478784256544672615956454430734530396f49486d553369696b77416c54723472663773726a4e4931523576316176544c48654a64736949696d5159424e4a6972794e5a78784968564634666d4261446a765a7439756c426d4d387955595a762f4a6c6838564a72763176223b73657474696e67735f666c6173687c733a33303a2250656e6761747572616e20626572686173696c2064697065726261727569223b5f5f63695f766172737c613a313a7b733a31343a2273657474696e67735f666c617368223b733a333a226f6c64223b7d),
('399156cef2ub2g1ij0ohbjlue6s56hv3', '::1', 1620097962, 0x5f5f63695f6c6173745f726567656e65726174657c693a313632303039373936323b5f5f4143544956455f53455353494f4e5f444154417c733a3235363a2232376365633962316662393434316330366364623036383132346630333364306562393334313864376361346163313337373265643238333564346330323462623135666261373434346539353764643034336631303230383363376432613561376632303730633134653833623734393131333864663230396462343937634a587259724948465657516a443877445547614d7478784256544672615956454430734530396f49486d553369696b77416c54723472663773726a4e4931523576316176544c48654a64736949696d5159424e4a6972794e5a78784968564634666d4261446a765a7439756c426d4d387955595a762f4a6c6838564a72763176223b),
('fnpaf4ou2novdoe3avvcu9s8okgtfned', '::1', 1620098306, 0x5f5f63695f6c6173745f726567656e65726174657c693a313632303039383330363b5f5f4143544956455f53455353494f4e5f444154417c733a3235363a2232376365633962316662393434316330366364623036383132346630333364306562393334313864376361346163313337373265643238333564346330323462623135666261373434346539353764643034336631303230383363376432613561376632303730633134653833623734393131333864663230396462343937634a587259724948465657516a443877445547614d7478784256544672615956454430734530396f49486d553369696b77416c54723472663773726a4e4931523576316176544c48654a64736949696d5159424e4a6972794e5a78784968564634666d4261446a765a7439756c426d4d387955595a762f4a6c6838564a72763176223b),
('tk0lepabupisnsm9ootaita0qqc62p91', '::1', 1620098699, 0x5f5f63695f6c6173745f726567656e65726174657c693a313632303039383639393b5f5f4143544956455f53455353494f4e5f444154417c733a3235363a2232376365633962316662393434316330366364623036383132346630333364306562393334313864376361346163313337373265643238333564346330323462623135666261373434346539353764643034336631303230383363376432613561376632303730633134653833623734393131333864663230396462343937634a587259724948465657516a443877445547614d7478784256544672615956454430734530396f49486d553369696b77416c54723472663773726a4e4931523576316176544c48654a64736949696d5159424e4a6972794e5a78784968564634666d4261446a765a7439756c426d4d387955595a762f4a6c6838564a72763176223b),
('k9su0adh49iecbfcjj69ahr8cndu6m8g', '::1', 1620100655, 0x5f5f63695f6c6173745f726567656e65726174657c693a313632303130303635353b5f5f4143544956455f53455353494f4e5f444154417c733a3235363a2232376365633962316662393434316330366364623036383132346630333364306562393334313864376361346163313337373265643238333564346330323462623135666261373434346539353764643034336631303230383363376432613561376632303730633134653833623734393131333864663230396462343937634a587259724948465657516a443877445547614d7478784256544672615956454430734530396f49486d553369696b77416c54723472663773726a4e4931523576316176544c48654a64736949696d5159424e4a6972794e5a78784968564634666d4261446a765a7439756c426d4d387955595a762f4a6c6838564a72763176223b73657474696e67735f666c6173687c733a32373a22426572686173696c206d656e616d62616820646174612062616e6b223b5f5f63695f766172737c613a313a7b733a31343a2273657474696e67735f666c617368223b733a333a226f6c64223b7d),
('brgcc1qnr7dlgabsccshm9figm81rdip', '::1', 1620099000, 0x5f5f63695f6c6173745f726567656e65726174657c693a313632303039393030303b5f5f4143544956455f53455353494f4e5f444154417c733a3235363a2232376365633962316662393434316330366364623036383132346630333364306562393334313864376361346163313337373265643238333564346330323462623135666261373434346539353764643034336631303230383363376432613561376632303730633134653833623734393131333864663230396462343937634a587259724948465657516a443877445547614d7478784256544672615956454430734530396f49486d553369696b77416c54723472663773726a4e4931523576316176544c48654a64736949696d5159424e4a6972794e5a78784968564634666d4261446a765a7439756c426d4d387955595a762f4a6c6838564a72763176223b73657474696e67735f666c6173687c733a33303a2250656e6761747572616e20626572686173696c2064697065726261727569223b5f5f63695f766172737c613a313a7b733a31343a2273657474696e67735f666c617368223b733a333a226e6577223b7d),
('1og7pgtc34a46idost0uuhifdm3nhd50', '127.0.0.1', 1620099383, 0x5f5f63695f6c6173745f726567656e65726174657c693a313632303039393338333b5f5f4143544956455f53455353494f4e5f444154417c733a3235363a2237623937663132313139616232376131383832313665336435613662316237333033363930333932373637393631333039323266356234666135633839663562326136396265393134656539383030373330373737366666303233633738646332656538386566376436376363633435663834373364343630633865656533656a526c55526651396d414c532b6f54416c4164345a62646e47516e6479522f70376a3066454778384e6b4c376c6b3768793651384b38544353754e68524167664330782b7366704d785471796e774d617676754247356d73305a512b4d53655470466f6e5464392b69564b306d5450516b332f4f6b6f532b3562327042693567223b),
('55jumuo7gblbhpdtrma4hvipgdu7d8pb', '127.0.0.1', 1620099574, 0x5f5f63695f6c6173745f726567656e65726174657c693a313632303039393338333b5f5f4143544956455f53455353494f4e5f444154417c733a3235363a2237623937663132313139616232376131383832313665336435613662316237333033363930333932373637393631333039323266356234666135633839663562326136396265393134656539383030373330373737366666303233633738646332656538386566376436376363633435663834373364343630633865656533656a526c55526651396d414c532b6f54416c4164345a62646e47516e6479522f70376a3066454778384e6b4c376c6b3768793651384b38544353754e68524167664330782b7366704d785471796e774d617676754247356d73305a512b4d53655470466f6e5464392b69564b306d5450516b332f4f6b6f532b3562327042693567223b),
('tp8h1r0gn8sm6elk9lkqr67adpcvdggm', '::1', 1620101053, 0x5f5f63695f6c6173745f726567656e65726174657c693a313632303130313035333b5f5f4143544956455f53455353494f4e5f444154417c733a3235363a2232376365633962316662393434316330366364623036383132346630333364306562393334313864376361346163313337373265643238333564346330323462623135666261373434346539353764643034336631303230383363376432613561376632303730633134653833623734393131333864663230396462343937634a587259724948465657516a443877445547614d7478784256544672615956454430734530396f49486d553369696b77416c54723472663773726a4e4931523576316176544c48654a64736949696d5159424e4a6972794e5a78784968564634666d4261446a765a7439756c426d4d387955595a762f4a6c6838564a72763176223b),
('ngm7k6q3b26bjk4enrr6thi61h71828c', '::1', 1620101054, 0x5f5f63695f6c6173745f726567656e65726174657c693a313632303130313035333b5f5f4143544956455f53455353494f4e5f444154417c733a3235363a2232376365633962316662393434316330366364623036383132346630333364306562393334313864376361346163313337373265643238333564346330323462623135666261373434346539353764643034336631303230383363376432613561376632303730633134653833623734393131333864663230396462343937634a587259724948465657516a443877445547614d7478784256544672615956454430734530396f49486d553369696b77416c54723472663773726a4e4931523576316176544c48654a64736949696d5159424e4a6972794e5a78784968564634666d4261446a765a7439756c426d4d387955595a762f4a6c6838564a72763176223b),
('vpsu99i6o6vq66d3hmdr4dqrv3rr6lju', '127.0.0.1', 1620357908, 0x5f5f63695f6c6173745f726567656e65726174657c693a313632303335373635353b5f5f4143544956455f53455353494f4e5f444154417c733a3235363a2234626236343332613561386464326366353037663064613834663436306234393461363565313266623635316630663364623163633930363434376236333461366137623830363861376663353365383235366266666461343231613539363338333163303538393136376531356365663436373266643861386232383361636b4748786630466f59636b3267334d4d42594f552b51715735437a4d546d56673841636656692f4d326d2b75426a70585069557745452b495a6c6169564658726157536f6b6e343038714d48597652476e76304d6d565477454253684452615339774e5653304d764b67326c78746269732f6e324a374a4c73534b3554705653223b73746f72655f666c6173687c733a32363a2250656e646166746172616e20616b756e20626572686173696c21223b5f5f63695f766172737c613a313a7b733a31313a2273746f72655f666c617368223b733a333a226f6c64223b7d),
('1rupprg288c8h9vu6k8cu0of6v08beg6', '::1', 1622678132, 0x5f5f63695f6c6173745f726567656e65726174657c693a313632323637383133323b),
('kl2aejoshmsshssd0l4rj76vb3i3v794', '::1', 1622679273, 0x5f5f63695f6c6173745f726567656e65726174657c693a313632323637393237333b636172745f636f6e74656e74737c613a333a7b733a31303a22636172745f746f74616c223b643a36353030303b733a31313a22746f74616c5f6974656d73223b643a313b733a33323a226334636134323338613062393233383230646363353039613666373538343962223b613a363a7b733a323a226964223b733a313a2231223b733a333a22717479223b643a313b733a353a227072696365223b643a36353030303b733a343a226e616d65223b733a31303a2253747261776265727279223b733a353a22726f776964223b733a33323a226334636134323338613062393233383230646363353039613666373538343962223b733a383a22737562746f74616c223b643a36353030303b7d7d7265646972656374696f6e7c4e3b),
('ucrddgap7osmnmi6l91q3fif09dfbfcj', '::1', 1622679890, 0x5f5f63695f6c6173745f726567656e65726174657c693a313632323637393839303b636172745f636f6e74656e74737c613a333a7b733a31303a22636172745f746f74616c223b643a36353030303b733a31313a22746f74616c5f6974656d73223b643a313b733a33323a226334636134323338613062393233383230646363353039613666373538343962223b613a363a7b733a323a226964223b733a313a2231223b733a333a22717479223b643a313b733a353a227072696365223b643a36353030303b733a343a226e616d65223b733a31303a2253747261776265727279223b733a353a22726f776964223b733a33323a226334636134323338613062393233383230646363353039613666373538343962223b733a383a22737562746f74616c223b643a36353030303b7d7d7265646972656374696f6e7c4e3b),
('gqiihp6pejsaj3s3pa6fkaojiq4omglj', '::1', 1622680358, 0x5f5f63695f6c6173745f726567656e65726174657c693a313632323638303335383b636172745f636f6e74656e74737c613a333a7b733a31303a22636172745f746f74616c223b643a36353030303b733a31313a22746f74616c5f6974656d73223b643a313b733a33323a226334636134323338613062393233383230646363353039613666373538343962223b613a363a7b733a323a226964223b733a313a2231223b733a333a22717479223b643a313b733a353a227072696365223b643a36353030303b733a343a226e616d65223b733a31303a2253747261776265727279223b733a353a22726f776964223b733a33323a226334636134323338613062393233383230646363353039613666373538343962223b733a383a22737562746f74616c223b643a36353030303b7d7d7265646972656374696f6e7c4e3b5f5f4143544956455f53455353494f4e5f444154417c733a3235363a223261663130336537373631383163633066313364303066643036356566306630343532663461316433663438323665383965623964363836653038396161323463333364653937323661373136616335633134356561316535306630353363333333663931313132353939346536393965303234623531616662393230343838757454483850536370653031347a4775436c545642594d44747041354f7a713447776f7142705871444b69694f4e557a6b4f77554177344855386e5330536a34545456776835446c53756a366734675a2b6c38466f5562764e444b4d4847702f3673317062616365554f77484b6d6c732b3830583052456e794d48564a584979223b),
('knj89vlpaeghpojc8ub9igp20gfs1u7k', '::1', 1622680664, 0x5f5f63695f6c6173745f726567656e65726174657c693a313632323638303636343b636172745f636f6e74656e74737c613a333a7b733a31303a22636172745f746f74616c223b643a36353030303b733a31313a22746f74616c5f6974656d73223b643a313b733a33323a226334636134323338613062393233383230646363353039613666373538343962223b613a363a7b733a323a226964223b733a313a2231223b733a333a22717479223b643a313b733a353a227072696365223b643a36353030303b733a343a226e616d65223b733a31303a2253747261776265727279223b733a353a22726f776964223b733a33323a226334636134323338613062393233383230646363353039613666373538343962223b733a383a22737562746f74616c223b643a36353030303b7d7d7265646972656374696f6e7c4e3b5f5f4143544956455f53455353494f4e5f444154417c733a3235363a2264653661313638383736316536396265396638383032643537386361623531316136616638313863633331643264663265363034623162643865373962356337623636663137326236643537333363363965396338386566313232353262316636383263613830353261653332653764376163396163353364323733326431667838483545364d77546b6a78397635466f31575161363532364f43484542487063456c4638646d38494366456e554b7442356a505343556d556370683554737a435265532f374b44527961704c55796b315967484d3254757679544f2f7643717248574142376d6f4c706166724b616b6b555852395a364d544973313532744f223b),
('6urgljjveam2b6bvkr11msnungj2n99s', '::1', 1622680974, 0x5f5f63695f6c6173745f726567656e65726174657c693a313632323638303937343b636172745f636f6e74656e74737c613a333a7b733a31303a22636172745f746f74616c223b643a36353030303b733a31313a22746f74616c5f6974656d73223b643a313b733a33323a226334636134323338613062393233383230646363353039613666373538343962223b613a363a7b733a323a226964223b733a313a2231223b733a333a22717479223b643a313b733a353a227072696365223b643a36353030303b733a343a226e616d65223b733a31303a2253747261776265727279223b733a353a22726f776964223b733a33323a226334636134323338613062393233383230646363353039613666373538343962223b733a383a22737562746f74616c223b643a36353030303b7d7d7265646972656374696f6e7c4e3b),
('o1ksjpifouk5a6rsp5m2k82j597tev69', '::1', 1622681368, 0x5f5f63695f6c6173745f726567656e65726174657c693a313632323638313336383b636172745f636f6e74656e74737c613a333a7b733a31303a22636172745f746f74616c223b643a36353030303b733a31313a22746f74616c5f6974656d73223b643a313b733a33323a226334636134323338613062393233383230646363353039613666373538343962223b613a363a7b733a323a226964223b733a313a2231223b733a333a22717479223b643a313b733a353a227072696365223b643a36353030303b733a343a226e616d65223b733a31303a2253747261776265727279223b733a353a22726f776964223b733a33323a226334636134323338613062393233383230646363353039613666373538343962223b733a383a22737562746f74616c223b643a36353030303b7d7d7265646972656374696f6e7c4e3b),
('eli6h2ias92544cbinlisoipqdsaal9u', '::1', 1622681901, 0x5f5f63695f6c6173745f726567656e65726174657c693a313632323638313930313b636172745f636f6e74656e74737c613a333a7b733a31303a22636172745f746f74616c223b643a36353030303b733a31313a22746f74616c5f6974656d73223b643a313b733a33323a226334636134323338613062393233383230646363353039613666373538343962223b613a363a7b733a323a226964223b733a313a2231223b733a333a22717479223b643a313b733a353a227072696365223b643a36353030303b733a343a226e616d65223b733a31303a2253747261776265727279223b733a353a22726f776964223b733a33323a226334636134323338613062393233383230646363353039613666373538343962223b733a383a22737562746f74616c223b643a36353030303b7d7d7265646972656374696f6e7c4e3b),
('2nuu0gpidmiv0mnof521r1f6e0iovmrb', '::1', 1622682393, 0x5f5f63695f6c6173745f726567656e65726174657c693a313632323638323339333b636172745f636f6e74656e74737c613a333a7b733a31303a22636172745f746f74616c223b643a36353030303b733a31313a22746f74616c5f6974656d73223b643a313b733a33323a226334636134323338613062393233383230646363353039613666373538343962223b613a363a7b733a323a226964223b733a313a2231223b733a333a22717479223b643a313b733a353a227072696365223b643a36353030303b733a343a226e616d65223b733a31303a2253747261776265727279223b733a353a22726f776964223b733a33323a226334636134323338613062393233383230646363353039613666373538343962223b733a383a22737562746f74616c223b643a36353030303b7d7d7265646972656374696f6e7c4e3b5f5f4143544956455f53455353494f4e5f444154417c733a3235363a2233353839343830616237323834303863663766393832616538386638633863663363626335656562633162353165656433303261656661386462643766366565313030323562326161653733373861363465666566323130623439323662386336616366343566643237366235363431663830326661336165623537306237333448764478543867774f646a7147716c476978656b704d61486643746b58514c4c465547714f594443667134525a797635435a69562f374a656333375368636251305261593138347158426943734a41764d4b363631715774735355364d3378616f6752474d31334a2f3071497a376c4b49664a2f4963466f6a536b63594279223b),
('jo1qaec5mf441pc4apptjbu5uvk3vkmq', '::1', 1622682394, 0x5f5f63695f6c6173745f726567656e65726174657c693a313632323638323339333b636172745f636f6e74656e74737c613a333a7b733a31303a22636172745f746f74616c223b643a36353030303b733a31313a22746f74616c5f6974656d73223b643a313b733a33323a226334636134323338613062393233383230646363353039613666373538343962223b613a363a7b733a323a226964223b733a313a2231223b733a333a22717479223b643a313b733a353a227072696365223b643a36353030303b733a343a226e616d65223b733a31303a2253747261776265727279223b733a353a22726f776964223b733a33323a226334636134323338613062393233383230646363353039613666373538343962223b733a383a22737562746f74616c223b643a36353030303b7d7d7265646972656374696f6e7c4e3b5f5f4143544956455f53455353494f4e5f444154417c733a3235363a2233353839343830616237323834303863663766393832616538386638633863663363626335656562633162353165656433303261656661386462643766366565313030323562326161653733373861363465666566323130623439323662386336616366343566643237366235363431663830326661336165623537306237333448764478543867774f646a7147716c476978656b704d61486643746b58514c4c465547714f594443667134525a797635435a69562f374a656333375368636251305261593138347158426943734a41764d4b363631715774735355364d3378616f6752474d31334a2f3071497a376c4b49664a2f4963466f6a536b63594279223b),
('33eoguomkmr1bkg51coq90b1orbq1ka0', '::1', 1622683258, 0x5f5f63695f6c6173745f726567656e65726174657c693a313632323638333235383b),
('ddl1q928bmfiqk2e1kj5gbdeq1sjdcc3', '::1', 1622684021, 0x5f5f63695f6c6173745f726567656e65726174657c693a313632323638343032313b),
('go5d2hgj7pli6rsdsccrdk0f8spv6s3n', '::1', 1622684442, 0x5f5f63695f6c6173745f726567656e65726174657c693a313632323638343434323b),
('4uo9i3bsbo062lo03gt5jqc2vdf4obuk', '::1', 1622684752, 0x5f5f63695f6c6173745f726567656e65726174657c693a313632323638343735323b),
('36ehd2mckb6a9d1sshf1c5ufdrc8jb39', '::1', 1622685134, 0x5f5f63695f6c6173745f726567656e65726174657c693a313632323638353133343b),
('svia7ehotlu38nt7usds0u9me033fodc', '::1', 1622685501, 0x5f5f63695f6c6173745f726567656e65726174657c693a313632323638353530313b),
('9pudqsk7eistp07e8s71nev32go5b8vg', '::1', 1622685871, 0x5f5f63695f6c6173745f726567656e65726174657c693a313632323638353837313b),
('9ihqvm8f808t01req0auf2r21itmecq5', '::1', 1622686217, 0x5f5f63695f6c6173745f726567656e65726174657c693a313632323638363231373b7265646972656374696f6e7c4e3b),
('irgo1rm3e7hht5o0hobu7lilu65s9dad', '::1', 1622686667, 0x5f5f63695f6c6173745f726567656e65726174657c693a313632323638363636373b7265646972656374696f6e7c4e3b),
('umhaoh0f5ds588qiumnp22vlauqj74st', '::1', 1622687018, 0x5f5f63695f6c6173745f726567656e65726174657c693a313632323638373031383b7265646972656374696f6e7c4e3b),
('gvvetfr0gvb76qhng6k1rmv4tecqk9me', '::1', 1622689567, 0x5f5f63695f6c6173745f726567656e65726174657c693a313632323638393536373b7265646972656374696f6e7c4e3b),
('in0ln651npnrqkojrm3d7o55gi0icmes', '::1', 1622690124, 0x5f5f63695f6c6173745f726567656e65726174657c693a313632323639303132343b7265646972656374696f6e7c4e3b),
('5vhuulk93kelu81h237e57roprcl4emf', '::1', 1622690488, 0x5f5f63695f6c6173745f726567656e65726174657c693a313632323639303438383b7265646972656374696f6e7c4e3b),
('g40ld4m3at6b3tljip0e4ujvvnpalmnj', '::1', 1622690937, 0x5f5f63695f6c6173745f726567656e65726174657c693a313632323639303933373b7265646972656374696f6e7c4e3b),
('sg6967n2lh70vnumo4jq1o96vklabegp', '::1', 1622691135, 0x5f5f63695f6c6173745f726567656e65726174657c693a313632323639303933373b7265646972656374696f6e7c4e3b),
('inn2damlg30o0gkmuqpkmogja56viuna', '::1', 1622696637, 0x5f5f63695f6c6173745f726567656e65726174657c693a313632323639363633373b),
('56ru835imrktgadbtrq794lsr2ltdhe4', '::1', 1622696638, 0x5f5f63695f6c6173745f726567656e65726174657c693a313632323639363633373b),
('0mbalv0tdsa204l2u4ha2d6qgm8chjnq', '::1', 1622697511, 0x5f5f63695f6c6173745f726567656e65726174657c693a313632323639373531313b),
('509ihm0ls2hcijn3dganpitmoq92l2ve', '::1', 1622697937, 0x5f5f63695f6c6173745f726567656e65726174657c693a313632323639373933373b7265646972656374696f6e7c4e3b5f5f4143544956455f53455353494f4e5f444154417c733a3235363a22656361396166333564313964353936393538383230386138386331346432613765663362383236373762636136333762636164323237326265653865643937326431316434643364393261313736656431306135393164333734363336663337653333623236353531653436376163323762336263373864303733323765613959753438505557704b4253346972727a6237396e5958634e623847634f75356f5037494e4172794c306b49432f4162712f3954517554522b6776786d4f336a4a74754d364d6f73356e6b48346670716b4f7a7164676b79515a51646e687971797a74414b3458506c744155497431472f652f36434f2b477074586f616e434645223b),
('g9674c5eg8js70rlka7bgljiaf96jani', '::1', 1622698253, 0x5f5f63695f6c6173745f726567656e65726174657c693a313632323639383235333b7265646972656374696f6e7c4e3b5f5f4143544956455f53455353494f4e5f444154417c733a3235363a22656361396166333564313964353936393538383230386138386331346432613765663362383236373762636136333762636164323237326265653865643937326431316434643364393261313736656431306135393164333734363336663337653333623236353531653436376163323762336263373864303733323765613959753438505557704b4253346972727a6237396e5958634e623847634f75356f5037494e4172794c306b49432f4162712f3954517554522b6776786d4f336a4a74754d364d6f73356e6b48346670716b4f7a7164676b79515a51646e687971797a74414b3458506c744155497431472f652f36434f2b477074586f616e434645223b),
('u1bejn07dakvmcqcq9r228thdrsrv0ht', '::1', 1622698556, 0x5f5f63695f6c6173745f726567656e65726174657c693a313632323639383535363b7265646972656374696f6e7c733a38343a226148523063446f764c327876593246736147397a644339775a57357164574673595734766157356b5a586775634768774c324e3163335276625756794c3342686557316c626e527a4c324e76626d5a70636d303d223b5f5f4143544956455f53455353494f4e5f444154417c733a3235363a22656361396166333564313964353936393538383230386138386331346432613765663362383236373762636136333762636164323237326265653865643937326431316434643364393261313736656431306135393164333734363336663337653333623236353531653436376163323762336263373864303733323765613959753438505557704b4253346972727a6237396e5958634e623847634f75356f5037494e4172794c306b49432f4162712f3954517554522b6776786d4f336a4a74754d364d6f73356e6b48346670716b4f7a7164676b79515a51646e687971797a74414b3458506c744155497431472f652f36434f2b477074586f616e434645223b),
('f00v0oi8a82df0t44ap9oipen2q9lhrk', '::1', 1622699016, 0x5f5f63695f6c6173745f726567656e65726174657c693a313632323639393031363b7265646972656374696f6e7c733a38343a226148523063446f764c327876593246736147397a644339775a57357164574673595734766157356b5a586775634768774c324e3163335276625756794c3342686557316c626e527a4c324e76626d5a70636d303d223b5f5f4143544956455f53455353494f4e5f444154417c733a3235363a22656361396166333564313964353936393538383230386138386331346432613765663362383236373762636136333762636164323237326265653865643937326431316434643364393261313736656431306135393164333734363336663337653333623236353531653436376163323762336263373864303733323765613959753438505557704b4253346972727a6237396e5958634e623847634f75356f5037494e4172794c306b49432f4162712f3954517554522b6776786d4f336a4a74754d364d6f73356e6b48346670716b4f7a7164676b79515a51646e687971797a74414b3458506c744155497431472f652f36434f2b477074586f616e434645223b),
('jls3fbea6aph8i2balci8tle93sgcpov', '::1', 1622699428, 0x5f5f63695f6c6173745f726567656e65726174657c693a313632323639393432383b7265646972656374696f6e7c733a38343a226148523063446f764c327876593246736147397a644339775a57357164574673595734766157356b5a586775634768774c324e3163335276625756794c3342686557316c626e527a4c324e76626d5a70636d303d223b5f5f4143544956455f53455353494f4e5f444154417c733a3235363a22656361396166333564313964353936393538383230386138386331346432613765663362383236373762636136333762636164323237326265653865643937326431316434643364393261313736656431306135393164333734363336663337653333623236353531653436376163323762336263373864303733323765613959753438505557704b4253346972727a6237396e5958634e623847634f75356f5037494e4172794c306b49432f4162712f3954517554522b6776786d4f336a4a74754d364d6f73356e6b48346670716b4f7a7164676b79515a51646e687971797a74414b3458506c744155497431472f652f36434f2b477074586f616e434645223b),
('e198f25sc7oaggimli577vdrslha1c7e', '::1', 1622699754, 0x5f5f63695f6c6173745f726567656e65726174657c693a313632323639393735343b7265646972656374696f6e7c733a38343a226148523063446f764c327876593246736147397a644339775a57357164574673595734766157356b5a586775634768774c324e3163335276625756794c3342686557316c626e527a4c324e76626d5a70636d303d223b5f5f4143544956455f53455353494f4e5f444154417c733a3235363a22656361396166333564313964353936393538383230386138386331346432613765663362383236373762636136333762636164323237326265653865643937326431316434643364393261313736656431306135393164333734363336663337653333623236353531653436376163323762336263373864303733323765613959753438505557704b4253346972727a6237396e5958634e623847634f75356f5037494e4172794c306b49432f4162712f3954517554522b6776786d4f336a4a74754d364d6f73356e6b48346670716b4f7a7164676b79515a51646e687971797a74414b3458506c744155497431472f652f36434f2b477074586f616e434645223b),
('m77dmptj12eoq46hvta8gnokv3si2vo2', '::1', 1622700067, 0x5f5f63695f6c6173745f726567656e65726174657c693a313632323730303036373b7265646972656374696f6e7c4e3b),
('5eo3r53kc45mbki5o5iis1eq2evv845d', '::1', 1622700379, 0x5f5f63695f6c6173745f726567656e65726174657c693a313632323730303337393b7265646972656374696f6e7c733a38343a226148523063446f764c327876593246736147397a644339775a57357164574673595734766157356b5a586775634768774c324e3163335276625756794c3342686557316c626e527a4c324e76626d5a70636d303d223b),
('84bcksl59h4lhcq7hv1o9jo0dd55con6', '::1', 1622700686, 0x5f5f63695f6c6173745f726567656e65726174657c693a313632323730303638363b7265646972656374696f6e7c4e3b5f5f4143544956455f53455353494f4e5f444154417c733a3235363a22353936373939303364323039313930626264356337306262653063326333343431303935343336386462366330316639316465383339366231343538356235376134363466613663663564393437376433373563663836646663656561663261386564373334343966393139626633306666303738653635643766343166363351302b345662572b4f3946312f6b77375768466e6c4b686e59534a2f6946415759443847625a4d53476a6355333857325a4332654754494c305a6d796253437a30383279412b6e76444d6132596658635a496537416f3772394339353138744f446a6e6f5247664854644d576939576e3830336c4a6774636f4171673335334d223b),
('35j8srpddi1b2j6hnutqqrl8tlbtc82g', '::1', 1622701007, 0x5f5f63695f6c6173745f726567656e65726174657c693a313632323730313030373b7265646972656374696f6e7c4e3b5f5f4143544956455f53455353494f4e5f444154417c733a3235363a22353936373939303364323039313930626264356337306262653063326333343431303935343336386462366330316639316465383339366231343538356235376134363466613663663564393437376433373563663836646663656561663261386564373334343966393139626633306666303738653635643766343166363351302b345662572b4f3946312f6b77375768466e6c4b686e59534a2f6946415759443847625a4d53476a6355333857325a4332654754494c305a6d796253437a30383279412b6e76444d6132596658635a496537416f3772394339353138744f446a6e6f5247664854644d576939576e3830336c4a6774636f4171673335334d223b656469745f70726f647563745f666c6173687c733a32373a2250726f64756b20626572686173696c206469706572626172756921223b5f5f63695f766172737c613a313a7b733a31383a22656469745f70726f647563745f666c617368223b733a333a226f6c64223b7d),
('uvh20etrrsrchb4g0k5qoenep23dbni7', '::1', 1622701341, 0x5f5f63695f6c6173745f726567656e65726174657c693a313632323730313334313b7265646972656374696f6e7c4e3b5f5f4143544956455f53455353494f4e5f444154417c733a3235363a22353936373939303364323039313930626264356337306262653063326333343431303935343336386462366330316639316465383339366231343538356235376134363466613663663564393437376433373563663836646663656561663261386564373334343966393139626633306666303738653635643766343166363351302b345662572b4f3946312f6b77375768466e6c4b686e59534a2f6946415759443847625a4d53476a6355333857325a4332654754494c305a6d796253437a30383279412b6e76444d6132596658635a496537416f3772394339353138744f446a6e6f5247664854644d576939576e3830336c4a6774636f4171673335334d223b),
('q3o2un0jc1jte4piuj36koi1c02ajko4', '::1', 1622701648, 0x5f5f63695f6c6173745f726567656e65726174657c693a313632323730313634383b7265646972656374696f6e7c4e3b5f5f4143544956455f53455353494f4e5f444154417c733a3235363a22353936373939303364323039313930626264356337306262653063326333343431303935343336386462366330316639316465383339366231343538356235376134363466613663663564393437376433373563663836646663656561663261386564373334343966393139626633306666303738653635643766343166363351302b345662572b4f3946312f6b77375768466e6c4b686e59534a2f6946415759443847625a4d53476a6355333857325a4332654754494c305a6d796253437a30383279412b6e76444d6132596658635a496537416f3772394339353138744f446a6e6f5247664854644d576939576e3830336c4a6774636f4171673335334d223b),
('hb18smkpoucf9chmtfc4nlkhhchkr2pt', '::1', 1622701957, 0x5f5f63695f6c6173745f726567656e65726174657c693a313632323730313935373b7265646972656374696f6e7c4e3b5f5f4143544956455f53455353494f4e5f444154417c733a3235363a22353936373939303364323039313930626264356337306262653063326333343431303935343336386462366330316639316465383339366231343538356235376134363466613663663564393437376433373563663836646663656561663261386564373334343966393139626633306666303738653635643766343166363351302b345662572b4f3946312f6b77375768466e6c4b686e59534a2f6946415759443847625a4d53476a6355333857325a4332654754494c305a6d796253437a30383279412b6e76444d6132596658635a496537416f3772394339353138744f446a6e6f5247664854644d576939576e3830336c4a6774636f4171673335334d223b),
('n0pi4dug9mi0sjg3870so8c153832pu6', '::1', 1622702263, 0x5f5f63695f6c6173745f726567656e65726174657c693a313632323730323236333b7265646972656374696f6e7c4e3b5f5f4143544956455f53455353494f4e5f444154417c733a3235363a22353936373939303364323039313930626264356337306262653063326333343431303935343336386462366330316639316465383339366231343538356235376134363466613663663564393437376433373563663836646663656561663261386564373334343966393139626633306666303738653635643766343166363351302b345662572b4f3946312f6b77375768466e6c4b686e59534a2f6946415759443847625a4d53476a6355333857325a4332654754494c305a6d796253437a30383279412b6e76444d6132596658635a496537416f3772394339353138744f446a6e6f5247664854644d576939576e3830336c4a6774636f4171673335334d223b),
('f426uequrpfg0q8pv95mct9n2k0at27b', '::1', 1622702351, 0x5f5f63695f6c6173745f726567656e65726174657c693a313632323730323236333b7265646972656374696f6e7c4e3b5f5f4143544956455f53455353494f4e5f444154417c733a3235363a22353936373939303364323039313930626264356337306262653063326333343431303935343336386462366330316639316465383339366231343538356235376134363466613663663564393437376433373563663836646663656561663261386564373334343966393139626633306666303738653635643766343166363351302b345662572b4f3946312f6b77375768466e6c4b686e59534a2f6946415759443847625a4d53476a6355333857325a4332654754494c305a6d796253437a30383279412b6e76444d6132596658635a496537416f3772394339353138744f446a6e6f5247664854644d576939576e3830336c4a6774636f4171673335334d223b),
('m9upedi78l88bc52top45fav75q0mak5', '::1', 1622722642, 0x5f5f63695f6c6173745f726567656e65726174657c693a313632323732323634323b7265646972656374696f6e7c4e3b),
('3b0d9rtakqk5b8os3d400hm6074pmv2n', '::1', 1622722998, 0x5f5f63695f6c6173745f726567656e65726174657c693a313632323732323939383b7265646972656374696f6e7c4e3b),
('39abs9r9plapeko6q0cfa9tgendtfhc9', '::1', 1622723512, 0x5f5f63695f6c6173745f726567656e65726174657c693a313632323732333531323b7265646972656374696f6e7c4e3b),
('qt36otn2480kl6csaame50m41npoo03c', '::1', 1622723937, 0x5f5f63695f6c6173745f726567656e65726174657c693a313632323732333933373b7265646972656374696f6e7c4e3b),
('mel2l1a5nssrl0rmh6pbv0uira6mj6pr', '::1', 1622724430, 0x5f5f63695f6c6173745f726567656e65726174657c693a313632323732343433303b7265646972656374696f6e7c4e3b),
('qmatq9pktla6io9oq9cfst43jmrb9h5h', '::1', 1622724742, 0x5f5f63695f6c6173745f726567656e65726174657c693a313632323732343734323b7265646972656374696f6e7c733a38343a226148523063446f764c327876593246736147397a644339775a57357164574673595734766157356b5a586775634768774c324e3163335276625756794c3342686557316c626e527a4c324e76626d5a70636d303d223b5f5f4143544956455f53455353494f4e5f444154417c733a3235363a2231623065616534336562383764656263643530313861323765656638393138316562346161366233363635343163616266613032393464386365653836396538343432393233333731336539383730353532373362633034303739393031663031623966626666356536393632626238633861346533356462626466336335367051596e4e6144356b4756452f4f5948324c326456563077395a364d7868674253753263314e6d494347444d5843725a4235355738774e497067505a656b756859354e64345434585574316b53304b33634d527551736358654c69484c4a7a336b49574b5548794370464e5733385536565a65577a6c5a426e4f4456616c6248223b),
('rc3cgv310aqhqvj85i7jcienft3dtht6', '::1', 1622725150, 0x5f5f63695f6c6173745f726567656e65726174657c693a313632323732353135303b7265646972656374696f6e7c733a38343a226148523063446f764c327876593246736147397a644339775a57357164574673595734766157356b5a586775634768774c324e3163335276625756794c3342686557316c626e527a4c324e76626d5a70636d303d223b5f5f4143544956455f53455353494f4e5f444154417c733a3235363a2231623065616534336562383764656263643530313861323765656638393138316562346161366233363635343163616266613032393464386365653836396538343432393233333731336539383730353532373362633034303739393031663031623966626666356536393632626238633861346533356462626466336335367051596e4e6144356b4756452f4f5948324c326456563077395a364d7868674253753263314e6d494347444d5843725a4235355738774e497067505a656b756859354e64345434585574316b53304b33634d527551736358654c69484c4a7a336b49574b5548794370464e5733385536565a65577a6c5a426e4f4456616c6248223b),
('l2a7tgkgbv0kijkb5k2e357al1sl2pla', '::1', 1622725458, 0x5f5f63695f6c6173745f726567656e65726174657c693a313632323732353435383b7265646972656374696f6e7c733a38343a226148523063446f764c327876593246736147397a644339775a57357164574673595734766157356b5a586775634768774c324e3163335276625756794c3342686557316c626e527a4c324e76626d5a70636d303d223b5f5f4143544956455f53455353494f4e5f444154417c733a3235363a2231623065616534336562383764656263643530313861323765656638393138316562346161366233363635343163616266613032393464386365653836396538343432393233333731336539383730353532373362633034303739393031663031623966626666356536393632626238633861346533356462626466336335367051596e4e6144356b4756452f4f5948324c326456563077395a364d7868674253753263314e6d494347444d5843725a4235355738774e497067505a656b756859354e64345434585574316b53304b33634d527551736358654c69484c4a7a336b49574b5548794370464e5733385536565a65577a6c5a426e4f4456616c6248223b656469745f70726f647563745f666c6173687c733a32373a2250726f64756b20626572686173696c206469706572626172756921223b5f5f63695f766172737c613a313a7b733a31383a22656469745f70726f647563745f666c617368223b733a333a226f6c64223b7d),
('ttt2qcl55qnkl0h4qipq5qg72n89vuei', '::1', 1622725772, 0x5f5f63695f6c6173745f726567656e65726174657c693a313632323732353737323b7265646972656374696f6e7c733a38343a226148523063446f764c327876593246736147397a644339775a57357164574673595734766157356b5a586775634768774c324e3163335276625756794c3342686557316c626e527a4c324e76626d5a70636d303d223b5f5f4143544956455f53455353494f4e5f444154417c733a3235363a2231623065616534336562383764656263643530313861323765656638393138316562346161366233363635343163616266613032393464386365653836396538343432393233333731336539383730353532373362633034303739393031663031623966626666356536393632626238633861346533356462626466336335367051596e4e6144356b4756452f4f5948324c326456563077395a364d7868674253753263314e6d494347444d5843725a4235355738774e497067505a656b756859354e64345434585574316b53304b33634d527551736358654c69484c4a7a336b49574b5548794370464e5733385536565a65577a6c5a426e4f4456616c6248223b636172745f636f6e74656e74737c613a343a7b733a31303a22636172745f746f74616c223b643a36303030303b733a31313a22746f74616c5f6974656d73223b643a323b733a33323a226337346439376230316561653235376534346161396435626164653937626166223b613a363a7b733a323a226964223b733a323a223136223b733a333a22717479223b643a313b733a353a227072696365223b643a33353030303b733a343a226e616d65223b733a31393a2242524f4e495320434f4b4c4154204d454c4152223b733a353a22726f776964223b733a33323a226337346439376230316561653235376534346161396435626164653937626166223b733a383a22737562746f74616c223b643a33353030303b7d733a33323a223730656664663265633962303836303739373935633434323633366235356662223b613a363a7b733a323a226964223b733a323a223137223b733a333a22717479223b643a313b733a353a227072696365223b643a32353030303b733a343a226e616d65223b733a31353a2253414c414420425541482053555355223b733a353a22726f776964223b733a33323a223730656664663265633962303836303739373935633434323633366235356662223b733a383a22737562746f74616c223b643a32353030303b7d7d656469745f70726f647563745f666c6173687c733a32373a2250726f64756b20626572686173696c206469706572626172756921223b5f5f63695f766172737c613a313a7b733a31383a22656469745f70726f647563745f666c617368223b733a333a226f6c64223b7d),
('1uekrao4l09ihburoal10ar3rjmi04pa', '::1', 1622726312, 0x5f5f63695f6c6173745f726567656e65726174657c693a313632323732363331323b7265646972656374696f6e7c733a38343a226148523063446f764c327876593246736147397a644339775a57357164574673595734766157356b5a586775634768774c324e3163335276625756794c3342686557316c626e527a4c324e76626d5a70636d303d223b5f5f4143544956455f53455353494f4e5f444154417c733a3235363a2231623065616534336562383764656263643530313861323765656638393138316562346161366233363635343163616266613032393464386365653836396538343432393233333731336539383730353532373362633034303739393031663031623966626666356536393632626238633861346533356462626466336335367051596e4e6144356b4756452f4f5948324c326456563077395a364d7868674253753263314e6d494347444d5843725a4235355738774e497067505a656b756859354e64345434585574316b53304b33634d527551736358654c69484c4a7a336b49574b5548794370464e5733385536565a65577a6c5a426e4f4456616c6248223b636172745f636f6e74656e74737c613a343a7b733a31303a22636172745f746f74616c223b643a36303030303b733a31313a22746f74616c5f6974656d73223b643a323b733a33323a226337346439376230316561653235376534346161396435626164653937626166223b613a363a7b733a323a226964223b733a323a223136223b733a333a22717479223b643a313b733a353a227072696365223b643a33353030303b733a343a226e616d65223b733a31393a2242524f4e495320434f4b4c4154204d454c4152223b733a353a22726f776964223b733a33323a226337346439376230316561653235376534346161396435626164653937626166223b733a383a22737562746f74616c223b643a33353030303b7d733a33323a223730656664663265633962303836303739373935633434323633366235356662223b613a363a7b733a323a226964223b733a323a223137223b733a333a22717479223b643a313b733a353a227072696365223b643a32353030303b733a343a226e616d65223b733a31353a2253414c414420425541482053555355223b733a353a22726f776964223b733a33323a223730656664663265633962303836303739373935633434323633366235356662223b733a383a22737562746f74616c223b643a32353030303b7d7d),
('bhfmord83dc5upr8j25n50lniovd06k5', '::1', 1622726873, 0x5f5f63695f6c6173745f726567656e65726174657c693a313632323732363837333b7265646972656374696f6e7c733a38343a226148523063446f764c327876593246736147397a644339775a57357164574673595734766157356b5a586775634768774c324e3163335276625756794c3342686557316c626e527a4c324e76626d5a70636d303d223b5f5f4143544956455f53455353494f4e5f444154417c733a3235363a2231623065616534336562383764656263643530313861323765656638393138316562346161366233363635343163616266613032393464386365653836396538343432393233333731336539383730353532373362633034303739393031663031623966626666356536393632626238633861346533356462626466336335367051596e4e6144356b4756452f4f5948324c326456563077395a364d7868674253753263314e6d494347444d5843725a4235355738774e497067505a656b756859354e64345434585574316b53304b33634d527551736358654c69484c4a7a336b49574b5548794370464e5733385536565a65577a6c5a426e4f4456616c6248223b636172745f636f6e74656e74737c613a343a7b733a31303a22636172745f746f74616c223b643a36303030303b733a31313a22746f74616c5f6974656d73223b643a323b733a33323a226337346439376230316561653235376534346161396435626164653937626166223b613a363a7b733a323a226964223b733a323a223136223b733a333a22717479223b643a313b733a353a227072696365223b643a33353030303b733a343a226e616d65223b733a31393a2242524f4e495320434f4b4c4154204d454c4152223b733a353a22726f776964223b733a33323a226337346439376230316561653235376534346161396435626164653937626166223b733a383a22737562746f74616c223b643a33353030303b7d733a33323a223730656664663265633962303836303739373935633434323633366235356662223b613a363a7b733a323a226964223b733a323a223137223b733a333a22717479223b643a313b733a353a227072696365223b643a32353030303b733a343a226e616d65223b733a31353a2253414c414420425541482053555355223b733a353a22726f776964223b733a33323a223730656664663265633962303836303739373935633434323633366235356662223b733a383a22737562746f74616c223b643a32353030303b7d7d6164645f6e65775f70726f647563745f666c6173687c733a33333a2250726f64756b206261727520626572686173696c20646974616d6261686b616e21223b5f5f63695f766172737c613a313a7b733a32313a226164645f6e65775f70726f647563745f666c617368223b733a333a226f6c64223b7d);
INSERT INTO `ci_sessions` (`id`, `ip_address`, `timestamp`, `data`) VALUES
('uobikqbphdiu6b8op9r9ovir5i7jhcr2', '::1', 1622727225, 0x5f5f63695f6c6173745f726567656e65726174657c693a313632323732373232353b7265646972656374696f6e7c733a38343a226148523063446f764c327876593246736147397a644339775a57357164574673595734766157356b5a586775634768774c324e3163335276625756794c3342686557316c626e527a4c324e76626d5a70636d303d223b5f5f4143544956455f53455353494f4e5f444154417c733a3235363a2231623065616534336562383764656263643530313861323765656638393138316562346161366233363635343163616266613032393464386365653836396538343432393233333731336539383730353532373362633034303739393031663031623966626666356536393632626238633861346533356462626466336335367051596e4e6144356b4756452f4f5948324c326456563077395a364d7868674253753263314e6d494347444d5843725a4235355738774e497067505a656b756859354e64345434585574316b53304b33634d527551736358654c69484c4a7a336b49574b5548794370464e5733385536565a65577a6c5a426e4f4456616c6248223b636172745f636f6e74656e74737c613a343a7b733a31303a22636172745f746f74616c223b643a36303030303b733a31313a22746f74616c5f6974656d73223b643a323b733a33323a226337346439376230316561653235376534346161396435626164653937626166223b613a363a7b733a323a226964223b733a323a223136223b733a333a22717479223b643a313b733a353a227072696365223b643a33353030303b733a343a226e616d65223b733a31393a2242524f4e495320434f4b4c4154204d454c4152223b733a353a22726f776964223b733a33323a226337346439376230316561653235376534346161396435626164653937626166223b733a383a22737562746f74616c223b643a33353030303b7d733a33323a223730656664663265633962303836303739373935633434323633366235356662223b613a363a7b733a323a226964223b733a323a223137223b733a333a22717479223b643a313b733a353a227072696365223b643a32353030303b733a343a226e616d65223b733a31353a2253414c414420425541482053555355223b733a353a22726f776964223b733a33323a223730656664663265633962303836303739373935633434323633366235356662223b733a383a22737562746f74616c223b643a32353030303b7d7d),
('89t0f8ai8h6o5lato0td1ersp71fir96', '::1', 1622727661, 0x5f5f63695f6c6173745f726567656e65726174657c693a313632323732373636313b7265646972656374696f6e7c733a38343a226148523063446f764c327876593246736147397a644339775a57357164574673595734766157356b5a586775634768774c324e3163335276625756794c3342686557316c626e527a4c324e76626d5a70636d303d223b5f5f4143544956455f53455353494f4e5f444154417c733a3235363a2231623065616534336562383764656263643530313861323765656638393138316562346161366233363635343163616266613032393464386365653836396538343432393233333731336539383730353532373362633034303739393031663031623966626666356536393632626238633861346533356462626466336335367051596e4e6144356b4756452f4f5948324c326456563077395a364d7868674253753263314e6d494347444d5843725a4235355738774e497067505a656b756859354e64345434585574316b53304b33634d527551736358654c69484c4a7a336b49574b5548794370464e5733385536565a65577a6c5a426e4f4456616c6248223b636172745f636f6e74656e74737c613a343a7b733a31303a22636172745f746f74616c223b643a36303030303b733a31313a22746f74616c5f6974656d73223b643a323b733a33323a226337346439376230316561653235376534346161396435626164653937626166223b613a363a7b733a323a226964223b733a323a223136223b733a333a22717479223b643a313b733a353a227072696365223b643a33353030303b733a343a226e616d65223b733a31393a2242524f4e495320434f4b4c4154204d454c4152223b733a353a22726f776964223b733a33323a226337346439376230316561653235376534346161396435626164653937626166223b733a383a22737562746f74616c223b643a33353030303b7d733a33323a223730656664663265633962303836303739373935633434323633366235356662223b613a363a7b733a323a226964223b733a323a223137223b733a333a22717479223b643a313b733a353a227072696365223b643a32353030303b733a343a226e616d65223b733a31353a2253414c414420425541482053555355223b733a353a22726f776964223b733a33323a223730656664663265633962303836303739373935633434323633366235356662223b733a383a22737562746f74616c223b643a32353030303b7d7d),
('q87otbo1n2nlmt12idaeoj54tm7ksdpb', '::1', 1622728026, 0x5f5f63695f6c6173745f726567656e65726174657c693a313632323732383032363b7265646972656374696f6e7c733a38343a226148523063446f764c327876593246736147397a644339775a57357164574673595734766157356b5a586775634768774c324e3163335276625756794c3342686557316c626e527a4c324e76626d5a70636d303d223b5f5f4143544956455f53455353494f4e5f444154417c733a3235363a2231623065616534336562383764656263643530313861323765656638393138316562346161366233363635343163616266613032393464386365653836396538343432393233333731336539383730353532373362633034303739393031663031623966626666356536393632626238633861346533356462626466336335367051596e4e6144356b4756452f4f5948324c326456563077395a364d7868674253753263314e6d494347444d5843725a4235355738774e497067505a656b756859354e64345434585574316b53304b33634d527551736358654c69484c4a7a336b49574b5548794370464e5733385536565a65577a6c5a426e4f4456616c6248223b636172745f636f6e74656e74737c613a343a7b733a31303a22636172745f746f74616c223b643a36303030303b733a31313a22746f74616c5f6974656d73223b643a323b733a33323a226337346439376230316561653235376534346161396435626164653937626166223b613a363a7b733a323a226964223b733a323a223136223b733a333a22717479223b643a313b733a353a227072696365223b643a33353030303b733a343a226e616d65223b733a31393a2242524f4e495320434f4b4c4154204d454c4152223b733a353a22726f776964223b733a33323a226337346439376230316561653235376534346161396435626164653937626166223b733a383a22737562746f74616c223b643a33353030303b7d733a33323a223730656664663265633962303836303739373935633434323633366235356662223b613a363a7b733a323a226964223b733a323a223137223b733a333a22717479223b643a313b733a353a227072696365223b643a32353030303b733a343a226e616d65223b733a31353a2253414c414420425541482053555355223b733a353a22726f776964223b733a33323a223730656664663265633962303836303739373935633434323633366235356662223b733a383a22737562746f74616c223b643a32353030303b7d7d),
('cmsfv4kc5bnbh5k55kejd4aqkbufl2nt', '::1', 1622728261, 0x5f5f63695f6c6173745f726567656e65726174657c693a313632323732383032363b7265646972656374696f6e7c4e3b636172745f636f6e74656e74737c613a343a7b733a31303a22636172745f746f74616c223b643a36303030303b733a31313a22746f74616c5f6974656d73223b643a323b733a33323a226337346439376230316561653235376534346161396435626164653937626166223b613a363a7b733a323a226964223b733a323a223136223b733a333a22717479223b643a313b733a353a227072696365223b643a33353030303b733a343a226e616d65223b733a31393a2242524f4e495320434f4b4c4154204d454c4152223b733a353a22726f776964223b733a33323a226337346439376230316561653235376534346161396435626164653937626166223b733a383a22737562746f74616c223b643a33353030303b7d733a33323a223730656664663265633962303836303739373935633434323633366235356662223b613a363a7b733a323a226964223b733a323a223137223b733a333a22717479223b643a313b733a353a227072696365223b643a32353030303b733a343a226e616d65223b733a31353a2253414c414420425541482053555355223b733a353a22726f776964223b733a33323a223730656664663265633962303836303739373935633434323633366235356662223b733a383a22737562746f74616c223b643a32353030303b7d7d),
('95677uuumd4jb234ipnsqqbfkbr3au8a', '::1', 1622729679, 0x5f5f63695f6c6173745f726567656e65726174657c693a313632323732393637393b7265646972656374696f6e7c4e3b5f5f4143544956455f53455353494f4e5f444154417c733a3235363a226533633930386632313736333964613739363534333362313738613962356465633432386139313261633738626135316535313831313636613161643937613032326635396363373632653430393437343066653664336361643839323037306235313137656332353566393631333131646139343231656530663737306234444d59473134326837353946634b3732544978597a4572583363577338494d59625a5555344d4a56557731476b48663173483458427556456f5463783262782b47712f7a4d424365707750716574717a4f6d614b68705346557a5747504f656d497271314f42534e7653706b306331774c4a7075515252456f73616542723179223b),
('4n5d60lqpae3u55c5vgbbpuh6k4b91l3', '::1', 1622730003, 0x5f5f63695f6c6173745f726567656e65726174657c693a313632323733303030333b7265646972656374696f6e7c4e3b5f5f4143544956455f53455353494f4e5f444154417c733a3235363a226533633930386632313736333964613739363534333362313738613962356465633432386139313261633738626135316535313831313636613161643937613032326635396363373632653430393437343066653664336361643839323037306235313137656332353566393631333131646139343231656530663737306234444d59473134326837353946634b3732544978597a4572583363577338494d59625a5555344d4a56557731476b48663173483458427556456f5463783262782b47712f7a4d424365707750716574717a4f6d614b68705346557a5747504f656d497271314f42534e7653706b306331774c4a7075515252456f73616542723179223b),
('5nboc66lqssuq9dm1m1nm51lm6fbjhvs', '::1', 1622730386, 0x5f5f63695f6c6173745f726567656e65726174657c693a313632323733303338363b7265646972656374696f6e7c4e3b5f5f4143544956455f53455353494f4e5f444154417c733a3235363a226533633930386632313736333964613739363534333362313738613962356465633432386139313261633738626135316535313831313636613161643937613032326635396363373632653430393437343066653664336361643839323037306235313137656332353566393631333131646139343231656530663737306234444d59473134326837353946634b3732544978597a4572583363577338494d59625a5555344d4a56557731476b48663173483458427556456f5463783262782b47712f7a4d424365707750716574717a4f6d614b68705346557a5747504f656d497271314f42534e7653706b306331774c4a7075515252456f73616542723179223b),
('i2ktofqtg29bmtc4m6e2pldafulmt7le', '::1', 1622730701, 0x5f5f63695f6c6173745f726567656e65726174657c693a313632323733303730313b7265646972656374696f6e7c4e3b5f5f4143544956455f53455353494f4e5f444154417c733a3235363a226533633930386632313736333964613739363534333362313738613962356465633432386139313261633738626135316535313831313636613161643937613032326635396363373632653430393437343066653664336361643839323037306235313137656332353566393631333131646139343231656530663737306234444d59473134326837353946634b3732544978597a4572583363577338494d59625a5555344d4a56557731476b48663173483458427556456f5463783262782b47712f7a4d424365707750716574717a4f6d614b68705346557a5747504f656d497271314f42534e7653706b306331774c4a7075515252456f73616542723179223b),
('oc68u8ba8ofce83rpkv0i6bi7lgbk8hv', '::1', 1622731013, 0x5f5f63695f6c6173745f726567656e65726174657c693a313632323733313031333b7265646972656374696f6e7c4e3b),
('212o901hjng5hvg9pvaaug1atq5d1enb', '::1', 1622731401, 0x5f5f63695f6c6173745f726567656e65726174657c693a313632323733313430313b7265646972656374696f6e7c733a36383a226148523063446f764c327876593246736147397a644339775a57357164574673595734766157356b5a586775634768774c32466b62576c754c334a6c646d6c6c64334d3d223b636172745f636f6e74656e74737c613a333a7b733a31303a22636172745f746f74616c223b643a37303030303b733a31313a22746f74616c5f6974656d73223b643a323b733a33323a226337346439376230316561653235376534346161396435626164653937626166223b613a363a7b733a323a226964223b733a323a223136223b733a333a22717479223b643a323b733a353a227072696365223b643a33353030303b733a343a226e616d65223b733a31393a2242524f4e495320434f4b4c4154204d454c4152223b733a353a22726f776964223b733a33323a226337346439376230316561653235376534346161396435626164653937626166223b733a383a22737562746f74616c223b643a37303030303b7d7d),
('n88cgtgvmlc1pooftml8c4ql7ino79i1', '::1', 1622731705, 0x5f5f63695f6c6173745f726567656e65726174657c693a313632323733313730353b7265646972656374696f6e7c733a36383a226148523063446f764c327876593246736147397a644339775a57357164574673595734766157356b5a586775634768774c32466b62576c754c334a6c646d6c6c64334d3d223b636172745f636f6e74656e74737c613a333a7b733a31303a22636172745f746f74616c223b643a37303030303b733a31313a22746f74616c5f6974656d73223b643a323b733a33323a226337346439376230316561653235376534346161396435626164653937626166223b613a363a7b733a323a226964223b733a323a223136223b733a333a22717479223b643a323b733a353a227072696365223b643a33353030303b733a343a226e616d65223b733a31393a2242524f4e495320434f4b4c4154204d454c4152223b733a353a22726f776964223b733a33323a226337346439376230316561653235376534346161396435626164653937626166223b733a383a22737562746f74616c223b643a37303030303b7d7d),
('1d3hb63dj4f0hr6j5tf0oc6t537qdnr2', '::1', 1622731899, 0x5f5f63695f6c6173745f726567656e65726174657c693a313632323733313730353b7265646972656374696f6e7c733a36383a226148523063446f764c327876593246736147397a644339775a57357164574673595734766157356b5a586775634768774c32466b62576c754c334a6c646d6c6c64334d3d223b636172745f636f6e74656e74737c613a333a7b733a31303a22636172745f746f74616c223b643a37303030303b733a31313a22746f74616c5f6974656d73223b643a323b733a33323a226337346439376230316561653235376534346161396435626164653937626166223b613a363a7b733a323a226964223b733a323a223136223b733a333a22717479223b643a323b733a353a227072696365223b643a33353030303b733a343a226e616d65223b733a31393a2242524f4e495320434f4b4c4154204d454c4152223b733a353a22726f776964223b733a33323a226337346439376230316561653235376534346161396435626164653937626166223b733a383a22737562746f74616c223b643a37303030303b7d7d),
('qftheb28ol0f76mgok3ovf7gg7tiplec', '::1', 1622732237, 0x5f5f63695f6c6173745f726567656e65726174657c693a313632323733323034333b7265646972656374696f6e7c4e3b),
('1bfek16jpchvcr3rou84f08idnp8d92m', '::1', 1622743765, 0x5f5f63695f6c6173745f726567656e65726174657c693a313632323734333736353b),
('ebeleka7gq16l98ipdralmubhcm3to4i', '::1', 1622744127, 0x5f5f63695f6c6173745f726567656e65726174657c693a313632323734343132373b),
('vfljfc479p4bspioltid31o7rdpc1qhd', '::1', 1622744437, 0x5f5f63695f6c6173745f726567656e65726174657c693a313632323734343433373b7265646972656374696f6e7c733a38343a226148523063446f764c327876593246736147397a644339775a57357164574673595734766157356b5a586775634768774c324e3163335276625756794c3342686557316c626e527a4c324e76626d5a70636d303d223b),
('c7ig4cu3a2ivjvpviv231jkl4f43fvv1', '::1', 1622744741, 0x5f5f63695f6c6173745f726567656e65726174657c693a313632323734343734313b7265646972656374696f6e7c4e3b5f5f4143544956455f53455353494f4e5f444154417c733a3235363a223965326263336566636163333532656635316530326232303230613830646462303237633934626464643333353466333831643538363264326434306562643637303938376336633261303137333038396331323033613735373266623362613832363833363932663232383461363630356633363361393436393935313363696f435635444439323877666268364558546e797455666e6b502f6f676d3752507038787258524c6447463737546e656f6353562f634479323346523372546e4c3953613246457a6f7854716d4b7775694c376a416e4c644e68384f74735879436f5076542f517059583569732f3467416a6a3054504234724e457469497541223b656469745f70726f647563745f666c6173687c733a32373a2250726f64756b20626572686173696c206469706572626172756921223b5f5f63695f766172737c613a313a7b733a31383a22656469745f70726f647563745f666c617368223b733a333a226f6c64223b7d),
('7shrb30bn3v4rg0o0j71ap1193n9cb52', '::1', 1622745109, 0x5f5f63695f6c6173745f726567656e65726174657c693a313632323734353130393b7265646972656374696f6e7c4e3b5f5f4143544956455f53455353494f4e5f444154417c733a3235363a223965326263336566636163333532656635316530326232303230613830646462303237633934626464643333353466333831643538363264326434306562643637303938376336633261303137333038396331323033613735373266623362613832363833363932663232383461363630356633363361393436393935313363696f435635444439323877666268364558546e797455666e6b502f6f676d3752507038787258524c6447463737546e656f6353562f634479323346523372546e4c3953613246457a6f7854716d4b7775694c376a416e4c644e68384f74735879436f5076542f517059583569732f3467416a6a3054504234724e457469497541223b),
('egg1a9kgoaihp790faakg38c05j5v5th', '::1', 1622745332, 0x5f5f63695f6c6173745f726567656e65726174657c693a313632323734353130393b7265646972656374696f6e7c4e3b5f5f4143544956455f53455353494f4e5f444154417c733a3235363a223965326263336566636163333532656635316530326232303230613830646462303237633934626464643333353466333831643538363264326434306562643637303938376336633261303137333038396331323033613735373266623362613832363833363932663232383461363630356633363361393436393935313363696f435635444439323877666268364558546e797455666e6b502f6f676d3752507038787258524c6447463737546e656f6353562f634479323346523372546e4c3953613246457a6f7854716d4b7775694c376a416e4c644e68384f74735879436f5076542f517059583569732f3467416a6a3054504234724e457469497541223b),
('bm93ojgb77jo6kgb3hnolj89hata6uht', '::1', 1622748857, 0x5f5f63695f6c6173745f726567656e65726174657c693a313632323734383835373b5f5f4143544956455f53455353494f4e5f444154417c733a3235363a223532376435643765376131393431303565336630306333396162663632373963336261336166373865306534613161663635333931363630663832383964333565373164303162366639666634333363363438633938643531323537396162643430316164613664333564663561353039333061356533623662303431373839344d694666434d346f684f596d4762554f484173345979364b4e68325474576a447935654a625835416d675a5a774b4d466b346a3455415a5a643438706e6f7371335a3379437833414574462b5034425972452f446e615a4157787369516c74445950307a64706b6359716c6436687a6f433072363168714250464867483866223b7265646972656374696f6e7c733a37323a226148523063446f764c327876593246736147397a644339775a57357164574673595734766157356b5a586775634768774c324e3163335276625756794c33427962325a706247553d223b),
('povpc640464nj4k2f3md42p8vqu5js10', '::1', 1622749158, 0x5f5f63695f6c6173745f726567656e65726174657c693a313632323734393135383b7265646972656374696f6e7c4e3b6c6f67696e5f666c6173687c733a31363a22426572686173696c206c6f676f757421223b5f5f63695f766172737c613a313a7b733a31313a226c6f67696e5f666c617368223b733a333a226f6c64223b7d),
('amkeusge8ojjd6sfafpmkljdm6enenmd', '::1', 1622749459, 0x5f5f63695f6c6173745f726567656e65726174657c693a313632323734393435393b7265646972656374696f6e7c733a36383a226148523063446f764c327876593246736147397a644339775a57357164574673595734766157356b5a586775634768774c32466b62576c754c334a6c646d6c6c64334d3d223b),
('7h2mc7jr1jv26b4iqkm4patji0bvfhoj', '::1', 1622749783, 0x5f5f63695f6c6173745f726567656e65726174657c693a313632323734393738333b7265646972656374696f6e7c733a36383a226148523063446f764c327876593246736147397a644339775a57357164574673595734766157356b5a586775634768774c32466b62576c754c334a6c646d6c6c64334d3d223b5f5f4143544956455f53455353494f4e5f444154417c733a3235363a22396563643637313863356533346662613831663031646239383931316462616162653565393461626334656438663337613535353864336264613364396435643430623036373566346238363534393463343739323265646233376664656533383532333231353663616139666434373138353462393162636566303064636179476e30497475765470645775727578304c7a2f645179334e537a783979417952577364764f784777704f30424f7744554b574d2f4a42324b427166384c31714e44495779762f584f54365076316e78316c59654d764977746f54786e4b655255683770574a48526b46386f5977767368656d62566b5141624d51495a334a73223b),
('0h8p9dtu2498ni3eu9jngnqorroaktm2', '::1', 1622750090, 0x5f5f63695f6c6173745f726567656e65726174657c693a313632323735303039303b7265646972656374696f6e7c4e3b5f5f4143544956455f53455353494f4e5f444154417c733a3235363a223734663964663263313561336636663835646638383332313237306566646366613333393765636533303131353035393762343162326336323465313865343937333832393864373862383031303434633535383935343036353730306530666564323638303765346537366461393661643264636635383866313638373231684d4b564338504d32765051685844673235386158754c542f4e41664c77376a7a2f5a4c6d506d663670464e494639415175364b365a322f72554a544962414148584e4431344d675830536d577166775a41414774424374774d386f726d2b6c325668422b567264625634655a573558512f774459595743377738764b635a66223b),
('rjgkv4t69ss4i1edcrtfvk4v6b4fmd29', '::1', 1622750396, 0x5f5f63695f6c6173745f726567656e65726174657c693a313632323735303339363b7265646972656374696f6e7c4e3b5f5f4143544956455f53455353494f4e5f444154417c733a3235363a22626262343639383238663536623033633632326563396432633832333466633961386264653061376233633234306464343862336432373463333039336566666230383666333430663461373361623662346234333334616438343232303638376266366531393535613239653839353430353037383732326337656134316671724874535a76496d477455736d427a635430585643644d4336487564736f7a6d675a686771554d4651374b4c5672453774566e5038786b7072374f777a496c616f36737265585436595a3663384c594b374868743537346f5773706350673539754771316f723276487735796f375a3743443165525a4a704a507a654c654b223b),
('6j85769fct0j2uk636koo8s63s63f6nd', '::1', 1622750726, 0x5f5f63695f6c6173745f726567656e65726174657c693a313632323735303732363b7265646972656374696f6e7c4e3b5f5f4143544956455f53455353494f4e5f444154417c733a3235363a2231666263663862343131613739396231663136333264653464383063343138373838653964623161653832303564323665343937666232333961333562636431393563313564363662633635626536376636313133363566353337336238376162396538353937323330306135313638356466623765313162626138346333376a3535394d316855516c4f2b77577168544272673977764d5730457a626f45523345374d51416450473557475457723148432b664f393763443951617a64653132566e45363339435074777366585444523262694b445161674237626469422f316f527a634d3732446156715654654e466f48327133414a4c35683467447a58223b),
('o9civasocqpujmibl4id3pp7f9sojmqj', '::1', 1622751030, 0x5f5f63695f6c6173745f726567656e65726174657c693a313632323735313033303b7265646972656374696f6e7c4e3b636172745f636f6e74656e74737c613a333a7b733a31303a22636172745f746f74616c223b643a32303030303b733a31313a22746f74616c5f6974656d73223b643a313b733a33323a223730656664663265633962303836303739373935633434323633366235356662223b613a363a7b733a323a226964223b733a323a223137223b733a333a22717479223b643a313b733a353a227072696365223b643a32303030303b733a343a226e616d65223b733a31353a2253414c414420425541482053555355223b733a353a22726f776964223b733a33323a223730656664663265633962303836303739373935633434323633366235356662223b733a383a22737562746f74616c223b643a32303030303b7d7d),
('padbr9kg36tc3tk0pls11iudl3tks9og', '::1', 1622751341, 0x5f5f63695f6c6173745f726567656e65726174657c693a313632323735313334313b7265646972656374696f6e7c4e3b5f5f4143544956455f53455353494f4e5f444154417c733a3235363a22383666663065663966353364623737623464623065393237636433333434616539656532633663636639356266353138383130366432386163303539393537313738613538333962663330623337306236653233663438633666396337663632373136633262393138626466376331633264646336643634376661386436643076707a69676767304f7544736351494a53724177466b33423434465a49785351692f6a4c4c777834346d61396a53355a6342554c6d417977474d6d376e353775585667713872714c4743554b477871424d6969366d7844496c39394673587272506c5454794e746346364f734255354e685249684e62576b344d35477a704e74223b),
('u369qrptsnoprh8memonapgfr0ld8vqa', '::1', 1622751514, 0x5f5f63695f6c6173745f726567656e65726174657c693a313632323735313334313b7265646972656374696f6e7c4e3b6c6f67696e5f666c6173687c733a31363a22426572686173696c206c6f676f757421223b5f5f63695f766172737c613a313a7b733a31313a226c6f67696e5f666c617368223b733a333a226f6c64223b7d),
('buecogq09iriub6u0mu7gme1mss74m41', '::1', 1622752580, 0x5f5f63695f6c6173745f726567656e65726174657c693a313632323735323430343b7265646972656374696f6e7c4e3b5f5f4143544956455f53455353494f4e5f444154417c733a3235363a223735663130616334633130393235636237336639363662653563303034666431626266393365623238393237383837303839396462383666623662373364373466633865353632363135313265333432373732393266376166613665333134333166363438623863313363363430363934336134643436313830396533313932773752394872764462714c576773706250766a6c6c71614d436759397535423747534a6b45505677563373697943383058376e4b63396955364c6a4a475636634130644a43455355787349597a524b686b6e32334566342b464e2f4e6f43414d53566262436a4e47586e586e4b6d76653075635566325a3964416d6b64334e68223b),
('f7ehlmbarapn6khihjcet09phvjk6347', '::1', 1622753403, 0x5f5f63695f6c6173745f726567656e65726174657c693a313632323735333430333b7265646972656374696f6e7c733a38383a226148523063446f764c327876593246736147397a64433955543074505830524a55314e46556c51766157356b5a586775634768774c324e3163335276625756794c3342686557316c626e527a4c324e76626d5a70636d303d223b5f5f4143544956455f53455353494f4e5f444154417c733a3235363a2262346530653035623435356361303261643134666266346535626464393139343566393561613965613165656535616463306433396633393934303866313933616231613864336362326232626439373133613964346534313639366237613136313562316331376537343035346162303061616365633831653430306565616c6938624c632f333179356e4a363453486472664b4d374f54726f564b5342634c56327873425a663768726d4b5752614c346a7355334c6a426a2b2b7a346b446b59746235584a49624d763072314e4c5141544e6d7a476866546d714a6d4d6b374b4b664946387542576b79772b6562545153396449764c7052315965444c55223b73746f72655f666c6173687c733a32363a2250656e646166746172616e20616b756e20626572686173696c21223b5f5f63695f766172737c613a313a7b733a31313a2273746f72655f666c617368223b733a333a226f6c64223b7d),
('cm3fmdccsjfb19tik9eogh2mehlfhed2', '::1', 1622753720, 0x5f5f63695f6c6173745f726567656e65726174657c693a313632323735333732303b7265646972656374696f6e7c4e3b5f5f4143544956455f53455353494f4e5f444154417c733a3235363a22663636303333643962343735316236333461336366383431316533613430316161636165616266333363373037653161313865313832313837613434616339633530646539653462663862656139343137316664323437323638383236346562636431663131323239336666373336633730383130356135396535303131353844617a4b34666c4e513176504a37524966343973736869466e6652367336745a39307a496e326145574b673977496856456c38564b50477257694242763278336e3739786e306432594f4b6477666c3863774544584851647174414e476a2f74484f4b5750686b466a574b3167552b58536361574a73784c70526656624c2b36223b),
('am60tcnscbq3ordo81b1vff8kl6jpub6', '::1', 1622753971, 0x5f5f63695f6c6173745f726567656e65726174657c693a313632323735333732303b7265646972656374696f6e7c4e3b6c6f67696e5f666c6173687c733a31363a22426572686173696c206c6f676f757421223b5f5f63695f766172737c613a313a7b733a31313a226c6f67696e5f666c617368223b733a333a226f6c64223b7d),
('t5la266k30mt0m5ulgsiacl425bcmqm0', '::1', 1623111135, 0x5f5f63695f6c6173745f726567656e65726174657c693a313632333131303939303b);

-- --------------------------------------------------------

--
-- Struktur dari tabel `contacts`
--

CREATE TABLE `contacts` (
  `id` int(10) NOT NULL,
  `parent_id` int(10) DEFAULT NULL,
  `name` varchar(32) NOT NULL,
  `subject` varchar(128) DEFAULT NULL,
  `email` varchar(64) NOT NULL,
  `message` mediumtext NOT NULL,
  `contact_date` datetime DEFAULT NULL,
  `status` tinyint(1) DEFAULT 1,
  `reply_at` datetime DEFAULT NULL
) ENGINE=InnoDB DEFAULT CHARSET=utf8mb4;

-- --------------------------------------------------------

--
-- Struktur dari tabel `coupons`
--

CREATE TABLE `coupons` (
  `id` bigint(20) NOT NULL,
  `name` varchar(191) NOT NULL,
  `code` varchar(32) NOT NULL,
  `credit` decimal(8,2) NOT NULL,
  `start_date` date NOT NULL,
  `expired_date` date NOT NULL,
  `is_active` tinyint(4) DEFAULT 1
) ENGINE=InnoDB DEFAULT CHARSET=utf8mb4;

--
-- Dumping data untuk tabel `coupons`
--

INSERT INTO `coupons` (`id`, `name`, `code`, `credit`, `start_date`, `expired_date`, `is_active`) VALUES
(6, 'ULANG TAHUN TANIA', 'tania22', '5000.00', '2021-06-03', '2021-07-03', 1);

-- --------------------------------------------------------

--
-- Struktur dari tabel `customers`
--

CREATE TABLE `customers` (
  `id` bigint(20) NOT NULL,
  `user_id` bigint(20) UNSIGNED DEFAULT NULL,
  `name` varchar(191) NOT NULL,
  `phone_number` varchar(32) DEFAULT NULL,
  `address` varchar(191) NOT NULL,
  `profile_picture` varchar(191) DEFAULT NULL
) ENGINE=InnoDB DEFAULT CHARSET=utf8mb4;

--
-- Dumping data untuk tabel `customers`
--

INSERT INTO `customers` (`id`, `user_id`, `name`, `phone_number`, `address`, `profile_picture`) VALUES
(10, 12, 'admin', '085282963015', 'taman kopasus', NULL),
(12, 14, 'TANIA PURBASARI1', '90-3917317332', 'KOPASUS', NULL);

-- --------------------------------------------------------

--
-- Struktur dari tabel `orders`
--

CREATE TABLE `orders` (
  `id` bigint(20) NOT NULL,
  `user_id` bigint(20) UNSIGNED DEFAULT NULL,
  `coupon_id` bigint(20) DEFAULT NULL,
  `order_number` varchar(16) NOT NULL,
  `order_status` enum('1','2','3','4','5') DEFAULT '1',
  `order_date` datetime NOT NULL,
  `total_price` decimal(8,2) DEFAULT NULL,
  `total_items` int(10) DEFAULT NULL,
  `payment_method` int(11) DEFAULT 1,
  `delivery_data` text DEFAULT NULL,
  `delivered_date` datetime DEFAULT NULL,
  `finish_date` datetime DEFAULT NULL
) ENGINE=InnoDB DEFAULT CHARSET=utf8mb4;

--
-- Dumping data untuk tabel `orders`
--

INSERT INTO `orders` (`id`, `user_id`, `coupon_id`, `order_number`, `order_status`, `order_date`, `total_price`, `total_items`, `payment_method`, `delivery_data`, `delivered_date`, `finish_date`) VALUES
(13, 13, 6, 'IJX36212136918', '3', '2021-06-03 22:13:16', '50000.00', 2, 1, '{\"customer\":{\"name\":\"TANIA PURBASARI\",\"phone_number\":\"087773234561\",\"address\":\"taman kopasus\"},\"note\":\"\"}', NULL, NULL),
(14, 14, 6, 'ACR36212146136', '2', '2021-06-03 22:52:18', '42000.00', 2, 1, '{\"customer\":{\"name\":\"TANIA PURBASARI1\",\"phone_number\":\"90-3917317332\",\"address\":\"KOPASUS\"},\"note\":\"KIRIM HARU INI YAH OM\"}', NULL, NULL);

-- --------------------------------------------------------

--
-- Struktur dari tabel `order_items`
--

CREATE TABLE `order_items` (
  `id` bigint(20) NOT NULL,
  `order_id` bigint(20) DEFAULT NULL,
  `product_id` bigint(20) DEFAULT NULL,
  `order_qty` int(10) NOT NULL,
  `order_price` decimal(8,2) DEFAULT NULL
) ENGINE=InnoDB DEFAULT CHARSET=utf8mb4;

--
-- Dumping data untuk tabel `order_items`
--

INSERT INTO `order_items` (`id`, `order_id`, `product_id`, `order_qty`, `order_price`) VALUES
(21, 13, 17, 1, '20000.00'),
(22, 13, 21, 1, '35000.00'),
(23, 14, 20, 1, '18000.00'),
(24, 14, 23, 1, '29000.00');

-- --------------------------------------------------------

--
-- Struktur dari tabel `payments`
--

CREATE TABLE `payments` (
  `id` bigint(20) NOT NULL,
  `order_id` bigint(20) DEFAULT NULL,
  `payment_price` decimal(8,2) DEFAULT NULL,
  `payment_date` datetime NOT NULL,
  `picture_name` varchar(191) DEFAULT NULL,
  `payment_status` enum('1','2','3') DEFAULT '1',
  `confirmed_date` datetime DEFAULT NULL,
  `payment_data` text DEFAULT NULL
) ENGINE=InnoDB DEFAULT CHARSET=utf8mb4;

--
-- Dumping data untuk tabel `payments`
--

INSERT INTO `payments` (`id`, `order_id`, `payment_price`, `payment_date`, `picture_name`, `payment_status`, `confirmed_date`, `payment_data`) VALUES
(4, 5, '271000.00', '2020-03-29 08:20:39', 'category-1.jpg', '1', NULL, '{\"transfer_to\":\"bri\",\"source\":{\"bank\":\"Bank BRI\",\"name\":\"Agung Tri Saputra\",\"number\":\"12-345-678-9\"}}'),
(5, 7, '78000.00', '2020-03-30 08:51:08', 'html5.jpg', '2', NULL, '{\"transfer_to\":\"btn\",\"source\":{\"bank\":\"BANK BCA\",\"name\":\"MMS\",\"number\":\"123-456\"}}'),
(6, 11, '130000.00', '2021-05-04 10:39:11', 'REAKSI_ARTILERI-removebg-preview.png', '1', NULL, '{\"transfer_to\":\"bank-jago-xx\",\"source\":{\"bank\":\"we\",\"name\":\"ddf\",\"number\":\"123\"}}'),
(8, 13, '50000.00', '2021-06-03 22:15:41', '3.png', '2', NULL, '{\"transfer_to\":\"bank-bri\",\"source\":{\"bank\":\"BCA\",\"name\":\"TANIA PURBASARI\",\"number\":\"257635236722\"}}'),
(9, 14, '42000.00', '2021-06-03 22:54:24', '31.png', '2', NULL, '{\"transfer_to\":\"bank-bri\",\"source\":{\"bank\":\"BCA\",\"name\":\"TANIA\",\"number\":\"39168389130\"}}');

-- --------------------------------------------------------

--
-- Struktur dari tabel `products`
--

CREATE TABLE `products` (
  `id` bigint(20) NOT NULL,
  `category_id` int(10) DEFAULT NULL,
  `sku` varchar(32) DEFAULT NULL,
  `name` varchar(191) NOT NULL,
  `description` varchar(191) DEFAULT NULL,
  `picture_name` varchar(191) DEFAULT NULL,
  `price` decimal(8,2) NOT NULL,
  `current_discount` decimal(8,2) DEFAULT 0.00,
  `stock` int(10) NOT NULL,
  `product_unit` varchar(32) DEFAULT NULL,
  `is_available` tinyint(1) DEFAULT 1,
  `add_date` datetime DEFAULT NULL
) ENGINE=InnoDB DEFAULT CHARSET=utf8mb4;

--
-- Dumping data untuk tabel `products`
--

INSERT INTO `products` (`id`, `category_id`, `sku`, `name`, `description`, `picture_name`, `price`, `current_discount`, `stock`, `product_unit`, `is_available`, `add_date`) VALUES
(16, 11, 'BMS610577', 'BRONIS COKLAT MELAR', NULL, 'bg_71.jpg', '35000.00', '15.00', 21, '35000', 1, '2021-06-03 08:09:37'),
(17, 10, 'SBSS220754', 'SALAD BUAH SUSU', NULL, 'bg_9.jpg', '25000.00', '5000.00', 20, '25000', 1, '2021-06-03 08:12:34'),
(18, 10, 'EJ620795', 'SALAD CREAM STOBERRY', NULL, 'bg_10.jpg', '25000.00', '2000.00', 17, '25000', 1, '2021-06-03 08:13:15'),
(19, 9, 'PJCDP120313', 'PUDING   JELLY  CUSTURD DH22', NULL, 'bg_13.jpeg', '15000.00', '0.00', 20, '15000', 1, '2021-06-03 15:18:32'),
(20, 12, 'EKMEK110612', 'ES KRIM MANGGA', NULL, 'bg_14.jpeg', '18000.00', '0.00', 10, '18000', 1, '2021-06-03 15:23:32'),
(21, 11, 'BBICCK330873', 'BRONES BOTTOMED  ICE CRAM CAKE', NULL, 'bg_14.jpg', '35000.00', '0.00', 30, '35000', 1, '2021-06-03 15:27:53'),
(22, 12, 'ICOIC212151', 'ICE CREM OREO', NULL, 'bg_151.jpg', '28000.00', '0.00', 12, '28000', 1, '2021-06-03 15:32:31'),
(23, 9, 'PCSKP212730', 'PUDING COKLAT SUSU KENTAL', NULL, '3.jpg', '29000.00', '0.00', 12, '29000', 1, '2021-06-03 15:42:10');

-- --------------------------------------------------------

--
-- Struktur dari tabel `product_category`
--

CREATE TABLE `product_category` (
  `id` int(10) NOT NULL,
  `name` varchar(191) NOT NULL
) ENGINE=InnoDB DEFAULT CHARSET=utf8mb4;

--
-- Dumping data untuk tabel `product_category`
--

INSERT INTO `product_category` (`id`, `name`) VALUES
(9, 'PUDING'),
(10, 'SALAD'),
(11, 'KUEE'),
(12, 'ICE CREM');

-- --------------------------------------------------------

--
-- Struktur dari tabel `reviews`
--

CREATE TABLE `reviews` (
  `id` bigint(20) NOT NULL,
  `user_id` bigint(20) UNSIGNED DEFAULT NULL,
  `order_id` bigint(20) DEFAULT NULL,
  `title` varchar(191) DEFAULT NULL,
  `review_text` mediumtext NOT NULL,
  `review_date` datetime NOT NULL,
  `status` tinyint(1) NOT NULL DEFAULT 1
) ENGINE=InnoDB DEFAULT CHARSET=utf8mb4;

--
-- Dumping data untuk tabel `reviews`
--

INSERT INTO `reviews` (`id`, `user_id`, `order_id`, `title`, `review_text`, `review_date`, `status`) VALUES
(4, 13, 13, 'BRONIS', 'BRONISNYA MANIS SEPERTI SAYA HAHAHAHAH', '2021-06-03 22:59:15', 1);

-- --------------------------------------------------------

--
-- Struktur dari tabel `settings`
--

CREATE TABLE `settings` (
  `id` int(10) NOT NULL,
  `key` varchar(32) NOT NULL,
  `content` text NOT NULL
) ENGINE=InnoDB DEFAULT CHARSET=utf8mb4;

--
-- Dumping data untuk tabel `settings`
--

INSERT INTO `settings` (`id`, `key`, `content`) VALUES
(1, 'current_theme_name', 'vegefoods'),
(2, 'store_name', 'Toko Yul Cake\'s Dessert'),
(3, 'store_phone_number', '085282963015'),
(4, 'store_email', 'Tokodessert21@gmail.com'),
(5, 'store_tagline', 'TOKO OPEN 24 Jam'),
(6, 'store_logo', 'Logo.png'),
(7, 'max_product_image_size', '20000'),
(8, 'store_description', 'Belanja makanan penutup dengan murah, mudah dan cepat'),
(9, 'store_address', ' Serang taktakan jalan perjuangan 1 '),
(10, 'min_shop_to_free_shipping_cost', '20000'),
(11, 'shipping_cost', '14000'),
(12, 'payment_banks', '{\"bank-bca\":{\"bank\":\"BANK BCA\",\"number\":\"123\",\"name\":\"Jastim Biber\"},\"bank-bri\":{\"bank\":\"BANK BRI\",\"number\":\"221\",\"name\":\"REPI REPALDI\"},\"bank-bni\":{\"bank\":\"BANK BNI\",\"number\":\"asd\",\"name\":\"Admin Koramil\"}}');

-- --------------------------------------------------------

--
-- Struktur dari tabel `users`
--

CREATE TABLE `users` (
  `id` bigint(20) UNSIGNED NOT NULL,
  `name` varchar(50) COLLATE utf8mb4_unicode_ci DEFAULT NULL,
  `email` varchar(191) COLLATE utf8mb4_unicode_ci NOT NULL,
  `email_verified_at` timestamp NULL DEFAULT NULL,
  `username` varchar(16) COLLATE utf8mb4_unicode_ci NOT NULL,
  `password` varchar(191) COLLATE utf8mb4_unicode_ci NOT NULL,
  `profile_picture` varchar(128) COLLATE utf8mb4_unicode_ci DEFAULT NULL,
  `role` varchar(32) COLLATE utf8mb4_unicode_ci DEFAULT '0' COMMENT '1 = admin, 2 = customer',
  `register_date` datetime DEFAULT NULL
) ENGINE=InnoDB DEFAULT CHARSET=utf8mb4 COLLATE=utf8mb4_unicode_ci;

--
-- Dumping data untuk tabel `users`
--

INSERT INTO `users` (`id`, `name`, `email`, `email_verified_at`, `username`, `password`, `profile_picture`, `role`, `register_date`) VALUES
(12, 'admin', 'admin123@gmail.com', NULL, 'admin1', '$2y$10$oLI5Tvo5l.EhWu.kbOybSOrhx3x41XbWPIdygeQUGbRmb5T1eYtc2', 'admin1.png', 'admin', '2021-06-03 21:32:50'),
(13, NULL, 'r2.projek.id@gmail.com', NULL, 'TANIA', '$2y$10$X4e67JkuM/GO8gnZqnoo9uzpy.yVO0wNEqvZGtyAUQOdPEk.WlXF.', NULL, 'customer', '2021-06-03 21:45:48'),
(14, NULL, 'iwanriswandi010203@gmail.com', NULL, 'TANIA1', '$2y$10$rpC0uUNs2wQiI4IL0zU12uLC4SpBAe22eZxCZNrw3mLMVhPHD6HIy', NULL, 'customer', '2021-06-03 22:49:49');

--
-- Indexes for dumped tables
--

--
-- Indeks untuk tabel `ci_sessions`
--
ALTER TABLE `ci_sessions`
  ADD KEY `ci_sessions_timestamp` (`timestamp`);

--
-- Indeks untuk tabel `contacts`
--
ALTER TABLE `contacts`
  ADD PRIMARY KEY (`id`),
  ADD KEY `FK_contacts_contacts` (`parent_id`);

--
-- Indeks untuk tabel `coupons`
--
ALTER TABLE `coupons`
  ADD PRIMARY KEY (`id`);

--
-- Indeks untuk tabel `customers`
--
ALTER TABLE `customers`
  ADD PRIMARY KEY (`id`),
  ADD KEY `FK_customers_users` (`user_id`);

--
-- Indeks untuk tabel `orders`
--
ALTER TABLE `orders`
  ADD PRIMARY KEY (`id`),
  ADD KEY `FK_orders_users` (`user_id`),
  ADD KEY `FK_orders_coupons` (`coupon_id`);

--
-- Indeks untuk tabel `order_items`
--
ALTER TABLE `order_items`
  ADD PRIMARY KEY (`id`),
  ADD KEY `order_id` (`order_id`),
  ADD KEY `product_id` (`product_id`);

--
-- Indeks untuk tabel `payments`
--
ALTER TABLE `payments`
  ADD PRIMARY KEY (`id`),
  ADD KEY `order_id` (`order_id`);

--
-- Indeks untuk tabel `products`
--
ALTER TABLE `products`
  ADD PRIMARY KEY (`id`),
  ADD KEY `FK_products_product_category` (`category_id`);

--
-- Indeks untuk tabel `product_category`
--
ALTER TABLE `product_category`
  ADD PRIMARY KEY (`id`);

--
-- Indeks untuk tabel `reviews`
--
ALTER TABLE `reviews`
  ADD PRIMARY KEY (`id`),
  ADD KEY `FK_reviews_users` (`user_id`),
  ADD KEY `FK_reviews_orders` (`order_id`);

--
-- Indeks untuk tabel `settings`
--
ALTER TABLE `settings`
  ADD PRIMARY KEY (`id`) USING BTREE;

--
-- Indeks untuk tabel `users`
--
ALTER TABLE `users`
  ADD PRIMARY KEY (`id`) USING BTREE,
  ADD UNIQUE KEY `users_email_unique` (`email`) USING BTREE;

--
-- AUTO_INCREMENT untuk tabel yang dibuang
--

--
-- AUTO_INCREMENT untuk tabel `contacts`
--
ALTER TABLE `contacts`
  MODIFY `id` int(10) NOT NULL AUTO_INCREMENT, AUTO_INCREMENT=3;

--
-- AUTO_INCREMENT untuk tabel `coupons`
--
ALTER TABLE `coupons`
  MODIFY `id` bigint(20) NOT NULL AUTO_INCREMENT, AUTO_INCREMENT=7;

--
-- AUTO_INCREMENT untuk tabel `customers`
--
ALTER TABLE `customers`
  MODIFY `id` bigint(20) NOT NULL AUTO_INCREMENT, AUTO_INCREMENT=13;

--
-- AUTO_INCREMENT untuk tabel `orders`
--
ALTER TABLE `orders`
  MODIFY `id` bigint(20) NOT NULL AUTO_INCREMENT, AUTO_INCREMENT=15;

--
-- AUTO_INCREMENT untuk tabel `order_items`
--
ALTER TABLE `order_items`
  MODIFY `id` bigint(20) NOT NULL AUTO_INCREMENT, AUTO_INCREMENT=25;

--
-- AUTO_INCREMENT untuk tabel `payments`
--
ALTER TABLE `payments`
  MODIFY `id` bigint(20) NOT NULL AUTO_INCREMENT, AUTO_INCREMENT=10;

--
-- AUTO_INCREMENT untuk tabel `products`
--
ALTER TABLE `products`
  MODIFY `id` bigint(20) NOT NULL AUTO_INCREMENT, AUTO_INCREMENT=24;

--
-- AUTO_INCREMENT untuk tabel `product_category`
--
ALTER TABLE `product_category`
  MODIFY `id` int(10) NOT NULL AUTO_INCREMENT, AUTO_INCREMENT=13;

--
-- AUTO_INCREMENT untuk tabel `reviews`
--
ALTER TABLE `reviews`
  MODIFY `id` bigint(20) NOT NULL AUTO_INCREMENT, AUTO_INCREMENT=5;

--
-- AUTO_INCREMENT untuk tabel `settings`
--
ALTER TABLE `settings`
  MODIFY `id` int(10) NOT NULL AUTO_INCREMENT, AUTO_INCREMENT=13;

--
-- AUTO_INCREMENT untuk tabel `users`
--
ALTER TABLE `users`
  MODIFY `id` bigint(20) UNSIGNED NOT NULL AUTO_INCREMENT, AUTO_INCREMENT=15;

--
-- Ketidakleluasaan untuk tabel pelimpahan (Dumped Tables)
--

--
-- Ketidakleluasaan untuk tabel `contacts`
--
ALTER TABLE `contacts`
  ADD CONSTRAINT `FK_contacts_contacts` FOREIGN KEY (`parent_id`) REFERENCES `contacts` (`id`) ON DELETE CASCADE ON UPDATE NO ACTION;

--
-- Ketidakleluasaan untuk tabel `customers`
--
ALTER TABLE `customers`
  ADD CONSTRAINT `FK_customers_users` FOREIGN KEY (`user_id`) REFERENCES `users` (`id`) ON DELETE NO ACTION ON UPDATE CASCADE;

--
-- Ketidakleluasaan untuk tabel `orders`
--
ALTER TABLE `orders`
  ADD CONSTRAINT `FK_orders_coupons` FOREIGN KEY (`coupon_id`) REFERENCES `coupons` (`id`) ON DELETE SET NULL ON UPDATE CASCADE,
  ADD CONSTRAINT `FK_orders_users` FOREIGN KEY (`user_id`) REFERENCES `users` (`id`) ON DELETE NO ACTION ON UPDATE CASCADE;

--
-- Ketidakleluasaan untuk tabel `order_items`
--
ALTER TABLE `order_items`
  ADD CONSTRAINT `order_items_ibfk_1` FOREIGN KEY (`order_id`) REFERENCES `orders` (`id`) ON DELETE CASCADE ON UPDATE NO ACTION,
  ADD CONSTRAINT `order_items_ibfk_2` FOREIGN KEY (`product_id`) REFERENCES `products` (`id`) ON DELETE CASCADE ON UPDATE NO ACTION;
COMMIT;

/*!40101 SET CHARACTER_SET_CLIENT=@OLD_CHARACTER_SET_CLIENT */;
/*!40101 SET CHARACTER_SET_RESULTS=@OLD_CHARACTER_SET_RESULTS */;
/*!40101 SET COLLATION_CONNECTION=@OLD_COLLATION_CONNECTION */;
